split,pair_id,good_sentence,bad_sentence,good_doc_id,bad_doc_id,good_input_file,bad_input_file,good_output_file,bad_output_file,good_seq_logprob,bad_seq_logprob,good_num_tokens,bad_num_tokens
regular_plural_subject_verb_agreement_1,493,Many documentaries were stunning Maria.,Many documentaries was stunning Maria.,regular_plural_subject_verb_agreement_1_good_493,regular_plural_subject_verb_agreement_1_bad_493,longformer-515_519.parquet,longformer-515_519.parquet,pythia-160m-step256-400_599.parquet,pythia-160m-step256-400_599.parquet,-53.26362609863281,-51.636253356933594,6,6
wh_vs_that_no_gap_long_distance,640,Tiffany discovered that the man that hasn't questioned a lot of guys had upset Jessica.,Tiffany discovered who the man that hasn't questioned a lot of guys had upset Jessica.,wh_vs_that_no_gap_long_distance_good_640,wh_vs_that_no_gap_long_distance_bad_640,longformer-1275_1279.parquet,longformer-1270_1274.parquet,pythia-160m-step256-1200_1399.parquet,pythia-160m-step256-1200_1399.parquet,-114.03107452392578,-118.59342956542969,17,17
wh_vs_that_with_gap,650,Regina hasn't known what these children haven't looked like.,Regina hasn't known that these children haven't looked like.,wh_vs_that_with_gap_good_650,wh_vs_that_with_gap_bad_650,longformer-1055_1059.parquet,longformer-1065_1069.parquet,pythia-160m-step256-1000_1199.parquet,pythia-160m-step256-1000_1199.parquet,-74.22014617919922,-71.37554931640625,12,12
coordinate_structure_constraint_complex_left_branch,75,Whose libraries can Paula clean and Diane mess up?,Whose can Paula clean libraries and Diane mess up?,coordinate_structure_constraint_complex_left_branch_good_75,coordinate_structure_constraint_complex_left_branch_bad_75,longformer-865_869.parquet,longformer-865_869.parquet,pythia-160m-step256-800_999.parquet,pythia-160m-step256-800_999.parquet,-90.05571746826172,-91.08072662353516,10,10
existential_there_quantifiers_1,234,There were many computers dropping.,There were all computers dropping.,existential_there_quantifiers_1_good_234,existential_there_quantifiers_1_bad_234,longformer-400_404.parquet,longformer-385_389.parquet,pythia-160m-step256-400_599.parquet,pythia-160m-step256-200_399.parquet,-41.273162841796875,-39.04359436035156,6,6
sentential_negation_npi_licensor_present,515,All shoes had not ever flattened.,All shoes had really ever flattened.,sentential_negation_npi_licensor_present_good_515,sentential_negation_npi_licensor_present_bad_515,longformer-345_349.parquet,longformer-465_469.parquet,pythia-160m-step256-200_399.parquet,pythia-160m-step256-400_599.parquet,-48.072296142578125,-49.386451721191406,7,7
irregular_plural_subject_verb_agreement_1,312,Those oxen aren't boring Cheryl.,Those oxen wasn't boring Cheryl.,irregular_plural_subject_verb_agreement_1_good_312,irregular_plural_subject_verb_agreement_1_bad_312,longformer-290_294.parquet,longformer-280_284.parquet,pythia-160m-step256-200_399.parquet,pythia-160m-step256-200_399.parquet,-65.87157440185547,-63.6105842590332,7,7
wh_vs_that_no_gap_long_distance,642,That teenager realized that a child that has appeared bikes to this museum.,That teenager realized what a child that has appeared bikes to this museum.,wh_vs_that_no_gap_long_distance_good_642,wh_vs_that_no_gap_long_distance_bad_642,longformer-1200_1204.parquet,longformer-1215_1219.parquet,pythia-160m-step256-1200_1399.parquet,pythia-160m-step256-1200_1399.parquet,-87.15895080566406,-91.9352798461914,14,14
wh_vs_that_no_gap,632,Brad learned that those schools haven't talked about that waiter.,Brad learned who those schools haven't talked about that waiter.,wh_vs_that_no_gap_good_632,wh_vs_that_no_gap_bad_632,longformer-1115_1119.parquet,longformer-1105_1109.parquet,pythia-160m-step256-1000_1199.parquet,pythia-160m-step256-1000_1199.parquet,-69.34554290771484,-74.91969299316406,12,12
animate_subject_passive,34,Wayne wasn't hidden by some drivers.,Wayne wasn't hidden by some sheep.,animate_subject_passive_good_34,animate_subject_passive_bad_34,longformer-460_464.parquet,longformer-360_364.parquet,pythia-160m-step256-400_599.parquet,pythia-160m-step256-200_399.parquet,-52.697296142578125,-53.48748016357422,8,8
anaphor_number_agreement,25,All drivers would praise themselves.,All drivers would praise herself.,anaphor_number_agreement_good_25,anaphor_number_agreement_bad_25,longformer-445_449.parquet,longformer-340_344.parquet,pythia-160m-step256-400_599.parquet,pythia-160m-step256-200_399.parquet,-38.11363220214844,-38.984622955322266,6,6
drop_argument,193,Tanya runs around.,Tanya lifted.,drop_argument_good_193,drop_argument_bad_193,longformer-25_29.parquet,longformer-0_4.parquet,pythia-160m-step256-0_199.parquet,pythia-160m-step256-0_199.parquet,-32.152198791503906,-26.3247127532959,4,3
irregular_plural_subject_verb_agreement_2,321,The men weren't bringing the hospitals.,The man weren't bringing the hospitals.,irregular_plural_subject_verb_agreement_2_good_321,irregular_plural_subject_verb_agreement_2_bad_321,longformer-540_544.parquet,longformer-545_549.parquet,pythia-160m-step256-400_599.parquet,pythia-160m-step256-400_599.parquet,-47.27717590332031,-46.6936149597168,8,8
irregular_plural_subject_verb_agreement_1,317,The fungus bores Bethany.,The fungus bore Bethany.,irregular_plural_subject_verb_agreement_1_good_317,irregular_plural_subject_verb_agreement_1_bad_317,longformer-110_114.parquet,longformer-85_89.parquet,pythia-160m-step256-0_199.parquet,pythia-160m-step256-0_199.parquet,-57.12336349487305,-50.20908737182617,5,5
determiner_noun_agreement_1,93,Some waiters have known those guests.,Some waiters have known those guest.,determiner_noun_agreement_1_good_93,determiner_noun_agreement_1_bad_93,longformer-475_479.parquet,longformer-460_464.parquet,pythia-160m-step256-400_599.parquet,pythia-160m-step256-400_599.parquet,-50.68360900878906,-51.51723861694336,7,7
superlative_quantifiers_1,542,No plane did impress more than nine schools.,No plane did impress at least nine schools.,superlative_quantifiers_1_good_542,superlative_quantifiers_1_bad_542,longformer-685_689.parquet,longformer-660_664.parquet,pythia-160m-step256-600_799.parquet,pythia-160m-step256-600_799.parquet,-59.23949432373047,-60.760894775390625,9,9
tough_vs_raising_2,575,Janet was unlikely to leave this lake.,Janet was irritating to leave this lake.,tough_vs_raising_2_good_575,tough_vs_raising_2_bad_575,longformer-495_499.parquet,longformer-595_599.parquet,pythia-160m-step256-400_599.parquet,pythia-160m-step256-400_599.parquet,-47.228240966796875,-56.08794403076172,8,8
passive_1,406,Adam's girlfriend wasn't attacked by Kenneth's best friend.,Adam's girlfriend wasn't shouted by Kenneth's best friend.,passive_1_good_406,passive_1_bad_406,longformer-1040_1044.parquet,longformer-1030_1034.parquet,pythia-160m-step256-1000_1199.parquet,pythia-160m-step256-1000_1199.parquet,-72.13472747802734,-73.7510986328125,12,12
coordinate_structure_constraint_complex_left_branch,76,Which banks was James boycotting and Jill appreciating?,Which was James boycotting banks and Jill appreciating?,coordinate_structure_constraint_complex_left_branch_good_76,coordinate_structure_constraint_complex_left_branch_bad_76,longformer-980_984.parquet,longformer-985_989.parquet,pythia-160m-step256-800_999.parquet,pythia-160m-step256-800_999.parquet,-102.1194839477539,-101.23825073242188,9,9
inchoative,275,Some light has dimmed.,Some light has lifted.,inchoative_good_275,inchoative_bad_275,longformer-55_59.parquet,longformer-55_59.parquet,pythia-160m-step256-0_199.parquet,pythia-160m-step256-0_199.parquet,-38.42079162597656,-28.84466552734375,5,5
regular_plural_subject_verb_agreement_2,503,The bird worries Sharon.,The birds worries Sharon.,regular_plural_subject_verb_agreement_2_good_503,regular_plural_subject_verb_agreement_2_bad_503,longformer-90_94.parquet,longformer-110_114.parquet,pythia-160m-step256-0_199.parquet,pythia-160m-step256-0_199.parquet,-40.017494201660156,-40.84565734863281,5,5
determiner_noun_agreement_1,91,Thomas can boycott these committees.,Thomas can boycott these committee.,determiner_noun_agreement_1_good_91,determiner_noun_agreement_1_bad_91,longformer-460_464.parquet,longformer-400_404.parquet,pythia-160m-step256-400_599.parquet,pythia-160m-step256-400_599.parquet,-41.25450897216797,-39.75371551513672,6,6
only_npi_scope,396,Only Holly's grandfather who the forks upset ever examines this commentary.,Holly's grandfather who only the forks upset ever examines this commentary.,only_npi_scope_good_396,only_npi_scope_bad_396,longformer-1205_1209.parquet,longformer-1215_1219.parquet,pythia-160m-step256-1200_1399.parquet,pythia-160m-step256-1200_1399.parquet,-111.64678192138672,-112.91720581054688,13,13
irregular_past_participle_adjectives,291,The hidden cars are important.,The hid cars are important.,irregular_past_participle_adjectives_good_291,irregular_past_participle_adjectives_bad_291,longformer-235_239.parquet,longformer-135_139.parquet,pythia-160m-step256-200_399.parquet,pythia-160m-step256-0_199.parquet,-35.286338806152344,-38.15290069580078,6,6
principle_A_case_1,439,Kayla thinks that she might drive to this mountain.,Kayla thinks that herself might drive to this mountain.,principle_A_case_1_good_439,principle_A_case_1_bad_439,longformer-890_894.parquet,longformer-990_994.parquet,pythia-160m-step256-800_999.parquet,pythia-160m-step256-800_999.parquet,-62.82699203491211,-70.20210266113281,10,10
npi_present_2,379,The Lutherans also salute.,The Lutherans ever salute.,npi_present_2_good_379,npi_present_2_bad_379,longformer-120_124.parquet,longformer-130_134.parquet,pythia-160m-step256-0_199.parquet,pythia-160m-step256-0_199.parquet,-51.458251953125,-52.5516357421875,5,5
complex_NP_island,62,Who aren't Jerry's partners that would argue about a lot of boys visiting?,Who aren't a lot of boys visiting Jerry's partners that would argue about?,complex_NP_island_good_62,complex_NP_island_bad_62,longformer-1195_1199.parquet,longformer-1195_1199.parquet,pythia-160m-step256-1000_1199.parquet,pythia-160m-step256-1000_1199.parquet,-97.7420425415039,-99.8160400390625,16,16
wh_questions_subject_gap,612,Every teacher forgot a child that hid most cups.,Every teacher forgot what a child hid most cups.,wh_questions_subject_gap_good_612,wh_questions_subject_gap_bad_612,longformer-795_799.parquet,longformer-815_819.parquet,pythia-160m-step256-800_999.parquet,pythia-160m-step256-600_799.parquet,-71.52536010742188,-73.06637573242188,10,10
wh_vs_that_with_gap_long_distance,667,Those museums discover what most tomatoes that baked look like.,Those museums discover that most tomatoes that baked look like.,wh_vs_that_with_gap_long_distance_good_667,wh_vs_that_with_gap_long_distance_bad_667,longformer-1090_1094.parquet,longformer-1095_1099.parquet,pythia-160m-step256-1000_1199.parquet,pythia-160m-step256-1000_1199.parquet,-85.48554229736328,-80.45951843261719,11,11
determiner_noun_agreement_1,98,Benjamin isn't praising these cashiers.,Benjamin isn't praising these cashier.,determiner_noun_agreement_1_good_98,determiner_noun_agreement_1_bad_98,longformer-520_524.parquet,longformer-515_519.parquet,pythia-160m-step256-400_599.parquet,pythia-160m-step256-400_599.parquet,-74.25601196289062,-73.10047912597656,7,7
sentential_subject_island,534,Who have a lot of associations' astounding Rebecca disturbed.,Who have a lot of associations' astounding disturbed Rebecca.,sentential_subject_island_good_534,sentential_subject_island_bad_534,longformer-1070_1074.parquet,longformer-1080_1084.parquet,pythia-160m-step256-1000_1199.parquet,pythia-160m-step256-1000_1199.parquet,-81.48580169677734,-83.63052368164062,11,11
npi_present_2,375,Natalie has really forgotten about who has read.,Natalie has ever forgotten about who has read.,npi_present_2_good_375,npi_present_2_bad_375,longformer-805_809.parquet,longformer-750_754.parquet,pythia-160m-step256-800_999.parquet,pythia-160m-step256-600_799.parquet,-72.04740142822266,-72.78368377685547,9,9
irregular_past_participle_adjectives,293,The broken carriages were bad.,The broke carriages were bad.,irregular_past_participle_adjectives_good_293,irregular_past_participle_adjectives_bad_293,longformer-240_244.parquet,longformer-195_199.parquet,pythia-160m-step256-200_399.parquet,pythia-160m-step256-0_199.parquet,-50.55697250366211,-50.252708435058594,6,6
coordinate_structure_constraint_object_extraction,86,Who could Derek and Nina observe?,Who can Derek observe and Nina?,coordinate_structure_constraint_object_extraction_good_86,coordinate_structure_constraint_object_extraction_bad_86,longformer-325_329.parquet,longformer-255_259.parquet,pythia-160m-step256-200_399.parquet,pythia-160m-step256-200_399.parquet,-57.12066650390625,-52.02729034423828,7,7
wh_questions_object_gap,606,The Lutherans knew a lot of actresses that the patients had aggravated.,The Lutherans knew who the patients had aggravated a lot of actresses.,wh_questions_object_gap_good_606,wh_questions_object_gap_bad_606,longformer-1170_1174.parquet,longformer-1160_1164.parquet,pythia-160m-step256-1000_1199.parquet,pythia-160m-step256-1000_1199.parquet,-89.10444641113281,-91.34107208251953,13,13
expletive_it_object_raising,261,The Clintons predict it to be worth mentioning that David might argue.,The Clintons can persuade it to be worth mentioning that David might argue.,expletive_it_object_raising_good_261,expletive_it_object_raising_bad_261,longformer-1165_1169.parquet,longformer-1210_1214.parquet,pythia-160m-step256-1000_1199.parquet,pythia-160m-step256-1200_1399.parquet,-94.74471282958984,-98.15889739990234,13,14
irregular_plural_subject_verb_agreement_2,328,The feet aren't falling.,The foot aren't falling.,irregular_plural_subject_verb_agreement_2_good_328,irregular_plural_subject_verb_agreement_2_bad_328,longformer-75_79.parquet,longformer-85_89.parquet,pythia-160m-step256-0_199.parquet,pythia-160m-step256-0_199.parquet,-36.7299690246582,-36.406105041503906,6,6
anaphor_gender_agreement,12,Martin admires himself.,Martin admires herself.,anaphor_gender_agreement_good_12,anaphor_gender_agreement_bad_12,longformer-60_64.parquet,longformer-60_64.parquet,pythia-160m-step256-0_199.parquet,pythia-160m-step256-0_199.parquet,-32.54136657714844,-33.44400405883789,4,4
determiner_noun_agreement_irregular_2,126,Most teachers escape from these men.,Most teachers escape from this men.,determiner_noun_agreement_irregular_2_good_126,determiner_noun_agreement_irregular_2_bad_126,longformer-445_449.parquet,longformer-410_414.parquet,pythia-160m-step256-400_599.parquet,pythia-160m-step256-400_599.parquet,-41.296958923339844,-41.94420623779297,7,7
determiner_noun_agreement_with_adjective_1,163,Some adults care for this serious guy.,Some adults care for this serious guys.,determiner_noun_agreement_with_adjective_1_good_163,determiner_noun_agreement_with_adjective_1_bad_163,longformer-490_494.parquet,longformer-530_534.parquet,pythia-160m-step256-400_599.parquet,pythia-160m-step256-400_599.parquet,-50.18804168701172,-49.57860565185547,8,8
irregular_plural_subject_verb_agreement_1,310,Some oasis alarms Brett.,Some oasis alarm Brett.,irregular_plural_subject_verb_agreement_1_good_310,irregular_plural_subject_verb_agreement_1_bad_310,longformer-85_89.parquet,longformer-70_74.parquet,pythia-160m-step256-0_199.parquet,pythia-160m-step256-0_199.parquet,-48.913612365722656,-47.511924743652344,5,5
principle_A_domain_2,461,Many teenagers explain Valerie reveals herself.,Many teenagers explain Valerie reveals themselves.,principle_A_domain_2_good_461,principle_A_domain_2_bad_461,longformer-785_789.parquet,longformer-880_884.parquet,pythia-160m-step256-600_799.parquet,pythia-160m-step256-800_999.parquet,-68.42784118652344,-68.08718872070312,7,7
tough_vs_raising_1,563,Kenneth wasn't fun to cure.,Kenneth wasn't likely to cure.,tough_vs_raising_1_good_563,tough_vs_raising_1_bad_563,longformer-145_149.parquet,longformer-245_249.parquet,pythia-160m-step256-0_199.parquet,pythia-160m-step256-200_399.parquet,-45.70002746582031,-43.17002487182617,7,7
determiner_noun_agreement_irregular_1,119,Carrie had aggravated those alumni.,Carrie had aggravated those alumnus.,determiner_noun_agreement_irregular_1_good_119,determiner_noun_agreement_irregular_1_bad_119,longformer-430_434.parquet,longformer-440_444.parquet,pythia-160m-step256-400_599.parquet,pythia-160m-step256-400_599.parquet,-51.5398063659668,-67.64922332763672,6,6
distractor_agreement_relational_noun,174,The mother of those dancers has researched those documentaries.,The mother of those dancers have researched those documentaries.,distractor_agreement_relational_noun_good_174,distractor_agreement_relational_noun_bad_174,longformer-1090_1094.parquet,longformer-1105_1109.parquet,pythia-160m-step256-1000_1199.parquet,pythia-160m-step256-1000_1199.parquet,-79.21687316894531,-79.24264526367188,10,10
superlative_quantifiers_1,549,No senator drops by more than four grocery stores.,No senator drops by at least four grocery stores.,superlative_quantifiers_1_good_549,superlative_quantifiers_1_bad_549,longformer-850_854.parquet,longformer-825_829.parquet,pythia-160m-step256-800_999.parquet,pythia-160m-step256-800_999.parquet,-67.95909881591797,-70.56363677978516,10,10
only_npi_licensor_present,380,Only Carol ever argued about Brad.,Even Carol ever argued about Brad.,only_npi_licensor_present_good_380,only_npi_licensor_present_bad_380,longformer-375_379.parquet,longformer-385_389.parquet,pythia-160m-step256-200_399.parquet,pythia-160m-step256-200_399.parquet,-52.50596618652344,-51.77295684814453,7,7
distractor_agreement_relative_clause,181,All teachers that helped Jason disturb Regina.,All teachers that helped Jason disturbs Regina.,distractor_agreement_relative_clause_good_181,distractor_agreement_relative_clause_bad_181,longformer-755_759.parquet,longformer-775_779.parquet,pythia-160m-step256-600_799.parquet,pythia-160m-step256-600_799.parquet,-70.54051208496094,-80.57176208496094,8,8
distractor_agreement_relational_noun,172,The print of many doctors hasn't upset Wendy.,The print of many doctors haven't upset Wendy.,distractor_agreement_relational_noun_good_172,distractor_agreement_relational_noun_bad_172,longformer-705_709.parquet,longformer-740_744.parquet,pythia-160m-step256-600_799.parquet,pythia-160m-step256-600_799.parquet,-71.82938385009766,-72.61688995361328,10,10
existential_there_object_raising,227,An adult is declaring there to be a rug vanishing.,An adult is badgering there to be a rug vanishing.,existential_there_object_raising_good_227,existential_there_object_raising_bad_227,longformer-870_874.parquet,longformer-855_859.parquet,pythia-160m-step256-800_999.parquet,pythia-160m-step256-800_999.parquet,-71.19664764404297,-88.00611114501953,11,11
complex_NP_island,66,Who won't Ruth's girlfriend that does disagree with Brian's friend appreciate?,Who won't Brian's friend appreciate Ruth's girlfriend that does disagree with?,complex_NP_island_good_66,complex_NP_island_bad_66,longformer-1230_1234.parquet,longformer-1230_1234.parquet,pythia-160m-step256-1200_1399.parquet,pythia-160m-step256-1200_1399.parquet,-101.09923553466797,-102.19365692138672,15,15
drop_argument,194,William wasn't helping.,William wasn't boasting about.,drop_argument_good_194,drop_argument_bad_194,longformer-70_74.parquet,longformer-245_249.parquet,pythia-160m-step256-0_199.parquet,pythia-160m-step256-200_399.parquet,-25.743864059448242,-44.87152099609375,5,6
principle_A_domain_1,459,Lucille imagined that rice was impressing her.,Lucille imagined that rice was impressing herself.,principle_A_domain_1_good_459,principle_A_domain_1_bad_459,longformer-760_764.parquet,longformer-870_874.parquet,pythia-160m-step256-600_799.parquet,pythia-160m-step256-800_999.parquet,-70.49527740478516,-74.20976257324219,8,8
only_npi_scope,397,Only Samuel's dentists who the broccoli shocks ever like to speak up.,Samuel's dentists who only the broccoli shocks ever like to speak up.,only_npi_scope_good_397,only_npi_scope_bad_397,longformer-1155_1159.parquet,longformer-1150_1154.parquet,pythia-160m-step256-1000_1199.parquet,pythia-160m-step256-1000_1199.parquet,-113.88618469238281,-119.45561981201172,14,14
principle_A_domain_3,477,Kathleen imagines Benjamin shouldn't admire himself.,Benjamin imagines Kathleen shouldn't admire himself.,principle_A_domain_3_good_477,principle_A_domain_3_bad_477,longformer-905_909.parquet,longformer-905_909.parquet,pythia-160m-step256-800_999.parquet,pythia-160m-step256-800_999.parquet,-83.4022216796875,-78.56967163085938,8,8
principle_A_c_command,421,Many essays that bore Michelle scared themselves.,Many essays that bore Michelle scared herself.,principle_A_c_command_good_421,principle_A_c_command_bad_421,longformer-840_844.parquet,longformer-750_754.parquet,pythia-160m-step256-800_999.parquet,pythia-160m-step256-600_799.parquet,-65.23184967041016,-65.99868774414062,8,8
complex_NP_island,61,Who isn't the nephew of Ella that praises Mitchell curing?,Who isn't Mitchell curing the nephew of Ella that praises?,complex_NP_island_good_61,complex_NP_island_bad_61,longformer-1020_1024.parquet,longformer-1030_1034.parquet,pythia-160m-step256-1000_1199.parquet,pythia-160m-step256-1000_1199.parquet,-102.74555206298828,-100.113525390625,12,12
npi_present_2,374,Catherine has also refused to swallow.,Catherine has ever refused to swallow.,npi_present_2_good_374,npi_present_2_bad_374,longformer-505_509.parquet,longformer-495_499.parquet,pythia-160m-step256-400_599.parquet,pythia-160m-step256-400_599.parquet,-49.68022918701172,-51.906890869140625,7,7
wh_vs_that_no_gap_long_distance,647,These women forget that boys that embarrasses Christine forget Monica.,These women forget who boys that embarrasses Christine forget Monica.,wh_vs_that_no_gap_long_distance_good_647,wh_vs_that_no_gap_long_distance_bad_647,longformer-1165_1169.parquet,longformer-1150_1154.parquet,pythia-160m-step256-1000_1199.parquet,pythia-160m-step256-1000_1199.parquet,-98.43256378173828,-102.980224609375,11,11
wh_vs_that_with_gap,658,Derek is figuring out what an alumnus walks through.,Derek is figuring out that an alumnus walks through.,wh_vs_that_with_gap_good_658,wh_vs_that_with_gap_bad_658,longformer-915_919.parquet,longformer-920_924.parquet,pythia-160m-step256-800_999.parquet,pythia-160m-step256-800_999.parquet,-97.38591003417969,-96.48029327392578,10,10
npi_present_1,364,Even David had often talked.,Even David had ever talked.,npi_present_1_good_364,npi_present_1_bad_364,longformer-175_179.parquet,longformer-150_154.parquet,pythia-160m-step256-0_199.parquet,pythia-160m-step256-0_199.parquet,-38.23615264892578,-36.292667388916016,6,6
causative,52,Carl has turned that carriage.,Carl has vanished that carriage.,causative_good_52,causative_bad_52,longformer-230_234.parquet,longformer-305_309.parquet,pythia-160m-step256-200_399.parquet,pythia-160m-step256-200_399.parquet,-33.96456527709961,-40.12974166870117,6,6
ellipsis_n_bar_2,211,A picture does look like four shawls and the photographs of Douglas couldn't look like five red shawls.,A picture does look like four blue shawls and the photographs of Douglas couldn't look like five red.,ellipsis_n_bar_2_good_211,ellipsis_n_bar_2_bad_211,longformer-1320_1324.parquet,longformer-1315_1319.parquet,pythia-160m-step256-1200_1399.parquet,pythia-160m-step256-1200_1399.parquet,-155.43833923339844,-140.05447387695312,20,20
wh_vs_that_with_gap,659,Alexander wasn't revealing what girls hadn't worn.,Alexander wasn't revealing that girls hadn't worn.,wh_vs_that_with_gap_good_659,wh_vs_that_with_gap_bad_659,longformer-880_884.parquet,longformer-875_879.parquet,pythia-160m-step256-800_999.parquet,pythia-160m-step256-800_999.parquet,-63.08863067626953,-60.52760314941406,10,10
determiner_noun_agreement_with_adjective_1,161,The rug had irritated those small banks.,The rug had irritated those small bank.,determiner_noun_agreement_with_adjective_1_good_161,determiner_noun_agreement_with_adjective_1_bad_161,longformer-565_569.parquet,longformer-520_524.parquet,pythia-160m-step256-400_599.parquet,pythia-160m-step256-400_599.parquet,-65.44506072998047,-64.58293151855469,8,8
principle_A_c_command,422,The senators that had hugged Deanna cured themselves.,The senators that had hugged Deanna cured herself.,principle_A_c_command_good_422,principle_A_c_command_bad_422,longformer-925_929.parquet,longformer-860_864.parquet,pythia-160m-step256-800_999.parquet,pythia-160m-step256-800_999.parquet,-78.05921936035156,-79.80752563476562,9,9
animate_subject_trans,40,Every man had cured all teachers.,This skateboard had cured all teachers.,animate_subject_trans_good_40,animate_subject_trans_bad_40,longformer-345_349.parquet,longformer-550_554.parquet,pythia-160m-step256-200_399.parquet,pythia-160m-step256-400_599.parquet,-45.65961837768555,-60.8713264465332,7,7
passive_2,419,Renee's employees are referenced.,Renee's employees are profited.,passive_2_good_419,passive_2_bad_419,longformer-360_364.parquet,longformer-260_264.parquet,pythia-160m-step256-200_399.parquet,pythia-160m-step256-200_399.parquet,-48.90399932861328,-57.67564392089844,6,6
animate_subject_trans,44,Cynthia had all stairs.,Politics had all stairs.,animate_subject_trans_good_44,animate_subject_trans_bad_44,longformer-60_64.parquet,longformer-75_79.parquet,pythia-160m-step256-0_199.parquet,pythia-160m-step256-0_199.parquet,-50.13686752319336,-35.17369079589844,5,5
animate_subject_trans,48,The libraries weren't referencing Bethany.,Those steps weren't referencing Bethany.,animate_subject_trans_good_48,animate_subject_trans_bad_48,longformer-640_644.parquet,longformer-580_584.parquet,pythia-160m-step256-600_799.parquet,pythia-160m-step256-400_599.parquet,-60.64176940917969,-58.279624938964844,7,7
ellipsis_n_bar_2,214,A lot of students research one organization and all doctors research more popular organization.,A lot of students research one good organization and all doctors research more popular.,ellipsis_n_bar_2_good_214,ellipsis_n_bar_2_bad_214,longformer-1305_1309.parquet,longformer-1280_1284.parquet,pythia-160m-step256-1200_1399.parquet,pythia-160m-step256-1200_1399.parquet,-102.02522277832031,-102.5111083984375,15,15
adjunct_island,8,What does Beth scan without discussing the newspaper article?,What does Beth scan the newspaper article without discussing?,adjunct_island_good_8,adjunct_island_bad_8,longformer-1070_1074.parquet,longformer-1075_1079.parquet,pythia-160m-step256-1000_1199.parquet,pythia-160m-step256-1000_1199.parquet,-73.05068969726562,-76.29612731933594,10,10
existential_there_quantifiers_1,238,There wasn't a cucumber going bad.,There wasn't each cucumber going bad.,existential_there_quantifiers_1_good_238,existential_there_quantifiers_1_bad_238,longformer-375_379.parquet,longformer-480_484.parquet,pythia-160m-step256-200_399.parquet,pythia-160m-step256-400_599.parquet,-58.35993957519531,-63.17411804199219,8,8
tough_vs_raising_1,568,Anne wasn't enjoyable to conceal.,Anne wasn't certain to conceal.,tough_vs_raising_1_good_568,tough_vs_raising_1_bad_568,longformer-320_324.parquet,longformer-255_259.parquet,pythia-160m-step256-200_399.parquet,pythia-160m-step256-200_399.parquet,-40.76353454589844,-40.161590576171875,7,7
superlative_quantifiers_1,548,No company might dislike more than ten books.,No company might dislike at least ten books.,superlative_quantifiers_1_good_548,superlative_quantifiers_1_bad_548,longformer-710_714.parquet,longformer-695_699.parquet,pythia-160m-step256-600_799.parquet,pythia-160m-step256-600_799.parquet,-54.97394561767578,-59.05644226074219,9,9
determiner_noun_agreement_with_adj_2,133,Katherine might attack these unemployed waitresses.,Katherine might attack this unemployed waitresses.,determiner_noun_agreement_with_adj_2_good_133,determiner_noun_agreement_with_adj_2_bad_133,longformer-890_894.parquet,longformer-865_869.parquet,pythia-160m-step256-800_999.parquet,pythia-160m-step256-800_999.parquet,-77.00214385986328,-77.15684509277344,7,7
intransitive,287,A lot of boys can cook.,A lot of boys can find.,intransitive_good_287,intransitive_bad_287,longformer-65_69.parquet,longformer-70_74.parquet,pythia-160m-step256-0_199.parquet,pythia-160m-step256-0_199.parquet,-41.9267578125,-38.86175537109375,7,7
irregular_past_participle_verbs,303,Melissa ate.,Melissa eaten.,irregular_past_participle_verbs_good_303,irregular_past_participle_verbs_bad_303,longformer-0_4.parquet,longformer-5_9.parquet,pythia-160m-step256-0_199.parquet,pythia-160m-step256-0_199.parquet,-27.53585433959961,-27.987592697143555,3,3
complex_NP_island,68,Who was some guy that is referencing Barbara's son talking to?,Who was Barbara's son talking to some guy that is referencing?,complex_NP_island_good_68,complex_NP_island_bad_68,longformer-1080_1084.parquet,longformer-1085_1089.parquet,pythia-160m-step256-1000_1199.parquet,pythia-160m-step256-1000_1199.parquet,-87.89445495605469,-83.9636459350586,13,13
wh_questions_object_gap,608,Tonya researched some books that Kevin does find.,Tonya researched what Kevin does find some books.,wh_questions_object_gap_good_608,wh_questions_object_gap_bad_608,longformer-840_844.parquet,longformer-830_834.parquet,pythia-160m-step256-800_999.parquet,pythia-160m-step256-800_999.parquet,-69.98589324951172,-68.95347595214844,9,9
regular_plural_subject_verb_agreement_1,491,Carlos has talked about Anna.,Carlos have talked about Anna.,regular_plural_subject_verb_agreement_1_good_491,regular_plural_subject_verb_agreement_1_bad_491,longformer-220_224.parquet,longformer-235_239.parquet,pythia-160m-step256-200_399.parquet,pythia-160m-step256-200_399.parquet,-40.558326721191406,-41.16579818725586,6,6
determiner_noun_agreement_irregular_2,120,Colleen wasn't returning to this woman.,Colleen wasn't returning to these woman.,determiner_noun_agreement_irregular_2_good_120,determiner_noun_agreement_irregular_2_bad_120,longformer-525_529.parquet,longformer-580_584.parquet,pythia-160m-step256-400_599.parquet,pythia-160m-step256-400_599.parquet,-54.02683639526367,-56.527889251708984,8,8
irregular_plural_subject_verb_agreement_1,314,The synthesis astounds Tiffany.,The synthesis astound Tiffany.,irregular_plural_subject_verb_agreement_1_good_314,irregular_plural_subject_verb_agreement_1_bad_314,longformer-265_269.parquet,longformer-235_239.parquet,pythia-160m-step256-200_399.parquet,pythia-160m-step256-200_399.parquet,-55.195159912109375,-54.13401412963867,5,5
npi_present_1,367,Even a lot of teenagers certainly see.,Even a lot of teenagers ever see.,npi_present_1_good_367,npi_present_1_bad_367,longformer-490_494.parquet,longformer-330_334.parquet,pythia-160m-step256-400_599.parquet,pythia-160m-step256-200_399.parquet,-47.19293975830078,-46.34714126586914,8,8
determiner_noun_agreement_2,100,Stacey hasn't escaped from these teachers.,Stacey hasn't escaped from this teachers.,determiner_noun_agreement_2_good_100,determiner_noun_agreement_2_bad_100,longformer-655_659.parquet,longformer-600_604.parquet,pythia-160m-step256-600_799.parquet,pythia-160m-step256-600_799.parquet,-58.306060791015625,-58.928958892822266,8,8
principle_A_case_2,444,David thinks about himself questioning Amelia.,David thinks about himself questions Amelia.,principle_A_case_2_good_444,principle_A_case_2_bad_444,longformer-730_734.parquet,longformer-695_699.parquet,pythia-160m-step256-600_799.parquet,pythia-160m-step256-600_799.parquet,-61.05088424682617,-58.123111724853516,7,7
anaphor_number_agreement,21,Many patients will visit themselves.,Many patients will visit himself.,anaphor_number_agreement_good_21,anaphor_number_agreement_bad_21,longformer-445_449.parquet,longformer-335_339.parquet,pythia-160m-step256-400_599.parquet,pythia-160m-step256-200_399.parquet,-32.0274772644043,-33.32004928588867,6,6
determiner_noun_agreement_irregular_1,116,Some women arrived at those oases.,Some women arrived at those oasis.,determiner_noun_agreement_irregular_1_good_116,determiner_noun_agreement_irregular_1_bad_116,longformer-380_384.parquet,longformer-370_374.parquet,pythia-160m-step256-200_399.parquet,pythia-160m-step256-200_399.parquet,-50.159000396728516,-50.72256088256836,7,7
coordinate_structure_constraint_complex_left_branch,78,Which customers has Beth fled from and Guy complained about?,Which has Beth fled from customers and Guy complained about?,coordinate_structure_constraint_complex_left_branch_good_78,coordinate_structure_constraint_complex_left_branch_bad_78,longformer-1050_1054.parquet,longformer-1060_1064.parquet,pythia-160m-step256-1000_1199.parquet,pythia-160m-step256-1000_1199.parquet,-86.27052307128906,-82.6684799194336,11,11
adjunct_island,3,Who might Benjamin alarm before listening to Paul?,Who might Benjamin alarm Paul before listening to?,adjunct_island_good_3,adjunct_island_bad_3,longformer-850_854.parquet,longformer-875_879.parquet,pythia-160m-step256-800_999.parquet,pythia-160m-step256-800_999.parquet,-66.54231262207031,-70.11936950683594,9,9
left_branch_island_simple_question,340,Whose stairs might Galileo descend?,Whose might Galileo descend stairs?,left_branch_island_simple_question_good_340,left_branch_island_simple_question_bad_340,longformer-420_424.parquet,longformer-405_409.parquet,pythia-160m-step256-200_399.parquet,pythia-160m-step256-400_599.parquet,-66.27774047851562,-67.02225494384766,6,6
wh_vs_that_no_gap_long_distance,649,Many actresses weren't investigating that every cashier that isn't grinning has appreciated Harvard University.,Many actresses weren't investigating what every cashier that isn't grinning has appreciated Harvard University.,wh_vs_that_no_gap_long_distance_good_649,wh_vs_that_no_gap_long_distance_bad_649,longformer-1330_1334.parquet,longformer-1330_1334.parquet,pythia-160m-step256-1200_1399.parquet,pythia-160m-step256-1200_1399.parquet,-138.9410400390625,-142.02093505859375,17,17
existential_there_quantifiers_1,231,There isn't a lake alarming Keith.,There isn't each lake alarming Keith.,existential_there_quantifiers_1_good_231,existential_there_quantifiers_1_bad_231,longformer-370_374.parquet,longformer-470_474.parquet,pythia-160m-step256-200_399.parquet,pythia-160m-step256-400_599.parquet,-53.697509765625,-58.56794738769531,8,8
expletive_it_object_raising,262,Those doctors discover it to be expected that a guy brought a lot of grocery stores.,Those doctors implored it to be expected that a guy brought a lot of grocery stores.,expletive_it_object_raising_good_262,expletive_it_object_raising_bad_262,longformer-1260_1264.parquet,longformer-1255_1259.parquet,pythia-160m-step256-1200_1399.parquet,pythia-160m-step256-1200_1399.parquet,-101.20643615722656,-109.98553466796875,17,17
wh_island,594,What hadn't William learned he isn't exiting?,What hadn't William learned who isn't exiting?,wh_island_good_594,wh_island_bad_594,longformer-720_724.parquet,longformer-755_759.parquet,pythia-160m-step256-600_799.parquet,pythia-160m-step256-600_799.parquet,-68.78742980957031,-69.2090835571289,10,10
principle_A_c_command,429,The dancers that argue about Beverly observed themselves.,The dancers that argue about Beverly observed herself.,principle_A_c_command_good_429,principle_A_c_command_bad_429,longformer-1005_1009.parquet,longformer-960_964.parquet,pythia-160m-step256-1000_1199.parquet,pythia-160m-step256-800_999.parquet,-67.30543518066406,-68.22380065917969,9,9
left_branch_island_echo_question,333,Irene has escaped from which men?,Which has Irene escaped from men?,left_branch_island_echo_question_good_333,left_branch_island_echo_question_bad_333,longformer-340_344.parquet,longformer-320_324.parquet,pythia-160m-step256-200_399.parquet,pythia-160m-step256-200_399.parquet,-53.17965316772461,-49.94345474243164,7,7
intransitive,280,Chad wasn't hiding.,Chad wasn't biking to.,intransitive_good_280,intransitive_bad_280,longformer-30_34.parquet,longformer-60_64.parquet,pythia-160m-step256-0_199.parquet,pythia-160m-step256-0_199.parquet,-32.503662109375,-46.5895881652832,5,6
determiner_noun_agreement_with_adj_irregular_1,146,Derek can't care for this employed child.,Derek can't care for this employed children.,determiner_noun_agreement_with_adj_irregular_1_good_146,determiner_noun_agreement_with_adj_irregular_1_bad_146,longformer-620_624.parquet,longformer-690_694.parquet,pythia-160m-step256-600_799.parquet,pythia-160m-step256-600_799.parquet,-58.87753677368164,-57.80104064941406,9,9
determiner_noun_agreement_with_adj_irregular_1,148,Rachelle has hidden this concealed mouse.,Rachelle has hidden this concealed mice.,determiner_noun_agreement_with_adj_irregular_1_good_148,determiner_noun_agreement_with_adj_irregular_1_bad_148,longformer-620_624.parquet,longformer-555_559.parquet,pythia-160m-step256-600_799.parquet,pythia-160m-step256-400_599.parquet,-70.99551391601562,-69.64043426513672,7,7
ellipsis_n_bar_1,200,Becky could aggravate a lot of confident doctors and Kendra could aggravate a few.,Becky could aggravate a lot of doctors and Kendra could aggravate a few confident.,ellipsis_n_bar_1_good_200,ellipsis_n_bar_1_bad_200,longformer-1240_1244.parquet,longformer-1245_1249.parquet,pythia-160m-step256-1200_1399.parquet,pythia-160m-step256-1200_1399.parquet,-125.53639221191406,-122.41661071777344,15,15
distractor_agreement_relational_noun,171,The photograph of actresses does hurt Cynthia.,The photograph of actresses do hurt Cynthia.,distractor_agreement_relational_noun_good_171,distractor_agreement_relational_noun_bad_171,longformer-760_764.parquet,longformer-695_699.parquet,pythia-160m-step256-600_799.parquet,pythia-160m-step256-600_799.parquet,-70.187255859375,-69.893798828125,8,8
superlative_quantifiers_2,558,Every art gallery is embarrassing at most two adults.,No art gallery is embarrassing at most two adults.,superlative_quantifiers_2_good_558,superlative_quantifiers_2_bad_558,longformer-930_934.parquet,longformer-875_879.parquet,pythia-160m-step256-800_999.parquet,pythia-160m-step256-800_999.parquet,-68.1258773803711,-68.35191345214844,10,10
sentential_negation_npi_licensor_present,517,Caroline had not ever kissed Jessica.,Caroline had fortunately ever kissed Jessica.,sentential_negation_npi_licensor_present_good_517,sentential_negation_npi_licensor_present_bad_517,longformer-475_479.parquet,longformer-710_714.parquet,pythia-160m-step256-400_599.parquet,pythia-160m-step256-600_799.parquet,-57.64802169799805,-73.37117767333984,7,7
npi_present_1,365,Even girls will certainly look to joke around.,Even girls will ever look to joke around.,npi_present_1_good_365,npi_present_1_bad_365,longformer-745_749.parquet,longformer-600_604.parquet,pythia-160m-step256-600_799.parquet,pythia-160m-step256-600_799.parquet,-56.33528518676758,-55.97706604003906,9,9
existential_there_object_raising,220,Andrew considered there to be fewer than three horses boring Colleen.,Andrew begs there to be fewer than three horses boring Colleen.,existential_there_object_raising_good_220,existential_there_object_raising_bad_220,longformer-1145_1149.parquet,longformer-1085_1089.parquet,pythia-160m-step256-1000_1199.parquet,pythia-160m-step256-1000_1199.parquet,-91.8636245727539,-97.2998046875,12,12
determiner_noun_agreement_2,103,The customers alarm that cashier.,The customers alarm those cashier.,determiner_noun_agreement_2_good_103,determiner_noun_agreement_2_bad_103,longformer-335_339.parquet,longformer-375_379.parquet,pythia-160m-step256-200_399.parquet,pythia-160m-step256-200_399.parquet,-54.011962890625,-54.312313079833984,6,6
wh_vs_that_with_gap_long_distance,664,David can't investigate who every waitress that hadn't questioned Janet listens to.,David can't investigate that every waitress that hadn't questioned Janet listens to.,wh_vs_that_with_gap_long_distance_good_664,wh_vs_that_with_gap_long_distance_bad_664,longformer-1250_1254.parquet,longformer-1255_1259.parquet,pythia-160m-step256-1200_1399.parquet,pythia-160m-step256-1200_1399.parquet,-129.3334197998047,-124.67630767822266,15,15
left_branch_island_echo_question,335,Most actors are escaping from what high school?,What are most actors escaping from high school?,left_branch_island_echo_question_good_335,left_branch_island_echo_question_bad_335,longformer-765_769.parquet,longformer-770_774.parquet,pythia-160m-step256-600_799.parquet,pythia-160m-step256-600_799.parquet,-58.66239547729492,-61.567832946777344,9,9
animate_subject_trans,45,Suzanne should lift many stairs.,The cake should lift many stairs.,animate_subject_trans_good_45,animate_subject_trans_bad_45,longformer-300_304.parquet,longformer-330_334.parquet,pythia-160m-step256-200_399.parquet,pythia-160m-step256-200_399.parquet,-57.60731887817383,-48.328346252441406,6,7
passive_1,408,A lot of peppers were admired by the brother of Kendra.,A lot of peppers were rotted by the brother of Kendra.,passive_1_good_408,passive_1_bad_408,longformer-990_994.parquet,longformer-955_959.parquet,pythia-160m-step256-800_999.parquet,pythia-160m-step256-800_999.parquet,-79.14506530761719,-91.63822937011719,12,12
wh_island,596,Who had Brian forgotten he knows?,Who had Brian forgotten who knows?,wh_island_good_596,wh_island_bad_596,longformer-315_319.parquet,longformer-395_399.parquet,pythia-160m-step256-200_399.parquet,pythia-160m-step256-200_399.parquet,-47.05543518066406,-48.25579071044922,7,7
only_npi_scope,390,Only Melanie's handymen who Guy investigated can ever date.,Melanie's handymen who only Guy investigated can ever date.,only_npi_scope_good_390,only_npi_scope_bad_390,longformer-1040_1044.parquet,longformer-1050_1054.parquet,pythia-160m-step256-1000_1199.parquet,pythia-160m-step256-1000_1199.parquet,-110.72712707519531,-107.93143463134766,11,11
wh_island,599,What hasn't Julia remembered she hadn't returned to?,What hasn't Julia remembered who hadn't returned to?,wh_island_good_599,wh_island_bad_599,longformer-915_919.parquet,longformer-920_924.parquet,pythia-160m-step256-800_999.parquet,pythia-160m-step256-800_999.parquet,-67.22687530517578,-69.4260482788086,11,11
principle_A_c_command,427,That actress who is arguing about Liam would work with herself.,That actress who is arguing about Liam would work with himself.,principle_A_c_command_good_427,principle_A_c_command_bad_427,longformer-1095_1099.parquet,longformer-1090_1094.parquet,pythia-160m-step256-1000_1199.parquet,pythia-160m-step256-1000_1199.parquet,-79.83865356445312,-78.94779968261719,12,12
superlative_quantifiers_1,546,No waitress saw more than two waitresses.,No waitress saw at least two waitresses.,superlative_quantifiers_1_good_546,superlative_quantifiers_1_bad_546,longformer-630_634.parquet,longformer-585_589.parquet,pythia-160m-step256-600_799.parquet,pythia-160m-step256-400_599.parquet,-66.10388946533203,-67.54270935058594,8,8
wh_island,597,What haven't all committees forgotten they hadn't boycotted?,What haven't all committees forgotten who hadn't boycotted?,wh_island_good_597,wh_island_bad_597,longformer-1055_1059.parquet,longformer-1045_1049.parquet,pythia-160m-step256-1000_1199.parquet,pythia-160m-step256-1000_1199.parquet,-94.66445922851562,-95.09591674804688,11,11
irregular_plural_subject_verb_agreement_1,313,The radius has bored that customer.,The radius have bored that customer.,irregular_plural_subject_verb_agreement_1_good_313,irregular_plural_subject_verb_agreement_1_bad_313,longformer-395_399.parquet,longformer-445_449.parquet,pythia-160m-step256-400_599.parquet,pythia-160m-step256-400_599.parquet,-46.68794631958008,-46.79003143310547,7,7
distractor_agreement_relational_noun,179,The documentary about the Impressionists wasn't astounding Cynthia.,The documentary about the Impressionists aren't astounding Cynthia.,distractor_agreement_relational_noun_good_179,distractor_agreement_relational_noun_bad_179,longformer-1135_1139.parquet,longformer-1140_1144.parquet,pythia-160m-step256-1000_1199.parquet,pythia-160m-step256-1000_1199.parquet,-103.3587875366211,-103.30242919921875,10,10
ellipsis_n_bar_1,207,This cashier had helped three delighted electricians and Marcus's cousin had helped almost as many.,This cashier had helped three electricians and Marcus's cousin had helped almost as many delighted.,ellipsis_n_bar_1_good_207,ellipsis_n_bar_1_bad_207,longformer-1305_1309.parquet,longformer-1305_1309.parquet,pythia-160m-step256-1200_1399.parquet,pythia-160m-step256-1200_1399.parquet,-137.02932739257812,-133.0092010498047,17,17
determiner_noun_agreement_irregular_1,111,Maria lifted those fungi.,Maria lifted those fungus.,determiner_noun_agreement_irregular_1_good_111,determiner_noun_agreement_irregular_1_bad_111,longformer-100_104.parquet,longformer-125_129.parquet,pythia-160m-step256-0_199.parquet,pythia-160m-step256-0_199.parquet,-32.71104431152344,-33.694862365722656,5,5
determiner_noun_agreement_with_adj_irregular_2,155,Marcus won't bike to this white oasis.,Marcus won't bike to these white oasis.,determiner_noun_agreement_with_adj_irregular_2_good_155,determiner_noun_agreement_with_adj_irregular_2_bad_155,longformer-505_509.parquet,longformer-545_549.parquet,pythia-160m-step256-400_599.parquet,pythia-160m-step256-400_599.parquet,-70.19356536865234,-70.9837646484375,9,9
animate_subject_trans,49,A lot of guests are listening to Cheryl.,Many cars are listening to Cheryl.,animate_subject_trans_good_49,animate_subject_trans_bad_49,longformer-590_594.parquet,longformer-390_394.parquet,pythia-160m-step256-400_599.parquet,pythia-160m-step256-200_399.parquet,-61.08949279785156,-50.07442855834961,9,7
wh_questions_object_gap,605,These adults notice the ladies that Beth found.,These adults notice who Beth found the ladies.,wh_questions_object_gap_good_605,wh_questions_object_gap_bad_605,longformer-785_789.parquet,longformer-750_754.parquet,pythia-160m-step256-600_799.parquet,pythia-160m-step256-600_799.parquet,-67.0103759765625,-68.5491943359375,9,9
distractor_agreement_relative_clause,184,All teenagers that bother Allison litter.,All teenagers that bother Allison litters.,distractor_agreement_relative_clause_good_184,distractor_agreement_relative_clause_bad_184,longformer-625_629.parquet,longformer-645_649.parquet,pythia-160m-step256-600_799.parquet,pythia-160m-step256-600_799.parquet,-58.12345504760742,-62.45622634887695,7,7
wh_questions_subject_gap_long_distance,627,Most doctors forget this teacher that Emily hasn't cared for that is alarming many governments.,Most doctors forget what this teacher that Emily hasn't cared for is alarming many governments.,wh_questions_subject_gap_long_distance_good_627,wh_questions_subject_gap_long_distance_bad_627,longformer-1300_1304.parquet,longformer-1300_1304.parquet,pythia-160m-step256-1200_1399.parquet,pythia-160m-step256-1200_1399.parquet,-120.06138610839844,-125.67036437988281,17,17
principle_A_domain_1,455,Ronald said that Alicia alarmed him.,Ronald said that Alicia alarmed himself.,principle_A_domain_1_good_455,principle_A_domain_1_bad_455,longformer-450_454.parquet,longformer-565_569.parquet,pythia-160m-step256-400_599.parquet,pythia-160m-step256-400_599.parquet,-64.62294006347656,-65.96534729003906,7,7
only_npi_licensor_present,384,Only Sabrina has ever cheered.,Even Sabrina has ever cheered.,only_npi_licensor_present_good_384,only_npi_licensor_present_bad_384,longformer-225_229.parquet,longformer-225_229.parquet,pythia-160m-step256-200_399.parquet,pythia-160m-step256-200_399.parquet,-56.958656311035156,-59.840049743652344,6,6
wh_questions_subject_gap,615,Timothy had researched the rivers that haven't embarrassed this school.,Timothy had researched what the rivers haven't embarrassed this school.,wh_questions_subject_gap_good_615,wh_questions_subject_gap_bad_615,longformer-1175_1179.parquet,longformer-1170_1174.parquet,pythia-160m-step256-1000_1199.parquet,pythia-160m-step256-1000_1199.parquet,-89.15966033935547,-91.8586654663086,12,12
wh_questions_subject_gap_long_distance,626,Frank researches every association that Alexander had scared that knew every actress.,Frank researches who every association that Alexander had scared knew every actress.,wh_questions_subject_gap_long_distance_good_626,wh_questions_subject_gap_long_distance_bad_626,longformer-1265_1269.parquet,longformer-1255_1259.parquet,pythia-160m-step256-1200_1399.parquet,pythia-160m-step256-1200_1399.parquet,-102.6865234375,-107.65970611572266,13,13
superlative_quantifiers_2,557,This hospital scared at most ten legislatures.,No hospital scared at most ten legislatures.,superlative_quantifiers_2_good_557,superlative_quantifiers_2_bad_557,longformer-750_754.parquet,longformer-700_704.parquet,pythia-160m-step256-600_799.parquet,pythia-160m-step256-600_799.parquet,-67.37264251708984,-66.67471313476562,8,8
wh_questions_subject_gap_long_distance,629,A lot of waiters discover many brochures that all children disagree with that disturbed these waitresses.,A lot of waiters discover who many brochures that all children disagree with disturbed these waitresses.,wh_questions_subject_gap_long_distance_good_629,wh_questions_subject_gap_long_distance_bad_629,longformer-1325_1329.parquet,longformer-1325_1329.parquet,pythia-160m-step256-1200_1399.parquet,pythia-160m-step256-1200_1399.parquet,-150.40908813476562,-152.29876708984375,17,17
left_branch_island_simple_question,347,What slopes was Peter climbing down?,What was Peter climbing down slopes?,left_branch_island_simple_question_good_347,left_branch_island_simple_question_bad_347,longformer-450_454.parquet,longformer-465_469.parquet,pythia-160m-step256-400_599.parquet,pythia-160m-step256-400_599.parquet,-53.60956573486328,-53.948631286621094,7,7
determiner_noun_agreement_irregular_1,114,Karen hated these synopses.,Karen hated these synopsis.,determiner_noun_agreement_irregular_1_good_114,determiner_noun_agreement_irregular_1_bad_114,longformer-150_154.parquet,longformer-155_159.parquet,pythia-160m-step256-0_199.parquet,pythia-160m-step256-0_199.parquet,-56.58489227294922,-53.75297546386719,5,5
irregular_past_participle_verbs,307,Most girls wrote.,Most girls written.,irregular_past_participle_verbs_good_307,irregular_past_participle_verbs_bad_307,longformer-20_24.parquet,longformer-30_34.parquet,pythia-160m-step256-0_199.parquet,pythia-160m-step256-0_199.parquet,-22.240306854248047,-23.65792465209961,4,4
left_branch_island_echo_question,332,Many teachers had helped which patient?,Which had many teachers helped patient?,left_branch_island_echo_question_good_332,left_branch_island_echo_question_bad_332,longformer-525_529.parquet,longformer-540_544.parquet,pythia-160m-step256-400_599.parquet,pythia-160m-step256-400_599.parquet,-49.91279983520508,-49.191776275634766,7,7
distractor_agreement_relative_clause,188,Some boys that stunned Christina don't shrug.,Some boys that stunned Christina doesn't shrug.,distractor_agreement_relative_clause_good_188,distractor_agreement_relative_clause_bad_188,longformer-725_729.parquet,longformer-765_769.parquet,pythia-160m-step256-600_799.parquet,pythia-160m-step256-600_799.parquet,-73.50747680664062,-73.45112609863281,9,9
sentential_negation_npi_scope,529,The customers that were astounding some men might not ever testify.,The customers that were not astounding some men might ever testify.,sentential_negation_npi_scope_good_529,sentential_negation_npi_scope_bad_529,longformer-1140_1144.parquet,longformer-1130_1134.parquet,pythia-160m-step256-1000_1199.parquet,pythia-160m-step256-1000_1199.parquet,-87.40260314941406,-89.43498229980469,12,12
passive_2,411,Most banks weren't alarmed.,Most banks weren't collaborated.,passive_2_good_411,passive_2_bad_411,longformer-140_144.parquet,longformer-310_314.parquet,pythia-160m-step256-0_199.parquet,pythia-160m-step256-200_399.parquet,-37.79851150512695,-37.89680480957031,6,6
left_branch_island_echo_question,337,Gerald can criticize which child?,Which can Gerald criticize child?,left_branch_island_echo_question_good_337,left_branch_island_echo_question_bad_337,longformer-350_354.parquet,longformer-335_339.parquet,pythia-160m-step256-200_399.parquet,pythia-160m-step256-200_399.parquet,-53.70399475097656,-47.969966888427734,6,6
irregular_past_participle_verbs,309,Many boys woke up.,Many boys woken up.,irregular_past_participle_verbs_good_309,irregular_past_participle_verbs_bad_309,longformer-25_29.parquet,longformer-30_34.parquet,pythia-160m-step256-0_199.parquet,pythia-160m-step256-0_199.parquet,-29.30527687072754,-41.06515121459961,5,5
determiner_noun_agreement_with_adjective_1,160,The rug had embarrassed these nice pedestrians.,The rug had embarrassed these nice pedestrian.,determiner_noun_agreement_with_adjective_1_good_160,determiner_noun_agreement_with_adjective_1_bad_160,longformer-795_799.parquet,longformer-755_759.parquet,pythia-160m-step256-600_799.parquet,pythia-160m-step256-600_799.parquet,-66.2261962890625,-67.00932312011719,8,8
regular_plural_subject_verb_agreement_2,508,The waiters discuss this boy.,The waiter discuss this boy.,regular_plural_subject_verb_agreement_2_good_508,regular_plural_subject_verb_agreement_2_bad_508,longformer-195_199.parquet,longformer-170_174.parquet,pythia-160m-step256-0_199.parquet,pythia-160m-step256-0_199.parquet,-47.286964416503906,-43.379398345947266,6,6
principle_A_case_2,443,Melinda has thought about herself concealing Marla.,Melinda has thought about herself concealed Marla.,principle_A_case_2_good_443,principle_A_case_2_bad_443,longformer-890_894.parquet,longformer-860_864.parquet,pythia-160m-step256-800_999.parquet,pythia-160m-step256-800_999.parquet,-81.46531677246094,-73.44437408447266,8,8
wh_island,591,What is Emily investigating she has skated around?,What is Emily investigating who has skated around?,wh_island_good_591,wh_island_bad_591,longformer-860_864.parquet,longformer-855_859.parquet,pythia-160m-step256-800_999.parquet,pythia-160m-step256-800_999.parquet,-69.38215637207031,-70.40962982177734,9,9
inchoative,274,A lot of planes turned.,A lot of planes cleaned.,inchoative_good_274,inchoative_bad_274,longformer-70_74.parquet,longformer-90_94.parquet,pythia-160m-step256-0_199.parquet,pythia-160m-step256-0_199.parquet,-38.498008728027344,-40.32906723022461,6,6
distractor_agreement_relational_noun,177,The friend of the teenagers was firing Lawrence.,The friend of the teenagers were firing Lawrence.,distractor_agreement_relational_noun_good_177,distractor_agreement_relational_noun_bad_177,longformer-800_804.parquet,longformer-835_839.parquet,pythia-160m-step256-800_999.parquet,pythia-160m-step256-800_999.parquet,-61.103233337402344,-61.82123947143555,9,9
anaphor_number_agreement,22,Waiters concealed themselves.,Waiters concealed itself.,anaphor_number_agreement_good_22,anaphor_number_agreement_bad_22,longformer-205_209.parquet,longformer-115_119.parquet,pythia-160m-step256-0_199.parquet,pythia-160m-step256-0_199.parquet,-29.954946517944336,-30.948640823364258,4,4
wh_questions_subject_gap,610,Bradley can see the eggplants that do resemble that picture.,Bradley can see what the eggplants do resemble that picture.,wh_questions_subject_gap_good_610,wh_questions_subject_gap_bad_610,longformer-1055_1059.parquet,longformer-1065_1069.parquet,pythia-160m-step256-1000_1199.parquet,pythia-160m-step256-1000_1199.parquet,-88.63713073730469,-90.34725189208984,11,11
tough_vs_raising_1,567,The patients' teachers aren't hard work to complain about.,The patients' teachers aren't about to complain about.,tough_vs_raising_1_good_567,tough_vs_raising_1_bad_567,longformer-1025_1029.parquet,longformer-960_964.parquet,pythia-160m-step256-1000_1199.parquet,pythia-160m-step256-800_999.parquet,-75.82189178466797,-65.43822479248047,12,11
principle_A_case_1,434,Stacy can't explain that she is exiting the hospitals.,Stacy can't explain that herself is exiting the hospitals.,principle_A_case_1_good_434,principle_A_case_1_bad_434,longformer-950_954.parquet,longformer-1030_1034.parquet,pythia-160m-step256-800_999.parquet,pythia-160m-step256-1000_1199.parquet,-71.59815216064453,-76.72747039794922,11,11
inchoative,270,A scarf shrinks.,A scarf finds.,inchoative_good_270,inchoative_bad_270,longformer-10_14.parquet,longformer-0_4.parquet,pythia-160m-step256-0_199.parquet,pythia-160m-step256-0_199.parquet,-37.610904693603516,-29.31273651123047,4,4
irregular_past_participle_adjectives,297,The broken window was small.,The broke window was small.,irregular_past_participle_adjectives_good_297,irregular_past_participle_adjectives_bad_297,longformer-180_184.parquet,longformer-160_164.parquet,pythia-160m-step256-0_199.parquet,pythia-160m-step256-0_199.parquet,-34.112403869628906,-35.95243835449219,6,6
sentential_negation_npi_licensor_present,513,Elizabeth had not ever asked Alexander's ex-girlfriend to practice.,Elizabeth had fortunately ever asked Alexander's ex-girlfriend to practice.,sentential_negation_npi_licensor_present_good_513,sentential_negation_npi_licensor_present_bad_513,longformer-1135_1139.parquet,longformer-1220_1224.parquet,pythia-160m-step256-1000_1199.parquet,pythia-160m-step256-1200_1399.parquet,-90.82329559326172,-109.38702392578125,13,13
sentential_negation_npi_scope,526,Some guys who were disgusting Irene have not ever concealed that unicycle.,Some guys who were not disgusting Irene have ever concealed that unicycle.,sentential_negation_npi_scope_good_526,sentential_negation_npi_scope_bad_526,longformer-1190_1194.parquet,longformer-1195_1199.parquet,pythia-160m-step256-1000_1199.parquet,pythia-160m-step256-1000_1199.parquet,-111.1463394165039,-110.38331604003906,13,13
drop_argument,192,Stephanie's colleague climbs down.,Stephanie's colleague disagrees with.,drop_argument_good_192,drop_argument_bad_192,longformer-390_394.parquet,longformer-475_479.parquet,pythia-160m-step256-200_399.parquet,pythia-160m-step256-400_599.parquet,-65.42638397216797,-67.06893920898438,6,6
animate_subject_passive,30,Nina wasn't known by the ladies.,Nina wasn't known by the synthesis.,animate_subject_passive_good_30,animate_subject_passive_bad_30,longformer-315_319.parquet,longformer-425_429.parquet,pythia-160m-step256-200_399.parquet,pythia-160m-step256-400_599.parquet,-48.56248474121094,-47.020530700683594,8,8
matrix_question_npi_licensor_present,350,Had a lot of women ever walked through some public park?,A lot of women had ever walked through some public park.,matrix_question_npi_licensor_present_good_350,matrix_question_npi_licensor_present_bad_350,longformer-995_999.parquet,longformer-1000_1004.parquet,pythia-160m-step256-1000_1199.parquet,pythia-160m-step256-800_999.parquet,-69.59521484375,-69.85619354248047,12,12
ellipsis_n_bar_2,218,The Impressionists disagreed with a few patients and some reports about the Clintons disagreed with a lot good patients.,The Impressionists disagreed with a few unemployed patients and some reports about the Clintons disagreed with a lot good.,ellipsis_n_bar_2_good_218,ellipsis_n_bar_2_bad_218,longformer-1335_1339.parquet,longformer-1335_1339.parquet,pythia-160m-step256-1200_1399.parquet,pythia-160m-step256-1200_1399.parquet,-144.4864044189453,-150.68145751953125,20,20
coordinate_structure_constraint_object_extraction,89,What were the pedestrian and many associations disturbing?,What is the pedestrian disturbing and many associations?,coordinate_structure_constraint_object_extraction_good_89,coordinate_structure_constraint_object_extraction_bad_89,longformer-1025_1029.parquet,longformer-995_999.parquet,pythia-160m-step256-1000_1199.parquet,pythia-160m-step256-800_999.parquet,-68.63861083984375,-56.663150787353516,9,9
principle_A_reconstruction,485,It's himself that Joseph escaped from.,It's himself that escaped from Joseph.,principle_A_reconstruction_good_485,principle_A_reconstruction_bad_485,longformer-500_504.parquet,longformer-485_489.parquet,pythia-160m-step256-400_599.parquet,pythia-160m-step256-400_599.parquet,-48.925472259521484,-45.84791564941406,8,8
superlative_quantifiers_1,541,No teacher loves fewer than six senators.,No teacher loves at most six senators.,superlative_quantifiers_1_good_541,superlative_quantifiers_1_bad_541,longformer-610_614.parquet,longformer-500_504.parquet,pythia-160m-step256-600_799.parquet,pythia-160m-step256-400_599.parquet,-57.81897735595703,-58.347389221191406,8,8
wh_questions_subject_gap,613,Ronald remembers the waiter that wasn't annoying Carmen.,Ronald remembers who the waiter wasn't annoying Carmen.,wh_questions_subject_gap_good_613,wh_questions_subject_gap_bad_613,longformer-990_994.parquet,longformer-975_979.parquet,pythia-160m-step256-800_999.parquet,pythia-160m-step256-800_999.parquet,-83.56130981445312,-85.5663833618164,10,10
determiner_noun_agreement_2,104,Many pedestrians lifted those movie theaters.,Many pedestrians lifted that movie theaters.,determiner_noun_agreement_2_good_104,determiner_noun_agreement_2_bad_104,longformer-715_719.parquet,longformer-680_684.parquet,pythia-160m-step256-600_799.parquet,pythia-160m-step256-600_799.parquet,-55.81219482421875,-54.8518180847168,7,7
wh_vs_that_with_gap_long_distance,662,Steve does discover who a lot of schools that couldn't lie have talked to.,Steve does discover that a lot of schools that couldn't lie have talked to.,wh_vs_that_with_gap_long_distance_good_662,wh_vs_that_with_gap_long_distance_bad_662,longformer-1190_1194.parquet,longformer-1200_1204.parquet,pythia-160m-step256-1000_1199.parquet,pythia-160m-step256-1200_1399.parquet,-95.19636535644531,-89.89341735839844,16,16
matrix_question_npi_licensor_present,354,Had Carol ever encouraged Phillip to take a lot of public parks?,Carol had ever encouraged Phillip to take a lot of public parks.,matrix_question_npi_licensor_present_good_354,matrix_question_npi_licensor_present_bad_354,longformer-1105_1109.parquet,longformer-1095_1099.parquet,pythia-160m-step256-1000_1199.parquet,pythia-160m-step256-1000_1199.parquet,-87.97686767578125,-77.95184326171875,13,13
animate_subject_trans,42,David discovered this ice cream.,Every hospital discovered this ice cream.,animate_subject_trans_good_42,animate_subject_trans_bad_42,longformer-305_309.parquet,longformer-620_624.parquet,pythia-160m-step256-200_399.parquet,pythia-160m-step256-600_799.parquet,-37.45881652832031,-49.53955078125,6,7
npi_present_2,371,Rose clearly imagines Sherry couldn't eat.,Rose ever imagines Sherry couldn't eat.,npi_present_2_good_371,npi_present_2_bad_371,longformer-655_659.parquet,longformer-550_554.parquet,pythia-160m-step256-600_799.parquet,pythia-160m-step256-400_599.parquet,-72.12322998046875,-69.882080078125,8,8
animate_subject_trans,43,Nancy is talking about Lucille.,This pie is talking about Lucille.,animate_subject_trans_good_43,animate_subject_trans_bad_43,longformer-275_279.parquet,longformer-365_369.parquet,pythia-160m-step256-200_399.parquet,pythia-160m-step256-200_399.parquet,-54.232322692871094,-53.911834716796875,6,7
transitive,583,Theodore remembers Rachelle.,Theodore complained Rachelle.,transitive_good_583,transitive_bad_583,longformer-170_174.parquet,longformer-215_219.parquet,pythia-160m-step256-0_199.parquet,pythia-160m-step256-200_399.parquet,-53.40262222290039,-53.971412658691406,4,4
regular_plural_subject_verb_agreement_1,490,Steven talks to Florence.,Steven talk to Florence.,regular_plural_subject_verb_agreement_1_good_490,regular_plural_subject_verb_agreement_1_bad_490,longformer-105_109.parquet,longformer-90_94.parquet,pythia-160m-step256-0_199.parquet,pythia-160m-step256-0_199.parquet,-29.162200927734375,-27.238222122192383,5,5
intransitive,289,Some box closes.,Some box scared.,intransitive_good_289,intransitive_bad_289,longformer-10_14.parquet,longformer-10_14.parquet,pythia-160m-step256-0_199.parquet,pythia-160m-step256-0_199.parquet,-25.92045783996582,-26.630393981933594,4,4
irregular_plural_subject_verb_agreement_2,327,The man is insulting Susan.,The men is insulting Susan.,irregular_plural_subject_verb_agreement_2_good_327,irregular_plural_subject_verb_agreement_2_bad_327,longformer-150_154.parquet,longformer-135_139.parquet,pythia-160m-step256-0_199.parquet,pythia-160m-step256-0_199.parquet,-43.03178787231445,-43.4624137878418,6,6
distractor_agreement_relative_clause,189,This documentary that wasn't impressing most actors isn't winning.,This documentary that wasn't impressing most actors aren't winning.,distractor_agreement_relative_clause_good_189,distractor_agreement_relative_clause_bad_189,longformer-1125_1129.parquet,longformer-1135_1139.parquet,pythia-160m-step256-1000_1199.parquet,pythia-160m-step256-1000_1199.parquet,-88.4725112915039,-89.81143951416016,12,12
determiner_noun_agreement_1,99,A banana embarrassed those actresses.,A banana embarrassed those actress.,determiner_noun_agreement_1_good_99,determiner_noun_agreement_1_bad_99,longformer-465_469.parquet,longformer-410_414.parquet,pythia-160m-step256-400_599.parquet,pythia-160m-step256-400_599.parquet,-51.738277435302734,-49.66180419921875,6,6
anaphor_gender_agreement,13,Ruth returns to herself.,Ruth returns to itself.,anaphor_gender_agreement_good_13,anaphor_gender_agreement_bad_13,longformer-80_84.parquet,longformer-65_69.parquet,pythia-160m-step256-0_199.parquet,pythia-160m-step256-0_199.parquet,-36.05603790283203,-35.9659423828125,5,5
transitive,587,This teacher's partners stunned Walter.,This teacher's partners fall Walter.,transitive_good_587,transitive_bad_587,longformer-525_529.parquet,longformer-460_464.parquet,pythia-160m-step256-400_599.parquet,pythia-160m-step256-400_599.parquet,-59.210227966308594,-55.79002380371094,7,7
determiner_noun_agreement_with_adj_2,132,Those ladies work with these lucky actors.,Those ladies work with this lucky actors.,determiner_noun_agreement_with_adj_2_good_132,determiner_noun_agreement_with_adj_2_bad_132,longformer-650_654.parquet,longformer-630_634.parquet,pythia-160m-step256-600_799.parquet,pythia-160m-step256-600_799.parquet,-54.86799240112305,-54.24798583984375,8,8
determiner_noun_agreement_irregular_1,112,Susan won't notice these fungi.,Susan won't notice these fungus.,determiner_noun_agreement_irregular_1_good_112,determiner_noun_agreement_irregular_1_bad_112,longformer-265_269.parquet,longformer-310_314.parquet,pythia-160m-step256-200_399.parquet,pythia-160m-step256-200_399.parquet,-49.24748992919922,-50.41104507446289,7,7
left_branch_island_simple_question,342,Which ladies has Erin observed?,Which has Erin observed ladies?,left_branch_island_simple_question_good_342,left_branch_island_simple_question_bad_342,longformer-245_249.parquet,longformer-270_274.parquet,pythia-160m-step256-200_399.parquet,pythia-160m-step256-200_399.parquet,-49.52110290527344,-49.60231018066406,6,6
irregular_past_participle_adjectives,298,The worn scarves aren't concealed.,The wore scarves aren't concealed.,irregular_past_participle_adjectives_good_298,irregular_past_participle_adjectives_bad_298,longformer-380_384.parquet,longformer-390_394.parquet,pythia-160m-step256-200_399.parquet,pythia-160m-step256-200_399.parquet,-61.06379318237305,-60.49913024902344,7,7
wh_questions_object_gap,601,Joel couldn't forget most cashiers that the guys hugged.,Joel couldn't forget who the guys hugged most cashiers.,wh_questions_object_gap_good_601,wh_questions_object_gap_bad_601,longformer-990_994.parquet,longformer-970_974.parquet,pythia-160m-step256-1000_1199.parquet,pythia-160m-step256-800_999.parquet,-90.66812133789062,-91.13614654541016,11,11
adjunct_island,2,What is Larry dropping by after lifting a grocery store?,What is Larry dropping by a grocery store after lifting?,adjunct_island_good_2,adjunct_island_bad_2,longformer-990_994.parquet,longformer-995_999.parquet,pythia-160m-step256-800_999.parquet,pythia-160m-step256-800_999.parquet,-79.65286254882812,-77.29911804199219,11,11
determiner_noun_agreement_with_adj_irregular_1,144,Most photographs look like those clever children.,Most photographs look like those clever child.,determiner_noun_agreement_with_adj_irregular_1_good_144,determiner_noun_agreement_with_adj_irregular_1_bad_144,longformer-840_844.parquet,longformer-740_744.parquet,pythia-160m-step256-800_999.parquet,pythia-160m-step256-600_799.parquet,-50.6609992980957,-51.52259826660156,8,8
irregular_plural_subject_verb_agreement_2,325,The women haven't hired Candice.,The woman haven't hired Candice.,irregular_plural_subject_verb_agreement_2_good_325,irregular_plural_subject_verb_agreement_2_bad_325,longformer-290_294.parquet,longformer-305_309.parquet,pythia-160m-step256-200_399.parquet,pythia-160m-step256-200_399.parquet,-57.11113739013672,-56.869056701660156,7,7
sentential_subject_island,532,Who will a legislature's aggravating Anna hurt.,Who will a legislature's aggravating hurt Anna.,sentential_subject_island_good_532,sentential_subject_island_bad_532,longformer-760_764.parquet,longformer-785_789.parquet,pythia-160m-step256-600_799.parquet,pythia-160m-step256-600_799.parquet,-65.0899658203125,-66.54267883300781,9,9
coordinate_structure_constraint_object_extraction,81,What have April and a lot of customers insulted?,What had April insulted and a lot of customers?,coordinate_structure_constraint_object_extraction_good_81,coordinate_structure_constraint_object_extraction_bad_81,longformer-800_804.parquet,longformer-765_769.parquet,pythia-160m-step256-800_999.parquet,pythia-160m-step256-600_799.parquet,-67.39888000488281,-65.1277847290039,10,10
regular_plural_subject_verb_agreement_2,505,The cup tips over.,The cups tips over.,regular_plural_subject_verb_agreement_2_good_505,regular_plural_subject_verb_agreement_2_bad_505,longformer-25_29.parquet,longformer-35_39.parquet,pythia-160m-step256-0_199.parquet,pythia-160m-step256-0_199.parquet,-30.865158081054688,-33.337249755859375,5,5
causative,51,Mary folded every skirt.,Mary vanished every skirt.,causative_good_51,causative_bad_51,longformer-75_79.parquet,longformer-130_134.parquet,pythia-160m-step256-0_199.parquet,pythia-160m-step256-0_199.parquet,-34.90264892578125,-36.594295501708984,5,5
superlative_quantifiers_2,551,A museum insulted at most two doctors.,No museum insulted at most two doctors.,superlative_quantifiers_2_good_551,superlative_quantifiers_2_bad_551,longformer-495_499.parquet,longformer-530_534.parquet,pythia-160m-step256-400_599.parquet,pythia-160m-step256-400_599.parquet,-62.207000732421875,-59.469295501708984,8,8
adjunct_island,9,What had Sally remembered without insulting the report?,What had Sally remembered the report without insulting?,adjunct_island_good_9,adjunct_island_bad_9,longformer-985_989.parquet,longformer-975_979.parquet,pythia-160m-step256-800_999.parquet,pythia-160m-step256-800_999.parquet,-68.12429809570312,-65.88668060302734,9,9
npi_present_2,376,Vanessa did also care for George.,Vanessa did ever care for George.,npi_present_2_good_376,npi_present_2_bad_376,longformer-335_339.parquet,longformer-345_349.parquet,pythia-160m-step256-200_399.parquet,pythia-160m-step256-200_399.parquet,-52.35972595214844,-53.918006896972656,7,7
determiner_noun_agreement_with_adj_irregular_2,158,Those cashiers buy those smooth lice.,Those cashiers buy that smooth lice.,determiner_noun_agreement_with_adj_irregular_2_good_158,determiner_noun_agreement_with_adj_irregular_2_bad_158,longformer-480_484.parquet,longformer-440_444.parquet,pythia-160m-step256-400_599.parquet,pythia-160m-step256-400_599.parquet,-68.61068725585938,-67.66718292236328,7,7
passive_1,402,Kenneth's partner wasn't aggravated by every play.,Kenneth's partner wasn't concurred by every play.,passive_1_good_402,passive_1_bad_402,longformer-875_879.parquet,longformer-840_844.parquet,pythia-160m-step256-800_999.parquet,pythia-160m-step256-800_999.parquet,-70.58572387695312,-77.00452423095703,10,10
tough_vs_raising_2,576,A lot of drivers are soon to clash.,A lot of drivers are irritating to clash.,tough_vs_raising_2_good_576,tough_vs_raising_2_bad_576,longformer-405_409.parquet,longformer-615_619.parquet,pythia-160m-step256-400_599.parquet,pythia-160m-step256-600_799.parquet,-53.0073127746582,-61.146480560302734,9,9
determiner_noun_agreement_2,106,Most universities describe those movies.,Most universities describe that movies.,determiner_noun_agreement_2_good_106,determiner_noun_agreement_2_bad_106,longformer-585_589.parquet,longformer-520_524.parquet,pythia-160m-step256-400_599.parquet,pythia-160m-step256-400_599.parquet,-42.42390441894531,-41.7230224609375,6,6
passive_2,416,The grandsons of Kenneth aren't disgusted.,The grandsons of Kenneth aren't gotten fired.,passive_2_good_416,passive_2_bad_416,longformer-645_649.parquet,longformer-715_719.parquet,pythia-160m-step256-600_799.parquet,pythia-160m-step256-600_799.parquet,-80.2011489868164,-81.1523666381836,8,9
principle_A_case_2,440,Matt was imagining himself disturbing Kevin.,Matt was imagining himself disturbs Kevin.,principle_A_case_2_good_440,principle_A_case_2_bad_440,longformer-685_689.parquet,longformer-650_654.parquet,pythia-160m-step256-600_799.parquet,pythia-160m-step256-600_799.parquet,-53.138153076171875,-64.43902587890625,7,7
ellipsis_n_bar_1,204,Most children disagree with a few hidden sisters and a lot of commentaries disagree with a lot.,Most children disagree with a few sisters and a lot of commentaries disagree with a lot hidden.,ellipsis_n_bar_1_good_204,ellipsis_n_bar_1_bad_204,longformer-1300_1304.parquet,longformer-1305_1309.parquet,pythia-160m-step256-1200_1399.parquet,pythia-160m-step256-1200_1399.parquet,-108.9282455444336,-109.05683135986328,18,18
principle_A_domain_3,472,Bruce thinks Jodi visits herself.,Jodi thinks Bruce visits herself.,principle_A_domain_3_good_472,principle_A_domain_3_bad_472,longformer-325_329.parquet,longformer-330_334.parquet,pythia-160m-step256-200_399.parquet,pythia-160m-step256-200_399.parquet,-65.78533935546875,-57.71371078491211,6,6
sentential_negation_npi_scope,524,Bethany's daughters who are appreciating all lakes could not ever plan to disturb Diane.,Bethany's daughters who are not appreciating all lakes could ever plan to disturb Diane.,sentential_negation_npi_scope_good_524,sentential_negation_npi_scope_bad_524,longformer-1285_1289.parquet,longformer-1285_1289.parquet,pythia-160m-step256-1200_1399.parquet,pythia-160m-step256-1200_1399.parquet,-142.63735961914062,-144.05865478515625,16,16
inchoative,272,A sock had stretched.,A sock had concealed.,inchoative_good_272,inchoative_bad_272,longformer-40_44.parquet,longformer-45_49.parquet,pythia-160m-step256-0_199.parquet,pythia-160m-step256-0_199.parquet,-36.07838821411133,-36.878597259521484,5,5
principle_A_case_1,433,Charles wasn't saying that he climbs up ladders.,Charles wasn't saying that himself climbs up ladders.,principle_A_case_1_good_433,principle_A_case_1_bad_433,longformer-805_809.parquet,longformer-935_939.parquet,pythia-160m-step256-800_999.parquet,pythia-160m-step256-800_999.parquet,-80.74348449707031,-86.45895385742188,10,10
distractor_agreement_relational_noun,176,A pamphlet about the Lutherans does alarm Nicole.,A pamphlet about the Lutherans do alarm Nicole.,distractor_agreement_relational_noun_good_176,distractor_agreement_relational_noun_bad_176,longformer-830_834.parquet,longformer-795_799.parquet,pythia-160m-step256-800_999.parquet,pythia-160m-step256-600_799.parquet,-85.00233459472656,-84.2754135131836,9,9
existential_there_object_raising,228,Many grandsons of every waiter hadn't believed there to be many waitresses prodding Steve to break the mirrors.,Many grandsons of every waiter hadn't obligated there to be many waitresses prodding Steve to break the mirrors.,existential_there_object_raising_good_228,existential_there_object_raising_bad_228,longformer-1330_1334.parquet,longformer-1335_1339.parquet,pythia-160m-step256-1200_1399.parquet,pythia-160m-step256-1200_1399.parquet,-179.70762634277344,-184.3172149658203,20,20
principle_A_domain_2,469,Sherry says jackets will distract themselves.,Sherry says jackets will distract herself.,principle_A_domain_2_good_469,principle_A_domain_2_bad_469,longformer-725_729.parquet,longformer-640_644.parquet,pythia-160m-step256-600_799.parquet,pythia-160m-step256-600_799.parquet,-71.31349182128906,-72.33683776855469,7,7
animate_subject_passive,32,The boy isn't investigated by some senator.,The boy isn't investigated by some medium.,animate_subject_passive_good_32,animate_subject_passive_bad_32,longformer-670_674.parquet,longformer-640_644.parquet,pythia-160m-step256-600_799.parquet,pythia-160m-step256-600_799.parquet,-54.846954345703125,-50.80461120605469,9,9
principle_A_domain_3,475,Lucille shouldn't say Timothy observes himself.,Timothy shouldn't say Lucille observes himself.,principle_A_domain_3_good_475,principle_A_domain_3_bad_475,longformer-785_789.parquet,longformer-780_784.parquet,pythia-160m-step256-600_799.parquet,pythia-160m-step256-600_799.parquet,-66.02577209472656,-72.4555892944336,8,8
tough_vs_raising_2,579,Douglas wasn't certain to lift some cats.,Douglas wasn't exciting to lift some cats.,tough_vs_raising_2_good_579,tough_vs_raising_2_bad_579,longformer-620_624.parquet,longformer-645_649.parquet,pythia-160m-step256-600_799.parquet,pythia-160m-step256-600_799.parquet,-60.512359619140625,-60.88630676269531,9,9
sentential_negation_npi_licensor_present,511,The couches did not ever slip.,The couches did probably ever slip.,sentential_negation_npi_licensor_present_good_511,sentential_negation_npi_licensor_present_bad_511,longformer-230_234.parquet,longformer-435_439.parquet,pythia-160m-step256-200_399.parquet,pythia-160m-step256-400_599.parquet,-50.519813537597656,-56.20787048339844,7,7
principle_A_reconstruction,480,It's himself that Larry is kissing.,It's himself that is kissing Larry.,principle_A_reconstruction_good_480,principle_A_reconstruction_bad_480,longformer-395_399.parquet,longformer-420_424.parquet,pythia-160m-step256-400_599.parquet,pythia-160m-step256-400_599.parquet,-50.2320442199707,-51.39664077758789,8,8
distractor_agreement_relational_noun,175,The movie about the Borgias wasn't embarrassing Eva.,The movie about the Borgias weren't embarrassing Eva.,distractor_agreement_relational_noun_good_175,distractor_agreement_relational_noun_bad_175,longformer-900_904.parquet,longformer-935_939.parquet,pythia-160m-step256-800_999.parquet,pythia-160m-step256-800_999.parquet,-79.83306121826172,-82.16014862060547,10,10
transitive,584,Janet visits the hill.,Janet copes the hill.,transitive_good_584,transitive_bad_584,longformer-55_59.parquet,longformer-40_44.parquet,pythia-160m-step256-0_199.parquet,pythia-160m-step256-0_199.parquet,-35.5921745300293,-40.89189910888672,5,5
passive_2,418,Deanna's teacher is cared for.,Deanna's teacher is smiled.,passive_2_good_418,passive_2_bad_418,longformer-225_229.parquet,longformer-150_154.parquet,pythia-160m-step256-200_399.parquet,pythia-160m-step256-0_199.parquet,-51.61790466308594,-44.59249496459961,7,6
principle_A_reconstruction,489,It's herself that Carmen won't stun.,It's herself that won't stun Carmen.,principle_A_reconstruction_good_489,principle_A_reconstruction_bad_489,longformer-455_459.parquet,longformer-440_444.parquet,pythia-160m-step256-400_599.parquet,pythia-160m-step256-400_599.parquet,-66.91185760498047,-63.2379035949707,9,9
anaphor_gender_agreement,14,Rose has shocked herself.,Rose has shocked itself.,anaphor_gender_agreement_good_14,anaphor_gender_agreement_bad_14,longformer-100_104.parquet,longformer-80_84.parquet,pythia-160m-step256-0_199.parquet,pythia-160m-step256-0_199.parquet,-30.45869255065918,-29.421340942382812,5,5
regular_plural_subject_verb_agreement_1,494,Dana descends this ladder.,Dana descend this ladder.,regular_plural_subject_verb_agreement_1_good_494,regular_plural_subject_verb_agreement_1_bad_494,longformer-120_124.parquet,longformer-105_109.parquet,pythia-160m-step256-0_199.parquet,pythia-160m-step256-0_199.parquet,-49.928375244140625,-44.249244689941406,5,5
causative,56,Many senators hadn't washed Jodi.,Many senators hadn't fallen Jodi.,causative_good_56,causative_bad_56,longformer-355_359.parquet,longformer-345_349.parquet,pythia-160m-step256-200_399.parquet,pythia-160m-step256-200_399.parquet,-57.736812591552734,-56.72175979614258,7,7
anaphor_gender_agreement,11,Stephanie is returning to herself.,Stephanie is returning to itself.,anaphor_gender_agreement_good_11,anaphor_gender_agreement_bad_11,longformer-380_384.parquet,longformer-355_359.parquet,pythia-160m-step256-200_399.parquet,pythia-160m-step256-200_399.parquet,-49.856685638427734,-48.969425201416016,6,6
npi_present_2,377,Tonya clearly disgusted Randolf.,Tonya ever disgusted Randolf.,npi_present_2_good_377,npi_present_2_bad_377,longformer-305_309.parquet,longformer-210_214.parquet,pythia-160m-step256-200_399.parquet,pythia-160m-step256-200_399.parquet,-66.82247924804688,-67.64973449707031,5,5
npi_present_2,372,Liam had also failed to conspire.,Liam had ever failed to conspire.,npi_present_2_good_372,npi_present_2_bad_372,longformer-330_334.parquet,longformer-360_364.parquet,pythia-160m-step256-200_399.parquet,pythia-160m-step256-200_399.parquet,-58.68442153930664,-59.7459602355957,7,7
principle_A_domain_1,450,George had explained that the lady wasn't working with him.,George had explained that the lady wasn't working with himself.,principle_A_domain_1_good_450,principle_A_domain_1_bad_450,longformer-1045_1049.parquet,longformer-1095_1099.parquet,pythia-160m-step256-1000_1199.parquet,pythia-160m-step256-1000_1199.parquet,-54.10757064819336,-57.45695877075195,12,12
existential_there_object_raising,223,All nephews of Eva haven't predicted there to be a lot of trucks existing.,All nephews of Eva haven't spurred there to be a lot of trucks existing.,existential_there_object_raising_good_223,existential_there_object_raising_bad_223,longformer-1195_1199.parquet,longformer-1185_1189.parquet,pythia-160m-step256-1200_1399.parquet,pythia-160m-step256-1000_1199.parquet,-112.51036834716797,-120.88806915283203,16,16
distractor_agreement_relative_clause,183,Some adult who has helped a lot of patients wears this skirt.,Some adult who has helped a lot of patients wear this skirt.,distractor_agreement_relative_clause_good_183,distractor_agreement_relative_clause_bad_183,longformer-1080_1084.parquet,longformer-1060_1064.parquet,pythia-160m-step256-1000_1199.parquet,pythia-160m-step256-1000_1199.parquet,-76.25711822509766,-75.76364135742188,13,13
coordinate_structure_constraint_object_extraction,88,Who can Rodney and Cindy take?,Who might Rodney take and Cindy?,coordinate_structure_constraint_object_extraction_good_88,coordinate_structure_constraint_object_extraction_bad_88,longformer-240_244.parquet,longformer-300_304.parquet,pythia-160m-step256-200_399.parquet,pythia-160m-step256-200_399.parquet,-67.2376937866211,-68.42266845703125,7,7
determiner_noun_agreement_with_adj_irregular_2,157,Deborah had fled from that important woman.,Deborah had fled from those important woman.,determiner_noun_agreement_with_adj_irregular_2_good_157,determiner_noun_agreement_with_adj_irregular_2_bad_157,longformer-660_664.parquet,longformer-695_699.parquet,pythia-160m-step256-600_799.parquet,pythia-160m-step256-600_799.parquet,-64.22832489013672,-63.49577331542969,8,8
matrix_question_npi_licensor_present,353,Have most chairs ever tipped over?,Most chairs have ever tipped over.,matrix_question_npi_licensor_present_good_353,matrix_question_npi_licensor_present_bad_353,longformer-385_389.parquet,longformer-375_379.parquet,pythia-160m-step256-200_399.parquet,pythia-160m-step256-200_399.parquet,-51.08677291870117,-46.54256820678711,7,7
determiner_noun_agreement_with_adj_irregular_1,145,Carla went to that rough oasis.,Carla went to that rough oases.,determiner_noun_agreement_with_adj_irregular_1_good_145,determiner_noun_agreement_with_adj_irregular_1_bad_145,longformer-270_274.parquet,longformer-255_259.parquet,pythia-160m-step256-200_399.parquet,pythia-160m-step256-200_399.parquet,-60.56878662109375,-60.21837615966797,7,7
principle_A_c_command,420,The legislatures that should praise Victoria worked with themselves.,The legislatures that should praise Victoria worked with herself.,principle_A_c_command_good_420,principle_A_c_command_bad_420,longformer-1145_1149.parquet,longformer-1110_1114.parquet,pythia-160m-step256-1000_1199.parquet,pythia-160m-step256-1000_1199.parquet,-80.86612701416016,-82.10165405273438,10,10
tough_vs_raising_1,569,Most waiters aren't easy to fire.,Most waiters aren't soon to fire.,tough_vs_raising_1_good_569,tough_vs_raising_1_bad_569,longformer-355_359.parquet,longformer-340_344.parquet,pythia-160m-step256-200_399.parquet,pythia-160m-step256-200_399.parquet,-48.898780822753906,-51.60171890258789,8,8
determiner_noun_agreement_with_adj_2,137,This waiter hasn't scanned that long book.,This waiter hasn't scanned those long book.,determiner_noun_agreement_with_adj_2_good_137,determiner_noun_agreement_with_adj_2_bad_137,longformer-635_639.parquet,longformer-670_674.parquet,pythia-160m-step256-600_799.parquet,pythia-160m-step256-600_799.parquet,-61.226478576660156,-62.87467956542969,9,9
determiner_noun_agreement_2,108,Some actors astounded those banks.,Some actors astounded that banks.,determiner_noun_agreement_2_good_108,determiner_noun_agreement_2_bad_108,longformer-395_399.parquet,longformer-325_329.parquet,pythia-160m-step256-200_399.parquet,pythia-160m-step256-200_399.parquet,-54.217262268066406,-52.87950134277344,6,6
regular_plural_subject_verb_agreement_2,506,The guys swallow.,The guy swallow.,regular_plural_subject_verb_agreement_2_good_506,regular_plural_subject_verb_agreement_2_bad_506,longformer-15_19.parquet,longformer-10_14.parquet,pythia-160m-step256-0_199.parquet,pythia-160m-step256-0_199.parquet,-27.287559509277344,-27.69663429260254,4,4
principle_A_domain_3,474,Anna will explain Thomas couldn't hurt himself.,Thomas will explain Anna couldn't hurt himself.,principle_A_domain_3_good_474,principle_A_domain_3_bad_474,longformer-760_764.parquet,longformer-780_784.parquet,pythia-160m-step256-600_799.parquet,pythia-160m-step256-600_799.parquet,-56.382015228271484,-56.28715515136719,9,9
distractor_agreement_relative_clause,187,Many committees that will respect Charles induce Adam to look like most pictures.,Many committees that will respect Charles induces Adam to look like most pictures.,distractor_agreement_relative_clause_good_187,distractor_agreement_relative_clause_bad_187,longformer-1240_1244.parquet,longformer-1245_1249.parquet,pythia-160m-step256-1200_1399.parquet,pythia-160m-step256-1200_1399.parquet,-100.64088439941406,-101.41664123535156,14,14
passive_1,401,Heather is insulted by Ann.,Heather is murmured by Ann.,passive_1_good_401,passive_1_bad_401,longformer-160_164.parquet,longformer-145_149.parquet,pythia-160m-step256-0_199.parquet,pythia-160m-step256-0_199.parquet,-48.983482360839844,-44.179317474365234,6,6
passive_1,400,Many commentaries about the Borgias aren't discussed by Marcus's classmate.,Many commentaries about the Borgias aren't disagreed by Marcus's classmate.,passive_1_good_400,passive_1_bad_400,longformer-1200_1204.parquet,longformer-1205_1209.parquet,pythia-160m-step256-1200_1399.parquet,pythia-160m-step256-1200_1399.parquet,-115.08267211914062,-119.09916687011719,13,13
wh_vs_that_no_gap,633,Laura has figured out that students weren't discussing Erin.,Laura has figured out who students weren't discussing Erin.,wh_vs_that_no_gap_good_633,wh_vs_that_no_gap_bad_633,longformer-1065_1069.parquet,longformer-1040_1044.parquet,pythia-160m-step256-1000_1199.parquet,pythia-160m-step256-1000_1199.parquet,-82.72899627685547,-87.89163208007812,11,11
drop_argument,191,Those fathers of Maria skate around.,Those fathers of Maria cured.,drop_argument_good_191,drop_argument_bad_191,longformer-455_459.parquet,longformer-200_204.parquet,pythia-160m-step256-400_599.parquet,pythia-160m-step256-0_199.parquet,-53.041385650634766,-43.872230529785156,7,6
wh_vs_that_with_gap,653,Karen isn't learning who some boy was referencing.,Karen isn't learning that some boy was referencing.,wh_vs_that_with_gap_good_653,wh_vs_that_with_gap_bad_653,longformer-860_864.parquet,longformer-895_899.parquet,pythia-160m-step256-800_999.parquet,pythia-160m-step256-800_999.parquet,-75.35448455810547,-72.38827514648438,10,10
determiner_noun_agreement_1,94,Sara kissed this cashier.,Sara kissed this cashiers.,determiner_noun_agreement_1_good_94,determiner_noun_agreement_1_bad_94,longformer-95_99.parquet,longformer-120_124.parquet,pythia-160m-step256-0_199.parquet,pythia-160m-step256-0_199.parquet,-50.08439636230469,-51.269203186035156,5,5
wh_questions_subject_gap_long_distance,625,Heidi hadn't seen most lamps that Barbara noticed that embarrassed those waitresses.,Heidi hadn't seen who most lamps that Barbara noticed embarrassed those waitresses.,wh_questions_subject_gap_long_distance_good_625,wh_questions_subject_gap_long_distance_bad_625,longformer-1260_1264.parquet,longformer-1245_1249.parquet,pythia-160m-step256-1200_1399.parquet,pythia-160m-step256-1200_1399.parquet,-126.31739044189453,-132.5456085205078,14,14
only_npi_scope,393,Only Carrie's bosses who those banks are concealing had ever conferred.,Carrie's bosses who only those banks are concealing had ever conferred.,only_npi_scope_good_393,only_npi_scope_bad_393,longformer-1170_1174.parquet,longformer-1170_1174.parquet,pythia-160m-step256-1000_1199.parquet,pythia-160m-step256-1000_1199.parquet,-110.05557250976562,-111.24685668945312,13,13
distractor_agreement_relative_clause,180,Most guys that confuse the government have succeeded.,Most guys that confuse the government has succeeded.,distractor_agreement_relative_clause_good_180,distractor_agreement_relative_clause_bad_180,longformer-940_944.parquet,longformer-920_924.parquet,pythia-160m-step256-800_999.parquet,pythia-160m-step256-800_999.parquet,-53.32356262207031,-51.83138656616211,9,9
determiner_noun_agreement_2,107,Kathleen buys this book.,Kathleen buys these book.,determiner_noun_agreement_2_good_107,determiner_noun_agreement_2_bad_107,longformer-85_89.parquet,longformer-90_94.parquet,pythia-160m-step256-0_199.parquet,pythia-160m-step256-0_199.parquet,-48.05148696899414,-51.027381896972656,5,5
only_npi_scope,395,Only Emily's doctor that most teachers question had ever referenced Laurie.,Emily's doctor that only most teachers question had ever referenced Laurie.,only_npi_scope_good_395,only_npi_scope_bad_395,longformer-1210_1214.parquet,longformer-1210_1214.parquet,pythia-160m-step256-1200_1399.parquet,pythia-160m-step256-1200_1399.parquet,-107.9554672241211,-109.33405303955078,13,13
principle_A_domain_2,468,Many pedestrians say Frank won't criticize himself.,Many pedestrians say Frank won't criticize themselves.,principle_A_domain_2_good_468,principle_A_domain_2_bad_468,longformer-885_889.parquet,longformer-965_969.parquet,pythia-160m-step256-800_999.parquet,pythia-160m-step256-800_999.parquet,-67.26361083984375,-67.4388427734375,9,9
wh_vs_that_no_gap,639,Every boy forgets that every lady hadn't worked with the Borgias.,Every boy forgets who every lady hadn't worked with the Borgias.,wh_vs_that_no_gap_good_639,wh_vs_that_no_gap_bad_639,longformer-1115_1119.parquet,longformer-1100_1104.parquet,pythia-160m-step256-1000_1199.parquet,pythia-160m-step256-1000_1199.parquet,-96.95062255859375,-97.76512908935547,13,13
npi_present_1,366,Even the pedestrians often swallow.,Even the pedestrians ever swallow.,npi_present_1_good_366,npi_present_1_bad_366,longformer-425_429.parquet,longformer-385_389.parquet,pythia-160m-step256-400_599.parquet,pythia-160m-step256-200_399.parquet,-41.476295471191406,-41.04050064086914,6,6
irregular_plural_subject_verb_agreement_1,315,The theses are shocking Irene.,The theses is shocking Irene.,irregular_plural_subject_verb_agreement_1_good_315,irregular_plural_subject_verb_agreement_1_bad_315,longformer-230_234.parquet,longformer-210_214.parquet,pythia-160m-step256-200_399.parquet,pythia-160m-step256-200_399.parquet,-50.72089767456055,-49.72997283935547,6,6
principle_A_case_2,449,Some company had forgotten about itself impressing Kirsten.,Some company had forgotten about itself impressed Kirsten.,principle_A_case_2_good_449,principle_A_case_2_bad_449,longformer-1045_1049.parquet,longformer-1025_1029.parquet,pythia-160m-step256-1000_1199.parquet,pythia-160m-step256-1000_1199.parquet,-83.90788269042969,-75.94999694824219,9,9
existential_there_quantifiers_1,235,There is a cashier grinning.,There is every cashier grinning.,existential_there_quantifiers_1_good_235,existential_there_quantifiers_1_bad_235,longformer-185_189.parquet,longformer-300_304.parquet,pythia-160m-step256-0_199.parquet,pythia-160m-step256-200_399.parquet,-50.81114959716797,-56.85734939575195,6,6
existential_there_quantifiers_1,237,There is a niece of Andrea leaving.,There is each niece of Andrea leaving.,existential_there_quantifiers_1_good_237,existential_there_quantifiers_1_bad_237,longformer-400_404.parquet,longformer-495_499.parquet,pythia-160m-step256-400_599.parquet,pythia-160m-step256-400_599.parquet,-49.346439361572266,-56.84293746948242,8,8
intransitive,284,That door should close.,That door should look like.,intransitive_good_284,intransitive_bad_284,longformer-70_74.parquet,longformer-140_144.parquet,pythia-160m-step256-0_199.parquet,pythia-160m-step256-0_199.parquet,-28.616592407226562,-30.912372589111328,5,6
wh_vs_that_with_gap,655,Katherine knows who the associations can't fire.,Katherine knows that the associations can't fire.,wh_vs_that_with_gap_good_655,wh_vs_that_with_gap_bad_655,longformer-805_809.parquet,longformer-830_834.parquet,pythia-160m-step256-600_799.parquet,pythia-160m-step256-800_999.parquet,-66.42362976074219,-61.47298049926758,9,9
only_npi_licensor_present,382,Only Jessica had ever talked about Gary.,Even Jessica had ever talked about Gary.,only_npi_licensor_present_good_382,only_npi_licensor_present_bad_382,longformer-585_589.parquet,longformer-575_579.parquet,pythia-160m-step256-400_599.parquet,pythia-160m-step256-400_599.parquet,-53.31869125366211,-53.62437438964844,8,8
existential_there_subject_raising,259,There was appearing to be a story about the Great Lakes stunning Douglas.,There was attempting to be a story about the Great Lakes stunning Douglas.,existential_there_subject_raising_good_259,existential_there_subject_raising_bad_259,longformer-1185_1189.parquet,longformer-1200_1204.parquet,pythia-160m-step256-1000_1199.parquet,pythia-160m-step256-1000_1199.parquet,-86.18978118896484,-82.27313995361328,14,14
npi_present_1,368,Even that fork should often look like a sketch.,Even that fork should ever look like a sketch.,npi_present_1_good_368,npi_present_1_bad_368,longformer-775_779.parquet,longformer-735_739.parquet,pythia-160m-step256-600_799.parquet,pythia-160m-step256-600_799.parquet,-59.73838424682617,-59.00804901123047,10,10
superlative_quantifiers_1,540,No eggplant looked like fewer than seven pictures.,No eggplant looked like at most seven pictures.,superlative_quantifiers_1_good_540,superlative_quantifiers_1_bad_540,longformer-850_854.parquet,longformer-775_779.parquet,pythia-160m-step256-800_999.parquet,pythia-160m-step256-600_799.parquet,-67.77437591552734,-68.44413757324219,9,9
wh_questions_subject_gap,611,Valerie questions a library that listened to Beth.,Valerie questions who a library listened to Beth.,wh_questions_subject_gap_good_611,wh_questions_subject_gap_bad_611,longformer-870_874.parquet,longformer-825_829.parquet,pythia-160m-step256-800_999.parquet,pythia-160m-step256-800_999.parquet,-68.24274444580078,-71.05653381347656,9,9
irregular_plural_subject_verb_agreement_2,329,The child conceals some door.,The children conceals some door.,irregular_plural_subject_verb_agreement_2_good_329,irregular_plural_subject_verb_agreement_2_bad_329,longformer-205_209.parquet,longformer-290_294.parquet,pythia-160m-step256-200_399.parquet,pythia-160m-step256-200_399.parquet,-49.208404541015625,-48.98413848876953,6,6
determiner_noun_agreement_with_adj_irregular_1,142,Some prints shock this standing person.,Some prints shock this standing people.,determiner_noun_agreement_with_adj_irregular_1_good_142,determiner_noun_agreement_with_adj_irregular_1_bad_142,longformer-535_539.parquet,longformer-535_539.parquet,pythia-160m-step256-400_599.parquet,pythia-160m-step256-400_599.parquet,-54.17481231689453,-53.192352294921875,7,7
principle_A_domain_3,473,Kristin's grandson explains Erin likes herself.,Erin explains Kristin's grandson likes herself.,principle_A_domain_3_good_473,principle_A_domain_3_bad_473,longformer-790_794.parquet,longformer-770_774.parquet,pythia-160m-step256-600_799.parquet,pythia-160m-step256-600_799.parquet,-81.50164031982422,-80.80830383300781,8,8
determiner_noun_agreement_2,109,Raymond has gone to these schools.,Raymond has gone to this schools.,determiner_noun_agreement_2_good_109,determiner_noun_agreement_2_bad_109,longformer-365_369.parquet,longformer-350_354.parquet,pythia-160m-step256-200_399.parquet,pythia-160m-step256-200_399.parquet,-45.31387710571289,-45.211647033691406,7,7
causative,57,Some cashier hadn't burned that pasta.,Some cashier hadn't appeared that pasta.,causative_good_57,causative_bad_57,longformer-500_504.parquet,longformer-560_564.parquet,pythia-160m-step256-400_599.parquet,pythia-160m-step256-400_599.parquet,-63.427452087402344,-60.03047561645508,8,8
irregular_past_participle_adjectives,295,The taken oases weren't blue.,The took oases weren't blue.,irregular_past_participle_adjectives_good_295,irregular_past_participle_adjectives_bad_295,longformer-205_209.parquet,longformer-175_179.parquet,pythia-160m-step256-200_399.parquet,pythia-160m-step256-0_199.parquet,-53.79620361328125,-54.31946563720703,7,7
coordinate_structure_constraint_complex_left_branch,71,What books would some child scan and Travis research?,What would some child scan books and Travis research?,coordinate_structure_constraint_complex_left_branch_good_71,coordinate_structure_constraint_complex_left_branch_bad_71,longformer-945_949.parquet,longformer-940_944.parquet,pythia-160m-step256-800_999.parquet,pythia-160m-step256-800_999.parquet,-74.25685119628906,-71.99004364013672,10,10
distractor_agreement_relative_clause,185,A lot of actresses who did astound this actress sit down.,A lot of actresses who did astound this actress sits down.,distractor_agreement_relative_clause_good_185,distractor_agreement_relative_clause_bad_185,longformer-1010_1014.parquet,longformer-1020_1024.parquet,pythia-160m-step256-1000_1199.parquet,pythia-160m-step256-1000_1199.parquet,-97.3150634765625,-99.08171081542969,12,12
existential_there_subject_raising,250,There happened to be a shoe drying.,There hoped to be a shoe drying.,existential_there_subject_raising_good_250,existential_there_subject_raising_bad_250,longformer-420_424.parquet,longformer-295_299.parquet,pythia-160m-step256-200_399.parquet,pythia-160m-step256-200_399.parquet,-43.853660583496094,-47.37531280517578,8,8
passive_2,410,Karen was aggravated.,Karen was screamed.,passive_2_good_410,passive_2_bad_410,longformer-45_49.parquet,longformer-30_34.parquet,pythia-160m-step256-0_199.parquet,pythia-160m-step256-0_199.parquet,-32.77591323852539,-29.857093811035156,4,4
intransitive,286,All mushrooms wouldn't grow.,All mushrooms wouldn't look like.,intransitive_good_286,intransitive_bad_286,longformer-170_174.parquet,longformer-315_319.parquet,pythia-160m-step256-0_199.parquet,pythia-160m-step256-200_399.parquet,-37.10440444946289,-37.514217376708984,6,7
drop_argument,199,Melissa isn't exploring.,Melissa isn't firing.,drop_argument_good_199,drop_argument_bad_199,longformer-80_84.parquet,longformer-50_54.parquet,pythia-160m-step256-0_199.parquet,pythia-160m-step256-0_199.parquet,-36.83003234863281,-36.183013916015625,5,5
npi_present_1,362,Even Brenda clearly manages to forget Christopher.,Even Brenda ever manages to forget Christopher.,npi_present_1_good_362,npi_present_1_bad_362,longformer-855_859.parquet,longformer-780_784.parquet,pythia-160m-step256-800_999.parquet,pythia-160m-step256-600_799.parquet,-70.3414306640625,-68.92760467529297,8,8
animate_subject_passive,39,Most hills are driven to by some senators.,Most hills are driven to by some carriages.,animate_subject_passive_good_39,animate_subject_passive_bad_39,longformer-650_654.parquet,longformer-660_664.parquet,pythia-160m-step256-600_799.parquet,pythia-160m-step256-600_799.parquet,-55.72934341430664,-66.06140899658203,9,9
determiner_noun_agreement_irregular_2,129,Many customers question this man.,Many customers question these man.,determiner_noun_agreement_irregular_2_good_129,determiner_noun_agreement_irregular_2_bad_129,longformer-320_324.parquet,longformer-380_384.parquet,pythia-160m-step256-200_399.parquet,pythia-160m-step256-200_399.parquet,-41.28252029418945,-42.899208068847656,6,6
principle_A_case_1,438,Lissa doesn't say that she can't appreciate Donald.,Lissa doesn't say that herself can't appreciate Donald.,principle_A_case_1_good_438,principle_A_case_1_bad_438,longformer-880_884.parquet,longformer-975_979.parquet,pythia-160m-step256-800_999.parquet,pythia-160m-step256-800_999.parquet,-65.5190200805664,-74.39762878417969,11,11
anaphor_number_agreement,26,Eric shouldn't aggravate himself.,Eric shouldn't aggravate themselves.,anaphor_number_agreement_good_26,anaphor_number_agreement_bad_26,longformer-315_319.parquet,longformer-455_459.parquet,pythia-160m-step256-200_399.parquet,pythia-160m-step256-400_599.parquet,-42.80736541748047,-43.362857818603516,6,6
determiner_noun_agreement_1,90,Lisa was hiding this nose.,Lisa was hiding this noses.,determiner_noun_agreement_1_good_90,determiner_noun_agreement_1_bad_90,longformer-130_134.parquet,longformer-140_144.parquet,pythia-160m-step256-0_199.parquet,pythia-160m-step256-0_199.parquet,-45.43716049194336,-55.10940933227539,6,6
coordinate_structure_constraint_complex_left_branch,79,Which essays might Thomas sound like and Stacy think about?,Which might Thomas sound like essays and Stacy think about?,coordinate_structure_constraint_complex_left_branch_good_79,coordinate_structure_constraint_complex_left_branch_bad_79,longformer-1050_1054.parquet,longformer-1040_1044.parquet,pythia-160m-step256-1000_1199.parquet,pythia-160m-step256-1000_1199.parquet,-90.88138580322266,-87.43473815917969,11,11
determiner_noun_agreement_with_adj_irregular_2,153,Alan wasn't returning to those blue oases.,Alan wasn't returning to that blue oases.,determiner_noun_agreement_with_adj_irregular_2_good_153,determiner_noun_agreement_with_adj_irregular_2_bad_153,longformer-655_659.parquet,longformer-595_599.parquet,pythia-160m-step256-600_799.parquet,pythia-160m-step256-600_799.parquet,-61.306007385253906,-61.72492980957031,9,9
ellipsis_n_bar_2,216,A lot of waitresses are watching one father of and Martha's senator was watching several busy father of.,A lot of waitresses are watching one scared father of and Martha's senator was watching several busy.,ellipsis_n_bar_2_good_216,ellipsis_n_bar_2_bad_216,longformer-1320_1324.parquet,longformer-1315_1319.parquet,pythia-160m-step256-1200_1399.parquet,pythia-160m-step256-1200_1399.parquet,-152.99398803710938,-149.0715789794922,20,19
principle_A_domain_2,462,Lissa had explained a lot of dancers shouldn't disagree with themselves.,Lissa had explained a lot of dancers shouldn't disagree with herself.,principle_A_domain_2_good_462,principle_A_domain_2_bad_462,longformer-1175_1179.parquet,longformer-1155_1159.parquet,pythia-160m-step256-1000_1199.parquet,pythia-160m-step256-1000_1199.parquet,-82.05069732666016,-83.22342681884766,13,13
determiner_noun_agreement_2,105,Natalie had boasted about these newspaper articles.,Natalie had boasted about this newspaper articles.,determiner_noun_agreement_2_good_105,determiner_noun_agreement_2_bad_105,longformer-880_884.parquet,longformer-860_864.parquet,pythia-160m-step256-800_999.parquet,pythia-160m-step256-800_999.parquet,-80.50272369384766,-79.9283218383789,8,8
existential_there_quantifiers_2,245,Every computer wasn't there shocking that actress.,There wasn't every computer shocking that actress.,existential_there_quantifiers_2_good_245,existential_there_quantifiers_2_bad_245,longformer-850_854.parquet,longformer-855_859.parquet,pythia-160m-step256-800_999.parquet,pythia-160m-step256-800_999.parquet,-61.57848358154297,-58.34478759765625,9,9
sentential_negation_npi_scope,520,These fathers of Derek that were selling some pasta had not ever cooked.,These fathers of Derek that were not selling some pasta had ever cooked.,sentential_negation_npi_scope_good_520,sentential_negation_npi_scope_bad_520,longformer-1180_1184.parquet,longformer-1175_1179.parquet,pythia-160m-step256-1000_1199.parquet,pythia-160m-step256-1000_1199.parquet,-101.48149108886719,-101.18049621582031,14,14
passive_2,413,Martin's dermatologists are hugged.,Martin's dermatologists are chatted.,passive_2_good_413,passive_2_bad_413,longformer-435_439.parquet,longformer-450_454.parquet,pythia-160m-step256-400_599.parquet,pythia-160m-step256-400_599.parquet,-51.154335021972656,-56.35088348388672,6,6
determiner_noun_agreement_with_adj_irregular_1,143,Timothy walked through these new oases.,Timothy walked through these new oasis.,determiner_noun_agreement_with_adj_irregular_1_good_143,determiner_noun_agreement_with_adj_irregular_1_bad_143,longformer-540_544.parquet,longformer-545_549.parquet,pythia-160m-step256-400_599.parquet,pythia-160m-step256-400_599.parquet,-60.40257263183594,-61.483375549316406,7,7
matrix_question_npi_licensor_present,356,Will Brenda ever hate Christopher?,Brenda will ever hate Christopher.,matrix_question_npi_licensor_present_good_356,matrix_question_npi_licensor_present_bad_356,longformer-390_394.parquet,longformer-385_389.parquet,pythia-160m-step256-200_399.parquet,pythia-160m-step256-200_399.parquet,-56.833919525146484,-60.92023468017578,6,6
anaphor_gender_agreement,15,Susan hid herself.,Susan hid itself.,anaphor_gender_agreement_good_15,anaphor_gender_agreement_bad_15,longformer-25_29.parquet,longformer-20_24.parquet,pythia-160m-step256-0_199.parquet,pythia-160m-step256-0_199.parquet,-29.3064022064209,-29.32017707824707,4,4
principle_A_domain_3,479,Holly imagines actresses' grandson doesn't confuse himself.,Actresses' grandson imagines Holly doesn't confuse himself.,principle_A_domain_3_good_479,principle_A_domain_3_bad_479,longformer-1045_1049.parquet,longformer-1035_1039.parquet,pythia-160m-step256-1000_1199.parquet,pythia-160m-step256-1000_1199.parquet,-94.22259521484375,-94.50137329101562,10,10
superlative_quantifiers_2,550,Some adult does clean at most six chairs.,No adult does clean at most six chairs.,superlative_quantifiers_2_good_550,superlative_quantifiers_2_bad_550,longformer-625_629.parquet,longformer-530_534.parquet,pythia-160m-step256-400_599.parquet,pythia-160m-step256-400_599.parquet,-62.68015670776367,-62.249996185302734,9,9
sentential_negation_npi_scope,522,Margaret's electricians that are disturbing Bill had not ever intended to cheer.,Margaret's electricians that are not disturbing Bill had ever intended to cheer.,sentential_negation_npi_scope_good_522,sentential_negation_npi_scope_bad_522,longformer-1235_1239.parquet,longformer-1235_1239.parquet,pythia-160m-step256-1200_1399.parquet,pythia-160m-step256-1200_1399.parquet,-107.98448181152344,-107.89845275878906,14,14
anaphor_number_agreement,24,Many people bothered themselves.,Many people bothered itself.,anaphor_number_agreement_good_24,anaphor_number_agreement_bad_24,longformer-295_299.parquet,longformer-175_179.parquet,pythia-160m-step256-200_399.parquet,pythia-160m-step256-0_199.parquet,-30.312257766723633,-30.982112884521484,5,5
sentential_negation_npi_licensor_present,510,Homer might not ever skate around the lakes.,Homer might fortunately ever skate around the lakes.,sentential_negation_npi_licensor_present_good_510,sentential_negation_npi_licensor_present_bad_510,longformer-705_709.parquet,longformer-925_929.parquet,pythia-160m-step256-600_799.parquet,pythia-160m-step256-800_999.parquet,-68.49366760253906,-85.34153747558594,9,9
irregular_past_participle_adjectives,290,The forgotten analyses are bad.,The forgot analyses are bad.,irregular_past_participle_adjectives_good_290,irregular_past_participle_adjectives_bad_290,longformer-250_254.parquet,longformer-185_189.parquet,pythia-160m-step256-200_399.parquet,pythia-160m-step256-0_199.parquet,-38.629791259765625,-39.30632400512695,6,6
wh_vs_that_no_gap_long_distance,646,Every teenager investigated that the schools that boasted about Rebecca fires that person.,Every teenager investigated who the schools that boasted about Rebecca fires that person.,wh_vs_that_no_gap_long_distance_good_646,wh_vs_that_no_gap_long_distance_bad_646,longformer-1290_1294.parquet,longformer-1285_1289.parquet,pythia-160m-step256-1200_1399.parquet,pythia-160m-step256-1200_1399.parquet,-111.42289733886719,-115.15206909179688,14,14
wh_vs_that_with_gap_long_distance,663,Kevin is remembering what those boys that scratch shouldn't go to.,Kevin is remembering that those boys that scratch shouldn't go to.,wh_vs_that_with_gap_long_distance_good_663,wh_vs_that_with_gap_long_distance_bad_663,longformer-1125_1129.parquet,longformer-1125_1129.parquet,pythia-160m-step256-1000_1199.parquet,pythia-160m-step256-1000_1199.parquet,-80.89247131347656,-76.8770751953125,13,13
wh_vs_that_no_gap,631,The Impressionists realize that this chair doesn't impress Kendra.,The Impressionists realize who this chair doesn't impress Kendra.,wh_vs_that_no_gap_good_631,wh_vs_that_no_gap_bad_631,longformer-1120_1124.parquet,longformer-1110_1114.parquet,pythia-160m-step256-1000_1199.parquet,pythia-160m-step256-1000_1199.parquet,-99.52192687988281,-107.16136169433594,11,11
complex_NP_island,65,Who isn't Karen's friend who couldn't confuse Elaine listening to?,Who isn't Elaine listening to Karen's friend who couldn't confuse?,complex_NP_island_good_65,complex_NP_island_bad_65,longformer-1130_1134.parquet,longformer-1120_1124.parquet,pythia-160m-step256-1000_1199.parquet,pythia-160m-step256-1000_1199.parquet,-93.54153442382812,-91.70459747314453,14,14
matrix_question_npi_licensor_present,358,Has this photograph ever worried Regina?,This photograph has ever worried Regina.,matrix_question_npi_licensor_present_good_358,matrix_question_npi_licensor_present_bad_358,longformer-555_559.parquet,longformer-580_584.parquet,pythia-160m-step256-400_599.parquet,pythia-160m-step256-400_599.parquet,-59.55525207519531,-54.335784912109375,7,7
distractor_agreement_relational_noun,178,A granddaughter of most students says Beth shouldn't refuse to complain about Dana.,A granddaughter of most students say Beth shouldn't refuse to complain about Dana.,distractor_agreement_relational_noun_good_178,distractor_agreement_relational_noun_bad_178,longformer-1250_1254.parquet,longformer-1245_1249.parquet,pythia-160m-step256-1200_1399.parquet,pythia-160m-step256-1200_1399.parquet,-115.37100982666016,-116.39290618896484,15,15
ellipsis_n_bar_1,205,This cashier's classmates exited four new hills and Tonya exited five.,This cashier's classmates exited four hills and Tonya exited five new.,ellipsis_n_bar_1_good_205,ellipsis_n_bar_1_bad_205,longformer-1160_1164.parquet,longformer-1165_1169.parquet,pythia-160m-step256-1000_1199.parquet,pythia-160m-step256-1000_1199.parquet,-120.81562042236328,-122.30847930908203,13,13
principle_A_domain_1,457,Melinda has explained that many ladies haven't referenced her.,Melinda has explained that many ladies haven't referenced herself.,principle_A_domain_1_good_457,principle_A_domain_1_bad_457,longformer-1085_1089.parquet,longformer-1120_1124.parquet,pythia-160m-step256-1000_1199.parquet,pythia-160m-step256-1000_1199.parquet,-79.63409423828125,-82.28341674804688,11,11
principle_A_domain_2,463,Helen has said Noah hid himself.,Helen has said Noah hid herself.,principle_A_domain_2_good_463,principle_A_domain_2_bad_463,longformer-280_284.parquet,longformer-295_299.parquet,pythia-160m-step256-200_399.parquet,pythia-160m-step256-200_399.parquet,-54.00921630859375,-54.82256317138672,7,7
determiner_noun_agreement_2,102,Those projectors aggravate this girl.,Those projectors aggravate these girl.,determiner_noun_agreement_2_good_102,determiner_noun_agreement_2_bad_102,longformer-470_474.parquet,longformer-500_504.parquet,pythia-160m-step256-400_599.parquet,pythia-160m-step256-400_599.parquet,-54.502716064453125,-56.03691864013672,6,6
left_branch_island_echo_question,336,Stacy has questioned which cashier?,Which has Stacy questioned cashier?,left_branch_island_echo_question_good_336,left_branch_island_echo_question_bad_336,longformer-410_414.parquet,longformer-415_419.parquet,pythia-160m-step256-400_599.parquet,pythia-160m-step256-400_599.parquet,-60.88494110107422,-63.09385299682617,6,6
superlative_quantifiers_1,547,No bike has bothered more than seven adults.,No bike has bothered at least seven adults.,superlative_quantifiers_1_good_547,superlative_quantifiers_1_bad_547,longformer-705_709.parquet,longformer-675_679.parquet,pythia-160m-step256-600_799.parquet,pythia-160m-step256-600_799.parquet,-57.26720428466797,-58.31215286254883,9,9
left_branch_island_simple_question,349,Which dancers did that skirt annoy?,Which did that skirt annoy dancers?,left_branch_island_simple_question_good_349,left_branch_island_simple_question_bad_349,longformer-415_419.parquet,longformer-405_409.parquet,pythia-160m-step256-400_599.parquet,pythia-160m-step256-400_599.parquet,-57.97813415527344,-54.94499206542969,7,7
inchoative,273,All closets shut.,All closets conceal.,inchoative_good_273,inchoative_bad_273,longformer-15_19.parquet,longformer-40_44.parquet,pythia-160m-step256-0_199.parquet,pythia-160m-step256-0_199.parquet,-38.65479278564453,-39.15108871459961,4,4
determiner_noun_agreement_with_adjective_1,166,Kayla can't observe those hidden drivers.,Kayla can't observe those hidden driver.,determiner_noun_agreement_with_adjective_1_good_166,determiner_noun_agreement_with_adjective_1_bad_166,longformer-595_599.parquet,longformer-555_559.parquet,pythia-160m-step256-600_799.parquet,pythia-160m-step256-400_599.parquet,-62.25377655029297,-60.983116149902344,8,8
sentential_negation_npi_licensor_present,518,Valerie does not ever manage to like some coats.,Valerie does probably ever manage to like some coats.,sentential_negation_npi_licensor_present_good_518,sentential_negation_npi_licensor_present_bad_518,longformer-810_814.parquet,longformer-935_939.parquet,pythia-160m-step256-800_999.parquet,pythia-160m-step256-800_999.parquet,-67.79832458496094,-74.20610809326172,10,10
ellipsis_n_bar_2,213,This projector did bore one sister of and a lot of glasses did bore more fast sister of.,This projector did bore one unemployed sister of and a lot of glasses did bore more fast.,ellipsis_n_bar_2_good_213,ellipsis_n_bar_2_bad_213,longformer-1280_1284.parquet,longformer-1290_1294.parquet,pythia-160m-step256-1200_1399.parquet,pythia-160m-step256-1200_1399.parquet,-134.75396728515625,-130.6248321533203,19,18
passive_2,412,Judy's handyman isn't referenced.,Judy's handyman isn't nodded.,passive_2_good_412,passive_2_bad_412,longformer-335_339.parquet,longformer-210_214.parquet,pythia-160m-step256-200_399.parquet,pythia-160m-step256-200_399.parquet,-57.94940185546875,-52.72682189941406,7,7
determiner_noun_agreement_irregular_1,110,Those waiters discover those phenomena.,Those waiters discover those phenomenon.,determiner_noun_agreement_irregular_1_good_110,determiner_noun_agreement_irregular_1_bad_110,longformer-535_539.parquet,longformer-590_594.parquet,pythia-160m-step256-400_599.parquet,pythia-160m-step256-400_599.parquet,-47.64242935180664,-47.38080596923828,6,6
wh_vs_that_with_gap_long_distance,665,Julia hadn't figured out what this picture that hadn't existed looks like.,Julia hadn't figured out that this picture that hadn't existed looks like.,wh_vs_that_with_gap_long_distance_good_665,wh_vs_that_with_gap_long_distance_bad_665,longformer-1190_1194.parquet,longformer-1195_1199.parquet,pythia-160m-step256-1000_1199.parquet,pythia-160m-step256-1000_1199.parquet,-92.72196960449219,-90.43594360351562,15,15
existential_there_quantifiers_2,243,Every chair was there astounding Jill.,There was every chair astounding Jill.,existential_there_quantifiers_2_good_243,existential_there_quantifiers_2_bad_243,longformer-495_499.parquet,longformer-500_504.parquet,pythia-160m-step256-400_599.parquet,pythia-160m-step256-400_599.parquet,-60.77030944824219,-61.504432678222656,7,7
npi_present_1,360,Even Alice had certainly obligated Brenda to take the pants.,Even Alice had ever obligated Brenda to take the pants.,npi_present_1_good_360,npi_present_1_bad_360,longformer-1055_1059.parquet,longformer-975_979.parquet,pythia-160m-step256-1000_1199.parquet,pythia-160m-step256-800_999.parquet,-85.48485565185547,-84.18693542480469,11,11
npi_present_1,369,Even every shoe often folded.,Even every shoe ever folded.,npi_present_1_good_369,npi_present_1_bad_369,longformer-210_214.parquet,longformer-165_169.parquet,pythia-160m-step256-200_399.parquet,pythia-160m-step256-0_199.parquet,-42.45939636230469,-41.55668640136719,6,6
coordinate_structure_constraint_object_extraction,83,Who are many mushrooms and Carol disgusting?,Who were many mushrooms disgusting and Carol?,coordinate_structure_constraint_object_extraction_good_83,coordinate_structure_constraint_object_extraction_bad_83,longformer-690_694.parquet,longformer-720_724.parquet,pythia-160m-step256-600_799.parquet,pythia-160m-step256-600_799.parquet,-57.51148986816406,-61.304405212402344,8,8
regular_plural_subject_verb_agreement_1,498,This pedestrian escapes from a lot of movie theaters.,This pedestrian escape from a lot of movie theaters.,regular_plural_subject_verb_agreement_1_good_498,regular_plural_subject_verb_agreement_1_bad_498,longformer-945_949.parquet,longformer-915_919.parquet,pythia-160m-step256-800_999.parquet,pythia-160m-step256-800_999.parquet,-63.56892395019531,-59.48127365112305,10,10
regular_plural_subject_verb_agreement_1,496,Laura has messed up that chair.,Laura have messed up that chair.,regular_plural_subject_verb_agreement_1_good_496,regular_plural_subject_verb_agreement_1_bad_496,longformer-250_254.parquet,longformer-305_309.parquet,pythia-160m-step256-200_399.parquet,pythia-160m-step256-200_399.parquet,-53.386470794677734,-54.49003219604492,7,7
left_branch_island_simple_question,341,Whose closet had Phillip noticed?,Whose had Phillip noticed closet?,left_branch_island_simple_question_good_341,left_branch_island_simple_question_bad_341,longformer-360_364.parquet,longformer-350_354.parquet,pythia-160m-step256-200_399.parquet,pythia-160m-step256-200_399.parquet,-59.53987121582031,-59.242794036865234,6,6
determiner_noun_agreement_with_adj_irregular_2,159,Guys hurts that smart man.,Guys hurts those smart man.,determiner_noun_agreement_with_adj_irregular_2_good_159,determiner_noun_agreement_with_adj_irregular_2_bad_159,longformer-120_124.parquet,longformer-145_149.parquet,pythia-160m-step256-0_199.parquet,pythia-160m-step256-0_199.parquet,-45.12609100341797,-46.810546875,6,6
sentential_subject_island,538,Who is this lamp's stunning some lady alarming.,Who is this lamp's stunning alarming some lady.,sentential_subject_island_good_538,sentential_subject_island_bad_538,longformer-765_769.parquet,longformer-780_784.parquet,pythia-160m-step256-600_799.parquet,pythia-160m-step256-600_799.parquet,-75.4725570678711,-73.51335144042969,10,10
ellipsis_n_bar_2,215,Reports about art hadn't bored one daughter of and Julie hadn't bored some concealed daughter of.,Reports about art hadn't bored one ill daughter of and Julie hadn't bored some concealed.,ellipsis_n_bar_2_good_215,ellipsis_n_bar_2_bad_215,longformer-1305_1309.parquet,longformer-1290_1294.parquet,pythia-160m-step256-1200_1399.parquet,pythia-160m-step256-1200_1399.parquet,-151.55389404296875,-146.5430145263672,19,18
wh_vs_that_no_gap_long_distance,644,A patient finds out that the actress that didn't kiss Veronica returns to Bruce.,A patient finds out who the actress that didn't kiss Veronica returns to Bruce.,wh_vs_that_no_gap_long_distance_good_644,wh_vs_that_no_gap_long_distance_bad_644,longformer-1235_1239.parquet,longformer-1230_1234.parquet,pythia-160m-step256-1200_1399.parquet,pythia-160m-step256-1200_1399.parquet,-112.29833984375,-117.61260986328125,16,16
tough_vs_raising_1,565,That river wasn't interesting to drive to.,That river wasn't about to drive to.,tough_vs_raising_1_good_565,tough_vs_raising_1_bad_565,longformer-640_644.parquet,longformer-440_444.parquet,pythia-160m-step256-600_799.parquet,pythia-160m-step256-400_599.parquet,-50.596065521240234,-49.212162017822266,9,9
expletive_it_object_raising,264,Tammy's contractor is finding it to be weird that most committees should cooperate.,Tammy's contractor persuades it to be weird that most committees should cooperate.,expletive_it_object_raising_good_264,expletive_it_object_raising_bad_264,longformer-1250_1254.parquet,longformer-1240_1244.parquet,pythia-160m-step256-1200_1399.parquet,pythia-160m-step256-1200_1399.parquet,-116.202880859375,-125.75350952148438,15,14
left_branch_island_simple_question,348,Whose hypotheses has Rachel argued about?,Whose has Rachel argued about hypotheses?,left_branch_island_simple_question_good_348,left_branch_island_simple_question_bad_348,longformer-600_604.parquet,longformer-615_619.parquet,pythia-160m-step256-600_799.parquet,pythia-160m-step256-600_799.parquet,-62.877010345458984,-61.96639633178711,7,7
irregular_past_participle_adjectives,296,The forgotten waitress isn't concealed.,The forgot waitress isn't concealed.,irregular_past_participle_adjectives_good_296,irregular_past_participle_adjectives_bad_296,longformer-530_534.parquet,longformer-440_444.parquet,pythia-160m-step256-400_599.parquet,pythia-160m-step256-400_599.parquet,-58.57204055786133,-57.264434814453125,7,7
distractor_agreement_relative_clause,182,The doctor that has impressed these teachers laughs.,The doctor that has impressed these teachers laugh.,distractor_agreement_relative_clause_good_182,distractor_agreement_relative_clause_bad_182,longformer-900_904.parquet,longformer-885_889.parquet,pythia-160m-step256-800_999.parquet,pythia-160m-step256-800_999.parquet,-64.72565460205078,-64.1477279663086,9,9
determiner_noun_agreement_irregular_2,125,Some men discover these fungi.,Some men discover this fungi.,determiner_noun_agreement_irregular_2_good_125,determiner_noun_agreement_irregular_2_bad_125,longformer-225_229.parquet,longformer-200_204.parquet,pythia-160m-step256-200_399.parquet,pythia-160m-step256-200_399.parquet,-38.313453674316406,-39.057987213134766,6,6
expletive_it_object_raising,266,Craig's ex-wives discover it to be unfortunate that Mitchell exercised.,Craig's ex-wives had implored it to be unfortunate that Mitchell exercised.,expletive_it_object_raising_good_266,expletive_it_object_raising_bad_266,longformer-1175_1179.parquet,longformer-1215_1219.parquet,pythia-160m-step256-1000_1199.parquet,pythia-160m-step256-1200_1399.parquet,-106.16223907470703,-119.76619720458984,14,15
existential_there_subject_raising,257,There isn't bound to be a teenager exploring a lake.,There isn't ready to be a teenager exploring a lake.,existential_there_subject_raising_good_257,existential_there_subject_raising_bad_257,longformer-925_929.parquet,longformer-910_914.parquet,pythia-160m-step256-800_999.parquet,pythia-160m-step256-800_999.parquet,-63.045528411865234,-60.7147102355957,12,12
wh_questions_subject_gap_long_distance,620,Candice can investigate that actor that a lot of turtles haven't bothered that concealed every student.,Candice can investigate who that actor that a lot of turtles haven't bothered concealed every student.,wh_questions_subject_gap_long_distance_good_620,wh_questions_subject_gap_long_distance_bad_620,longformer-1320_1324.parquet,longformer-1315_1319.parquet,pythia-160m-step256-1200_1399.parquet,pythia-160m-step256-1200_1399.parquet,-134.6195831298828,-137.73834228515625,18,18
sentential_negation_npi_scope,528,Gina's grandmother that has irritated Cynthia could not ever stand up.,Gina's grandmother that has not irritated Cynthia could ever stand up.,sentential_negation_npi_scope_good_528,sentential_negation_npi_scope_bad_528,longformer-1160_1164.parquet,longformer-1160_1164.parquet,pythia-160m-step256-1000_1199.parquet,pythia-160m-step256-1000_1199.parquet,-104.3449935913086,-106.47881317138672,13,13
superlative_quantifiers_2,553,That driver was researching at most four documentaries.,No driver was researching at most four documentaries.,superlative_quantifiers_2_good_553,superlative_quantifiers_2_bad_553,longformer-980_984.parquet,longformer-940_944.parquet,pythia-160m-step256-800_999.parquet,pythia-160m-step256-800_999.parquet,-67.84122467041016,-68.57392883300781,9,9
principle_A_domain_1,451,Rose isn't thinking that Theodore did visit her.,Rose isn't thinking that Theodore did visit herself.,principle_A_domain_1_good_451,principle_A_domain_1_bad_451,longformer-800_804.parquet,longformer-910_914.parquet,pythia-160m-step256-800_999.parquet,pythia-160m-step256-800_999.parquet,-60.992698669433594,-64.32664489746094,10,10
wh_questions_subject_gap_long_distance,622,Travis should notice this hospital that all mouths annoy that hasn't upset every teacher.,Travis should notice who this hospital that all mouths annoy hasn't upset every teacher.,wh_questions_subject_gap_long_distance_good_622,wh_questions_subject_gap_long_distance_bad_622,longformer-1290_1294.parquet,longformer-1285_1289.parquet,pythia-160m-step256-1200_1399.parquet,pythia-160m-step256-1200_1399.parquet,-131.8831787109375,-135.64962768554688,16,16
principle_A_c_command,423,The pedestrians that exit this museum weren't fleeing from themselves.,The pedestrians that exit this museum weren't fleeing from itself.,principle_A_c_command_good_423,principle_A_c_command_bad_423,longformer-1160_1164.parquet,longformer-1130_1134.parquet,pythia-160m-step256-1000_1199.parquet,pythia-160m-step256-1000_1199.parquet,-85.60066986083984,-86.10497283935547,12,12
coordinate_structure_constraint_complex_left_branch,77,Which women might those boxes bother and the guys see?,Which might those boxes bother women and the guys see?,coordinate_structure_constraint_complex_left_branch_good_77,coordinate_structure_constraint_complex_left_branch_bad_77,longformer-955_959.parquet,longformer-960_964.parquet,pythia-160m-step256-800_999.parquet,pythia-160m-step256-800_999.parquet,-78.06195068359375,-76.48052215576172,11,11
passive_1,407,Brenda wasn't criticized by Paul.,Brenda wasn't shrugged by Paul.,passive_1_good_407,passive_1_bad_407,longformer-345_349.parquet,longformer-260_264.parquet,pythia-160m-step256-200_399.parquet,pythia-160m-step256-200_399.parquet,-57.502742767333984,-58.15238952636719,7,7
sentential_subject_island,531,Who will those libraries' aggravating Tara distract.,Who will those libraries' aggravating distract Tara.,sentential_subject_island_good_531,sentential_subject_island_bad_531,longformer-915_919.parquet,longformer-915_919.parquet,pythia-160m-step256-800_999.parquet,pythia-160m-step256-800_999.parquet,-75.59461975097656,-75.43901824951172,9,9
irregular_past_participle_adjectives,299,The broken chairs aren't whole.,The broke chairs aren't whole.,irregular_past_participle_adjectives_good_299,irregular_past_participle_adjectives_bad_299,longformer-265_269.parquet,longformer-240_244.parquet,pythia-160m-step256-200_399.parquet,pythia-160m-step256-200_399.parquet,-46.250091552734375,-46.87675857543945,7,7
principle_A_case_1,437,Martin thought that he hadn't sounded like Lawrence.,Martin thought that himself hadn't sounded like Lawrence.,principle_A_case_1_good_437,principle_A_case_1_bad_437,longformer-920_924.parquet,longformer-1005_1009.parquet,pythia-160m-step256-800_999.parquet,pythia-160m-step256-1000_1199.parquet,-53.79177474975586,-62.812442779541016,10,10
determiner_noun_agreement_irregular_2,128,Ann will lift those geese.,Ann will lift that geese.,determiner_noun_agreement_irregular_2_good_128,determiner_noun_agreement_irregular_2_bad_128,longformer-125_129.parquet,longformer-100_104.parquet,pythia-160m-step256-0_199.parquet,pythia-160m-step256-0_199.parquet,-47.78147506713867,-46.18922424316406,6,6
wh_questions_subject_gap_long_distance,623,Rose has noticed cakes that some pedestrians were discovering that scared the banks.,Rose has noticed what cakes that some pedestrians were discovering scared the banks.,wh_questions_subject_gap_long_distance_good_623,wh_questions_subject_gap_long_distance_bad_623,longformer-1255_1259.parquet,longformer-1260_1264.parquet,pythia-160m-step256-1200_1399.parquet,pythia-160m-step256-1200_1399.parquet,-98.6240463256836,-101.7703857421875,14,14
only_npi_scope,399,Only this son of Marla that Carmen has distracted had ever practiced.,This son of Marla that only Carmen has distracted had ever practiced.,only_npi_scope_good_399,only_npi_scope_bad_399,longformer-1150_1154.parquet,longformer-1155_1159.parquet,pythia-160m-step256-1000_1199.parquet,pythia-160m-step256-1000_1199.parquet,-107.63340759277344,-107.70743560791016,13,13
determiner_noun_agreement_with_adj_2,131,This bread astounded these concealed customers.,This bread astounded this concealed customers.,determiner_noun_agreement_with_adj_2_good_131,determiner_noun_agreement_with_adj_2_bad_131,longformer-795_799.parquet,longformer-750_754.parquet,pythia-160m-step256-600_799.parquet,pythia-160m-step256-600_799.parquet,-62.92650604248047,-61.43462371826172,7,7
expletive_it_object_raising,263,Karla's employee wanted it to be pleasant that Gregory looks to sell some sweater.,Karla's employee badgered it to be pleasant that Gregory looks to sell some sweater.,expletive_it_object_raising_good_263,expletive_it_object_raising_bad_263,longformer-1240_1244.parquet,longformer-1260_1264.parquet,pythia-160m-step256-1200_1399.parquet,pythia-160m-step256-1200_1399.parquet,-112.95503234863281,-127.3465805053711,16,16
determiner_noun_agreement_irregular_2,121,Senators mess up those feet.,Senators mess up that feet.,determiner_noun_agreement_irregular_2_good_121,determiner_noun_agreement_irregular_2_bad_121,longformer-170_174.parquet,longformer-140_144.parquet,pythia-160m-step256-0_199.parquet,pythia-160m-step256-0_199.parquet,-48.8450927734375,-49.03072738647461,6,6
anaphor_gender_agreement,16,Barbara is noticing herself.,Barbara is noticing himself.,anaphor_gender_agreement_good_16,anaphor_gender_agreement_bad_16,longformer-190_194.parquet,longformer-180_184.parquet,pythia-160m-step256-0_199.parquet,pythia-160m-step256-0_199.parquet,-41.462615966796875,-41.34718322753906,5,5
drop_argument,190,Jill's French teacher had observed.,Jill's French teacher had looked like.,drop_argument_good_190,drop_argument_bad_190,longformer-400_404.parquet,longformer-490_494.parquet,pythia-160m-step256-400_599.parquet,pythia-160m-step256-400_599.parquet,-50.51444625854492,-53.95773696899414,7,8
sentential_subject_island,533,Who are all children' messing up that hospital embarrassing.,Who are all children' messing up embarrassing that hospital.,sentential_subject_island_good_533,sentential_subject_island_bad_533,longformer-1070_1074.parquet,longformer-1055_1059.parquet,pythia-160m-step256-1000_1199.parquet,pythia-160m-step256-1000_1199.parquet,-79.68972778320312,-79.63835906982422,11,11
determiner_noun_agreement_with_adj_2,134,Many actresses care for those delighted senators.,Many actresses care for that delighted senators.,determiner_noun_agreement_with_adj_2_good_134,determiner_noun_agreement_with_adj_2_bad_134,longformer-835_839.parquet,longformer-820_824.parquet,pythia-160m-step256-800_999.parquet,pythia-160m-step256-800_999.parquet,-59.46640396118164,-58.912742614746094,8,8
existential_there_subject_raising,255,There had turned out to be some granddaughters of this teacher conspiring.,There had wished to be some granddaughters of this teacher conspiring.,existential_there_subject_raising_good_255,existential_there_subject_raising_bad_255,longformer-1190_1194.parquet,longformer-1165_1169.parquet,pythia-160m-step256-1000_1199.parquet,pythia-160m-step256-1000_1199.parquet,-105.48755645751953,-104.56277465820312,13,12
principle_A_domain_3,471,Valerie says Marcus couldn't escape from himself.,Marcus says Valerie couldn't escape from himself.,principle_A_domain_3_good_471,principle_A_domain_3_bad_471,longformer-840_844.parquet,longformer-835_839.parquet,pythia-160m-step256-800_999.parquet,pythia-160m-step256-800_999.parquet,-66.12930297851562,-68.60821533203125,9,9
sentential_subject_island,539,Who did most legislatures' talking about Stephen upset.,Who did most legislatures' talking about upset Stephen.,sentential_subject_island_good_539,sentential_subject_island_bad_539,longformer-980_984.parquet,longformer-985_989.parquet,pythia-160m-step256-800_999.parquet,pythia-160m-step256-800_999.parquet,-81.34390258789062,-84.61563873291016,10,10
only_npi_licensor_present,387,Only Julie ever respects Elaine.,Even Julie ever respects Elaine.,only_npi_licensor_present_good_387,only_npi_licensor_present_bad_387,longformer-285_289.parquet,longformer-285_289.parquet,pythia-160m-step256-200_399.parquet,pythia-160m-step256-200_399.parquet,-51.455604553222656,-52.657005310058594,6,6
wh_questions_object_gap,600,The senators question the boys that Travis hid.,The senators question who Travis hid the boys.,wh_questions_object_gap_good_600,wh_questions_object_gap_bad_600,longformer-765_769.parquet,longformer-735_739.parquet,pythia-160m-step256-600_799.parquet,pythia-160m-step256-600_799.parquet,-71.83531188964844,-71.22503662109375,9,9
wh_questions_subject_gap_long_distance,628,Those doctors think about all associations that a lot of schools aren't worrying that admire this stimulus.,Those doctors think about what all associations that a lot of schools aren't worrying admire this stimulus.,wh_questions_subject_gap_long_distance_good_628,wh_questions_subject_gap_long_distance_bad_628,longformer-1330_1334.parquet,longformer-1325_1329.parquet,pythia-160m-step256-1200_1399.parquet,pythia-160m-step256-1200_1399.parquet,-117.78401184082031,-121.74137878417969,19,19
principle_A_domain_3,476,Sara says Chad's brother notices himself.,Chad's brother says Sara notices himself.,principle_A_domain_3_good_476,principle_A_domain_3_bad_476,longformer-625_629.parquet,longformer-595_599.parquet,pythia-160m-step256-600_799.parquet,pythia-160m-step256-600_799.parquet,-66.74136352539062,-64.99445343017578,8,8
existential_there_object_raising,229,A sister of the teacher isn't anticipating there to be some carts maneuvering.,A sister of the teacher isn't compelling there to be some carts maneuvering.,existential_there_object_raising_good_229,existential_there_object_raising_bad_229,longformer-1230_1234.parquet,longformer-1220_1224.parquet,pythia-160m-step256-1200_1399.parquet,pythia-160m-step256-1200_1399.parquet,-111.99738311767578,-106.42362976074219,15,15
intransitive,285,All guests are hiding away.,All guests are disagreeing with.,intransitive_good_285,intransitive_bad_285,longformer-155_159.parquet,longformer-295_299.parquet,pythia-160m-step256-0_199.parquet,pythia-160m-step256-200_399.parquet,-38.348716735839844,-47.2310791015625,6,6
only_npi_licensor_present,386,Only these students ever found out who isn't prompting a waiter to yawn.,Even these students ever found out who isn't prompting a waiter to yawn.,only_npi_licensor_present_good_386,only_npi_licensor_present_bad_386,longformer-1180_1184.parquet,longformer-1185_1189.parquet,pythia-160m-step256-1000_1199.parquet,pythia-160m-step256-1000_1199.parquet,-107.76744842529297,-105.3859634399414,15,15
animate_subject_passive,33,Some newspaper articles weren't examined by the actor.,Some newspaper articles weren't examined by the nuclei.,animate_subject_passive_good_33,animate_subject_passive_bad_33,longformer-950_954.parquet,longformer-965_969.parquet,pythia-160m-step256-800_999.parquet,pythia-160m-step256-800_999.parquet,-60.93462371826172,-61.99439239501953,10,10
adjunct_island,6,Who did Emily leave without curing Alan?,Who did Emily leave Alan without curing?,adjunct_island_good_6,adjunct_island_bad_6,longformer-575_579.parquet,longformer-590_594.parquet,pythia-160m-step256-400_599.parquet,pythia-160m-step256-400_599.parquet,-66.2978515625,-66.33057403564453,8,8
existential_there_object_raising,221,Judy's associate didn't anticipate there to be a car aggravating Patricia.,Judy's associate didn't urge there to be a car aggravating Patricia.,existential_there_object_raising_good_221,existential_there_object_raising_bad_221,longformer-1190_1194.parquet,longformer-1140_1144.parquet,pythia-160m-step256-1000_1199.parquet,pythia-160m-step256-1000_1199.parquet,-96.65086364746094,-98.07127380371094,14,14
transitive,580,The Lutherans' boyfriend shouldn't stun Joseph's nephews.,The Lutherans' boyfriend shouldn't concur Joseph's nephews.,transitive_good_580,transitive_bad_580,longformer-1010_1014.parquet,longformer-1050_1054.parquet,pythia-160m-step256-1000_1199.parquet,pythia-160m-step256-1000_1199.parquet,-105.88004302978516,-101.08180236816406,11,11
wh_vs_that_with_gap_long_distance,666,The government had known who most associations that joke around talk to.,The government had known that most associations that joke around talk to.,wh_vs_that_with_gap_long_distance_good_666,wh_vs_that_with_gap_long_distance_bad_666,longformer-1175_1179.parquet,longformer-1185_1189.parquet,pythia-160m-step256-1000_1199.parquet,pythia-160m-step256-1000_1199.parquet,-90.77498626708984,-84.20275115966797,13,13
tough_vs_raising_1,562,Every guest's podiatrist isn't difficult to fire.,Every guest's podiatrist isn't soon to fire.,tough_vs_raising_1_good_562,tough_vs_raising_1_bad_562,longformer-845_849.parquet,longformer-705_709.parquet,pythia-160m-step256-800_999.parquet,pythia-160m-step256-600_799.parquet,-79.47197723388672,-81.29064178466797,10,10
complex_NP_island,64,Who hasn't Joseph's student that saw a teacher cared for?,Who hasn't a teacher cared for Joseph's student that saw?,complex_NP_island_good_64,complex_NP_island_bad_64,longformer-1010_1014.parquet,longformer-1020_1024.parquet,pythia-160m-step256-1000_1199.parquet,pythia-160m-step256-1000_1199.parquet,-85.51728820800781,-86.92351531982422,13,13
determiner_noun_agreement_with_adj_2,138,Deborah couldn't remember this concealed high school.,Deborah couldn't remember these concealed high school.,determiner_noun_agreement_with_adj_2_good_138,determiner_noun_agreement_with_adj_2_bad_138,longformer-945_949.parquet,longformer-950_954.parquet,pythia-160m-step256-800_999.parquet,pythia-160m-step256-800_999.parquet,-63.96542739868164,-65.75981903076172,9,9
principle_A_reconstruction,484,It's herself who Amanda might criticize.,It's herself who might criticize Amanda.,principle_A_reconstruction_good_484,principle_A_reconstruction_bad_484,longformer-575_579.parquet,longformer-570_574.parquet,pythia-160m-step256-400_599.parquet,pythia-160m-step256-400_599.parquet,-57.06885528564453,-54.75862503051758,8,8
animate_subject_passive,37,Many ladders weren't climbed down by some child.,Many ladders weren't climbed down by some tooth.,animate_subject_passive_good_37,animate_subject_passive_bad_37,longformer-795_799.parquet,longformer-820_824.parquet,pythia-160m-step256-800_999.parquet,pythia-160m-step256-800_999.parquet,-73.57842254638672,-76.03577423095703,10,10
principle_A_domain_2,467,April imagines Clyde cures himself.,April imagines Clyde cures herself.,principle_A_domain_2_good_467,principle_A_domain_2_bad_467,longformer-425_429.parquet,longformer-415_419.parquet,pythia-160m-step256-400_599.parquet,pythia-160m-step256-400_599.parquet,-65.21942138671875,-66.25580596923828,6,6
passive_1,403,Larry's oncologists aren't helped by Spain.,Larry's oncologists aren't struggled by Spain.,passive_1_good_403,passive_1_bad_403,longformer-675_679.parquet,longformer-745_749.parquet,pythia-160m-step256-600_799.parquet,pythia-160m-step256-600_799.parquet,-72.92274475097656,-73.45668029785156,9,9
transitive,582,Amy's cousins distracts a lot of women.,Amy's cousins reply a lot of women.,transitive_good_582,transitive_bad_582,longformer-540_544.parquet,longformer-410_414.parquet,pythia-160m-step256-400_599.parquet,pythia-160m-step256-400_599.parquet,-70.39444732666016,-61.265541076660156,9,9
principle_A_case_2,445,Most dancers forget about themselves embarrassing the people.,Most dancers forget about themselves embarrass the people.,principle_A_case_2_good_445,principle_A_case_2_bad_445,longformer-1075_1079.parquet,longformer-1030_1034.parquet,pythia-160m-step256-1000_1199.parquet,pythia-160m-step256-1000_1199.parquet,-63.243221282958984,-64.82331085205078,9,9
wh_vs_that_with_gap,651,Holly conceals what the patients are driving to.,Holly conceals that the patients are driving to.,wh_vs_that_with_gap_good_651,wh_vs_that_with_gap_bad_651,longformer-815_819.parquet,longformer-810_814.parquet,pythia-160m-step256-800_999.parquet,pythia-160m-step256-800_999.parquet,-74.22636413574219,-70.49020385742188,9,9
drop_argument,198,Every teenager isn't descending.,Every teenager isn't dropping by.,drop_argument_good_198,drop_argument_bad_198,longformer-315_319.parquet,longformer-325_329.parquet,pythia-160m-step256-200_399.parquet,pythia-160m-step256-200_399.parquet,-38.91807556152344,-45.376190185546875,6,7
principle_A_case_1,432,Kathleen had imagined that she had argued about every person.,Kathleen had imagined that herself had argued about every person.,principle_A_case_1_good_432,principle_A_case_1_bad_432,longformer-1075_1079.parquet,longformer-1115_1119.parquet,pythia-160m-step256-1000_1199.parquet,pythia-160m-step256-1000_1199.parquet,-78.26847076416016,-88.25196838378906,11,11
tough_vs_raising_2,573,Melinda's guests aren't about to yearn to sit down.,Melinda's guests aren't unpleasant to yearn to sit down.,tough_vs_raising_2_good_573,tough_vs_raising_2_bad_573,longformer-890_894.parquet,longformer-1000_1004.parquet,pythia-160m-step256-800_999.parquet,pythia-160m-step256-800_999.parquet,-87.67310333251953,-94.32377624511719,12,12
existential_there_object_raising,222,Some doctors declared there to be a play upsetting that library.,Some doctors oblige there to be a play upsetting that library.,existential_there_object_raising_good_222,existential_there_object_raising_bad_222,longformer-1105_1109.parquet,longformer-1080_1084.parquet,pythia-160m-step256-1000_1199.parquet,pythia-160m-step256-1000_1199.parquet,-85.35350036621094,-92.88660430908203,12,12
ellipsis_n_bar_1,208,Clyde might insult many good plays about and the Clintons might insult few.,Clyde might insult many plays about and the Clintons might insult few good.,ellipsis_n_bar_1_good_208,ellipsis_n_bar_1_bad_208,longformer-1215_1219.parquet,longformer-1210_1214.parquet,pythia-160m-step256-1200_1399.parquet,pythia-160m-step256-1200_1399.parquet,-132.830322265625,-131.4453582763672,14,14
inchoative,271,Some car is crashing.,Some car is looking like.,inchoative_good_271,inchoative_bad_271,longformer-45_49.parquet,longformer-95_99.parquet,pythia-160m-step256-0_199.parquet,pythia-160m-step256-0_199.parquet,-32.66160202026367,-34.504085540771484,5,6
irregular_plural_subject_verb_agreement_2,323,The woman drinks.,The women drinks.,irregular_plural_subject_verb_agreement_2_good_323,irregular_plural_subject_verb_agreement_2_bad_323,longformer-20_24.parquet,longformer-15_19.parquet,pythia-160m-step256-0_199.parquet,pythia-160m-step256-0_199.parquet,-25.150928497314453,-23.331167221069336,4,4
tough_vs_raising_1,566,Some oasis isn't boring to escape from.,Some oasis isn't about to escape from.,tough_vs_raising_1_good_566,tough_vs_raising_1_bad_566,longformer-545_549.parquet,longformer-515_519.parquet,pythia-160m-step256-400_599.parquet,pythia-160m-step256-400_599.parquet,-61.71710205078125,-56.98571014404297,9,9
regular_plural_subject_verb_agreement_2,509,The bank hasn't resembled this sketch.,The banks hasn't resembled this sketch.,regular_plural_subject_verb_agreement_2_good_509,regular_plural_subject_verb_agreement_2_bad_509,longformer-485_489.parquet,longformer-520_524.parquet,pythia-160m-step256-400_599.parquet,pythia-160m-step256-400_599.parquet,-55.2098274230957,-56.84870910644531,8,8
existential_there_subject_raising,258,There turns out to be an essay boring Holly.,There wishes to be an essay boring Holly.,existential_there_subject_raising_good_258,existential_there_subject_raising_bad_258,longformer-690_694.parquet,longformer-595_599.parquet,pythia-160m-step256-600_799.parquet,pythia-160m-step256-600_799.parquet,-64.66835021972656,-60.20794677734375,10,9
regular_plural_subject_verb_agreement_1,492,Actors examine the plays.,Actors examines the plays.,regular_plural_subject_verb_agreement_1_good_492,regular_plural_subject_verb_agreement_1_bad_492,longformer-110_114.parquet,longformer-130_134.parquet,pythia-160m-step256-0_199.parquet,pythia-160m-step256-0_199.parquet,-38.605472564697266,-40.42011260986328,5,5
existential_there_quantifiers_1,239,There were few nephews of Andrea threatening to speak up.,There were all nephews of Andrea threatening to speak up.,existential_there_quantifiers_1_good_239,existential_there_quantifiers_1_bad_239,longformer-1015_1019.parquet,longformer-1000_1004.parquet,pythia-160m-step256-1000_1199.parquet,pythia-160m-step256-1000_1199.parquet,-86.30001068115234,-83.56771850585938,11,11
expletive_it_object_raising,268,Phillip hadn't discovered it to be apparent that Travis walked through all libraries.,Phillip couldn't prod it to be apparent that Travis walked through all libraries.,expletive_it_object_raising_good_268,expletive_it_object_raising_bad_268,longformer-1265_1269.parquet,longformer-1235_1239.parquet,pythia-160m-step256-1200_1399.parquet,pythia-160m-step256-1200_1399.parquet,-112.88951873779297,-115.3804931640625,15,15
ellipsis_n_bar_1,201,Kevin can return to a few employed sisters and Anne's ex-girlfriend can return to several.,Kevin can return to a few sisters and Anne's ex-girlfriend can return to several employed.,ellipsis_n_bar_1_good_201,ellipsis_n_bar_1_bad_201,longformer-1295_1299.parquet,longformer-1290_1294.parquet,pythia-160m-step256-1200_1399.parquet,pythia-160m-step256-1200_1399.parquet,-127.01402282714844,-124.10400390625,19,19
expletive_it_object_raising,269,Claire discovered it to be normal that every university won't find out who wastes away.,Claire couldn't persuade it to be normal that every university won't find out who wastes away.,expletive_it_object_raising_good_269,expletive_it_object_raising_bad_269,longformer-1275_1279.parquet,longformer-1300_1304.parquet,pythia-160m-step256-1200_1399.parquet,pythia-160m-step256-1200_1399.parquet,-114.89530944824219,-123.18504333496094,17,19
adjunct_island,5,Who could Marie think about before referencing James?,Who could Marie think about James before referencing?,adjunct_island_good_5,adjunct_island_bad_5,longformer-945_949.parquet,longformer-930_934.parquet,pythia-160m-step256-800_999.parquet,pythia-160m-step256-800_999.parquet,-65.8436508178711,-66.97238159179688,9,9
npi_present_1,363,Even most legislatures clearly urged that university to listen to a man.,Even most legislatures ever urged that university to listen to a man.,npi_present_1_good_363,npi_present_1_bad_363,longformer-1180_1184.parquet,longformer-1150_1154.parquet,pythia-160m-step256-1000_1199.parquet,pythia-160m-step256-1000_1199.parquet,-92.68611145019531,-91.1483383178711,13,13
passive_1,409,Theresa was forgotten by every son of Joseph.,Theresa was concurred by every son of Joseph.,passive_1_good_409,passive_1_bad_409,longformer-710_714.parquet,longformer-720_724.parquet,pythia-160m-step256-600_799.parquet,pythia-160m-step256-600_799.parquet,-65.81497192382812,-75.64791870117188,9,9
causative,54,Eva wasn't evaporating some icicle.,Eva wasn't falling some icicle.,causative_good_54,causative_bad_54,longformer-410_414.parquet,longformer-260_264.parquet,pythia-160m-step256-400_599.parquet,pythia-160m-step256-200_399.parquet,-71.18711853027344,-62.829833984375,7,7
left_branch_island_simple_question,346,Which offspring did Florence leave?,Which did Florence leave offspring?,left_branch_island_simple_question_good_346,left_branch_island_simple_question_bad_346,longformer-415_419.parquet,longformer-430_434.parquet,pythia-160m-step256-400_599.parquet,pythia-160m-step256-400_599.parquet,-51.26729965209961,-48.28839111328125,6,6
only_npi_scope,394,Only Judy's husband that most drivers should care for would ever appreciate Laura.,Judy's husband that only most drivers should care for would ever appreciate Laura.,only_npi_scope_good_394,only_npi_scope_bad_394,longformer-1245_1249.parquet,longformer-1240_1244.parquet,pythia-160m-step256-1200_1399.parquet,pythia-160m-step256-1200_1399.parquet,-109.03955078125,-111.08522033691406,15,15
sentential_subject_island,537,Who will the convertible's confusing those women worry.,Who will the convertible's confusing worry those women.,sentential_subject_island_good_537,sentential_subject_island_bad_537,longformer-970_974.parquet,longformer-980_984.parquet,pythia-160m-step256-800_999.parquet,pythia-160m-step256-800_999.parquet,-78.34127044677734,-79.35391998291016,10,10
wh_island,598,Who hasn't Kristin learned she can care for?,Who hasn't Kristin learned who can care for?,wh_island_good_598,wh_island_bad_598,longformer-680_684.parquet,longformer-700_704.parquet,pythia-160m-step256-600_799.parquet,pythia-160m-step256-600_799.parquet,-71.09481048583984,-70.53440856933594,10,10
existential_there_quantifiers_2,242,Most carriages weren't there impressing Patricia.,There weren't most carriages impressing Patricia.,existential_there_quantifiers_2_good_242,existential_there_quantifiers_2_bad_242,longformer-845_849.parquet,longformer-835_839.parquet,pythia-160m-step256-800_999.parquet,pythia-160m-step256-800_999.parquet,-76.87918853759766,-77.73697662353516,8,8
animate_subject_passive,31,That mirror wasn't broken by some girls.,That mirror wasn't broken by some newspaper article.,animate_subject_passive_good_31,animate_subject_passive_bad_31,longformer-560_564.parquet,longformer-905_909.parquet,pythia-160m-step256-400_599.parquet,pythia-160m-step256-800_999.parquet,-55.151546478271484,-65.4752426147461,9,10
superlative_quantifiers_1,544,No book does confuse more than four doctors.,No book does confuse at least four doctors.,superlative_quantifiers_1_good_544,superlative_quantifiers_1_bad_544,longformer-690_694.parquet,longformer-675_679.parquet,pythia-160m-step256-600_799.parquet,pythia-160m-step256-600_799.parquet,-56.69331359863281,-59.998680114746094,9,9
regular_plural_subject_verb_agreement_2,504,The scarves shrink.,The scarf shrink.,regular_plural_subject_verb_agreement_2_good_504,regular_plural_subject_verb_agreement_2_bad_504,longformer-30_34.parquet,longformer-20_24.parquet,pythia-160m-step256-0_199.parquet,pythia-160m-step256-0_199.parquet,-38.027366638183594,-31.11947250366211,4,4
principle_A_domain_1,456,Alicia has thought that Edward hides her.,Alicia has thought that Edward hides herself.,principle_A_domain_1_good_456,principle_A_domain_1_bad_456,longformer-610_614.parquet,longformer-710_714.parquet,pythia-160m-step256-600_799.parquet,pythia-160m-step256-600_799.parquet,-68.19026184082031,-71.38168334960938,8,8
principle_A_case_1,431,Tamara thinks that she praised every story.,Tamara thinks that herself praised every story.,principle_A_case_1_good_431,principle_A_case_1_bad_431,longformer-670_674.parquet,longformer-790_794.parquet,pythia-160m-step256-600_799.parquet,pythia-160m-step256-600_799.parquet,-61.08970642089844,-67.52056884765625,8,8
wh_island,590,What have a lot of cashiers concealed they found?,What have a lot of cashiers concealed who found?,wh_island_good_590,wh_island_bad_590,longformer-830_834.parquet,longformer-805_809.parquet,pythia-160m-step256-800_999.parquet,pythia-160m-step256-800_999.parquet,-69.28446197509766,-69.34349822998047,10,10
regular_plural_subject_verb_agreement_2,507,The cashier has bought the ice cream.,The cashiers has bought the ice cream.,regular_plural_subject_verb_agreement_2_good_507,regular_plural_subject_verb_agreement_2_bad_507,longformer-470_474.parquet,longformer-505_509.parquet,pythia-160m-step256-400_599.parquet,pythia-160m-step256-400_599.parquet,-57.77004623413086,-61.068115234375,8,8
passive_2,414,The boy isn't disturbed.,The boy isn't grinned.,passive_2_good_414,passive_2_bad_414,longformer-80_84.parquet,longformer-55_59.parquet,pythia-160m-step256-0_199.parquet,pythia-160m-step256-0_199.parquet,-35.16292190551758,-35.14302062988281,6,6
wh_vs_that_no_gap,635,This dancer knows that the teenagers question Cindy.,This dancer knows who the teenagers question Cindy.,wh_vs_that_no_gap_good_635,wh_vs_that_no_gap_bad_635,longformer-900_904.parquet,longformer-895_899.parquet,pythia-160m-step256-800_999.parquet,pythia-160m-step256-800_999.parquet,-77.72179412841797,-81.17782592773438,9,9
determiner_noun_agreement_irregular_1,113,Suzanne doesn't think about those syntheses.,Suzanne doesn't think about those synthesis.,determiner_noun_agreement_irregular_1_good_113,determiner_noun_agreement_irregular_1_bad_113,longformer-700_704.parquet,longformer-680_684.parquet,pythia-160m-step256-600_799.parquet,pythia-160m-step256-600_799.parquet,-69.91029357910156,-57.0120849609375,8,8
causative,55,Paula heals Larry's grandson.,Paula bakes Larry's grandson.,causative_good_55,causative_bad_55,longformer-215_219.parquet,longformer-195_199.parquet,pythia-160m-step256-200_399.parquet,pythia-160m-step256-200_399.parquet,-61.15277862548828,-60.0765495300293,6,6
principle_A_domain_1,453,Maria explained that those guys won't respect her.,Maria explained that those guys won't respect herself.,principle_A_domain_1_good_453,principle_A_domain_1_bad_453,longformer-850_854.parquet,longformer-955_959.parquet,pythia-160m-step256-800_999.parquet,pythia-160m-step256-800_999.parquet,-60.26675033569336,-62.77921676635742,10,10
wh_vs_that_no_gap,636,Ann hasn't discovered that all scarves were shocking a lot of girls.,Ann hasn't discovered who all scarves were shocking a lot of girls.,wh_vs_that_no_gap_good_636,wh_vs_that_no_gap_bad_636,longformer-1145_1149.parquet,longformer-1135_1139.parquet,pythia-160m-step256-1000_1199.parquet,pythia-160m-step256-1000_1199.parquet,-95.1181411743164,-101.11006164550781,14,14
principle_A_domain_2,464,The Clintons imagine Rose wasn't healing herself.,The Clintons imagine Rose wasn't healing themselves.,principle_A_domain_2_good_464,principle_A_domain_2_bad_464,longformer-825_829.parquet,longformer-905_909.parquet,pythia-160m-step256-800_999.parquet,pythia-160m-step256-800_999.parquet,-76.28915405273438,-74.83200073242188,9,9
principle_A_c_command,426,That car that annoyed waitresses can upset itself.,That car that annoyed waitresses can upset themselves.,principle_A_c_command_good_426,principle_A_c_command_bad_426,longformer-855_859.parquet,longformer-960_964.parquet,pythia-160m-step256-800_999.parquet,pythia-160m-step256-800_999.parquet,-78.3881607055664,-77.64009857177734,9,9
wh_questions_object_gap,604,Christine hasn't researched some thesis that Homer conceals.,Christine hasn't researched what Homer conceals some thesis.,wh_questions_object_gap_good_604,wh_questions_object_gap_bad_604,longformer-1050_1054.parquet,longformer-1060_1064.parquet,pythia-160m-step256-1000_1199.parquet,pythia-160m-step256-1000_1199.parquet,-89.23518371582031,-92.48687744140625,10,10
complex_NP_island,69,Who wouldn't Stephen's mother who will like Sarah stun?,Who wouldn't Sarah stun Stephen's mother who will like?,complex_NP_island_good_69,complex_NP_island_bad_69,longformer-985_989.parquet,longformer-985_989.parquet,pythia-160m-step256-800_999.parquet,pythia-160m-step256-800_999.parquet,-82.5979995727539,-85.09503936767578,12,12
irregular_past_participle_adjectives,292,The known cashier is delighted.,The knew cashier is delighted.,irregular_past_participle_adjectives_good_292,irregular_past_participle_adjectives_bad_292,longformer-275_279.parquet,longformer-225_229.parquet,pythia-160m-step256-200_399.parquet,pythia-160m-step256-200_399.parquet,-47.20923614501953,-50.49665069580078,6,6
existential_there_subject_raising,252,There isn't seeming to be a lady finding the Clintons to conspire.,There isn't neglecting to be a lady finding the Clintons to conspire.,existential_there_subject_raising_good_252,existential_there_subject_raising_bad_252,longformer-1125_1129.parquet,longformer-1145_1149.parquet,pythia-160m-step256-1000_1199.parquet,pythia-160m-step256-1000_1199.parquet,-100.37893676757812,-105.52501678466797,14,14
anaphor_gender_agreement,19,Diane had concealed herself.,Diane had concealed himself.,anaphor_gender_agreement_good_19,anaphor_gender_agreement_bad_19,longformer-175_179.parquet,longformer-175_179.parquet,pythia-160m-step256-0_199.parquet,pythia-160m-step256-0_199.parquet,-44.20105743408203,-43.724884033203125,5,5
wh_vs_that_with_gap,652,Some teenagers remember who this sketch looks like.,Some teenagers remember that this sketch looks like.,wh_vs_that_with_gap_good_652,wh_vs_that_with_gap_bad_652,longformer-895_899.parquet,longformer-925_929.parquet,pythia-160m-step256-800_999.parquet,pythia-160m-step256-800_999.parquet,-65.03434753417969,-59.183074951171875,9,9
causative,59,The teenagers fade all screens.,The teenagers waste away all screens.,causative_good_59,causative_bad_59,longformer-265_269.parquet,longformer-470_474.parquet,pythia-160m-step256-200_399.parquet,pythia-160m-step256-400_599.parquet,-49.346336364746094,-54.53974533081055,6,7
superlative_quantifiers_2,556,That government could praise at least eight ladies.,No government could praise at least eight ladies.,superlative_quantifiers_2_good_556,superlative_quantifiers_2_bad_556,longformer-900_904.parquet,longformer-845_849.parquet,pythia-160m-step256-800_999.parquet,pythia-160m-step256-800_999.parquet,-57.76369094848633,-56.10272979736328,9,9
existential_there_quantifiers_2,241,All convertibles weren't there existing.,There weren't all convertibles existing.,existential_there_quantifiers_2_good_241,existential_there_quantifiers_2_bad_241,longformer-575_579.parquet,longformer-565_569.parquet,pythia-160m-step256-400_599.parquet,pythia-160m-step256-400_599.parquet,-58.4789924621582,-58.09894561767578,7,7
wh_vs_that_with_gap_long_distance,661,Keith revealed what some cashiers that haven't hugged hadn't arrived at.,Keith revealed that some cashiers that haven't hugged hadn't arrived at.,wh_vs_that_with_gap_long_distance_good_661,wh_vs_that_with_gap_long_distance_bad_661,longformer-1180_1184.parquet,longformer-1185_1189.parquet,pythia-160m-step256-1000_1199.parquet,pythia-160m-step256-1000_1199.parquet,-111.32186889648438,-106.60279846191406,14,14
complex_NP_island,63,Who hadn't Suzanne's ex-husbands who questioned Jodi watched?,Who hadn't Jodi watched Suzanne's ex-husbands who questioned?,complex_NP_island_good_63,complex_NP_island_bad_63,longformer-1075_1079.parquet,longformer-1070_1074.parquet,pythia-160m-step256-1000_1199.parquet,pythia-160m-step256-1000_1199.parquet,-128.6504364013672,-129.26361083984375,13,13
principle_A_case_2,448,The Lutherans think about themselves questioning Janice.,The Lutherans think about themselves questioned Janice.,principle_A_case_2_good_448,principle_A_case_2_bad_448,longformer-1000_1004.parquet,longformer-970_974.parquet,pythia-160m-step256-800_999.parquet,pythia-160m-step256-800_999.parquet,-74.99050903320312,-73.24362182617188,8,8
only_npi_licensor_present,381,Only Paula ever intends to escape from Carrie.,Even Paula ever intends to escape from Carrie.,only_npi_licensor_present_good_381,only_npi_licensor_present_bad_381,longformer-755_759.parquet,longformer-735_739.parquet,pythia-160m-step256-600_799.parquet,pythia-160m-step256-600_799.parquet,-62.563907623291016,-62.52705001831055,9,9
ellipsis_n_bar_1,202,Bethany wasn't discovering one white library and many guests' electricians weren't discovering many.,Bethany wasn't discovering one library and many guests' electricians weren't discovering many white.,ellipsis_n_bar_1_good_202,ellipsis_n_bar_1_bad_202,longformer-1310_1314.parquet,longformer-1310_1314.parquet,pythia-160m-step256-1200_1399.parquet,pythia-160m-step256-1200_1399.parquet,-147.5812225341797,-144.447509765625,17,17
intransitive,288,These associations are profiting.,These associations are concealing.,intransitive_good_288,intransitive_bad_288,longformer-320_324.parquet,longformer-365_369.parquet,pythia-160m-step256-200_399.parquet,pythia-160m-step256-200_399.parquet,-39.23161697387695,-39.87387466430664,5,5
superlative_quantifiers_2,552,A waitress does dislike at most two women.,No waitress does dislike at most two women.,superlative_quantifiers_2_good_552,superlative_quantifiers_2_bad_552,longformer-630_634.parquet,longformer-665_669.parquet,pythia-160m-step256-600_799.parquet,pythia-160m-step256-600_799.parquet,-70.2281494140625,-67.84288024902344,9,9
coordinate_structure_constraint_complex_left_branch,72,What guests will Mary respect and Spain worry?,What will Mary respect guests and Spain worry?,coordinate_structure_constraint_complex_left_branch_good_72,coordinate_structure_constraint_complex_left_branch_bad_72,longformer-730_734.parquet,longformer-735_739.parquet,pythia-160m-step256-600_799.parquet,pythia-160m-step256-600_799.parquet,-73.53050231933594,-73.34255981445312,9,9
animate_subject_passive,38,Most actresses weren't discussed by some offspring.,Most actresses weren't discussed by some ladder.,animate_subject_passive_good_38,animate_subject_passive_bad_38,longformer-880_884.parquet,longformer-810_814.parquet,pythia-160m-step256-800_999.parquet,pythia-160m-step256-800_999.parquet,-58.42947769165039,-58.16183090209961,9,9
principle_A_case_2,447,Frank thinks about himself researching a lot of plays.,Frank thinks about himself researches a lot of plays.,principle_A_case_2_good_447,principle_A_case_2_bad_447,longformer-950_954.parquet,longformer-940_944.parquet,pythia-160m-step256-800_999.parquet,pythia-160m-step256-800_999.parquet,-58.42026138305664,-69.10684967041016,10,10
existential_there_quantifiers_2,246,All photographs of some screen aren't there looking like most cars.,There aren't all photographs of some screen looking like most cars.,existential_there_quantifiers_2_good_246,existential_there_quantifiers_2_bad_246,longformer-1130_1134.parquet,longformer-1135_1139.parquet,pythia-160m-step256-1000_1199.parquet,pythia-160m-step256-1000_1199.parquet,-84.60688781738281,-84.17845153808594,13,13
coordinate_structure_constraint_object_extraction,84,What were Nancy and Rhonda curing?,What is Nancy curing and Rhonda?,coordinate_structure_constraint_object_extraction_good_84,coordinate_structure_constraint_object_extraction_bad_84,longformer-370_374.parquet,longformer-310_314.parquet,pythia-160m-step256-200_399.parquet,pythia-160m-step256-200_399.parquet,-67.42424011230469,-58.83294677734375,7,7
existential_there_subject_raising,256,There wasn't certain to be spinach going bad.,There wasn't unhappy to be spinach going bad.,existential_there_subject_raising_good_256,existential_there_subject_raising_bad_256,longformer-705_709.parquet,longformer-710_714.parquet,pythia-160m-step256-600_799.parquet,pythia-160m-step256-600_799.parquet,-62.13208770751953,-64.3897933959961,10,10
tough_vs_raising_2,571,This patient wasn't about to dislike Gary.,This patient wasn't easy to dislike Gary.,tough_vs_raising_2_good_571,tough_vs_raising_2_bad_571,longformer-655_659.parquet,longformer-605_609.parquet,pythia-160m-step256-600_799.parquet,pythia-160m-step256-600_799.parquet,-54.05815887451172,-54.34931945800781,9,9
superlative_quantifiers_1,545,No customer had concealed fewer than four grocery stores.,No customer had concealed at most four grocery stores.,superlative_quantifiers_1_good_545,superlative_quantifiers_1_bad_545,longformer-1010_1014.parquet,longformer-965_969.parquet,pythia-160m-step256-1000_1199.parquet,pythia-160m-step256-800_999.parquet,-74.01985931396484,-73.25096893310547,10,10
complex_NP_island,67,Who is Michael's ex-boyfriend who hasn't astounded Alice kissing?,Who is Alice kissing Michael's ex-boyfriend who hasn't astounded?,complex_NP_island_good_67,complex_NP_island_bad_67,longformer-1110_1114.parquet,longformer-1110_1114.parquet,pythia-160m-step256-1000_1199.parquet,pythia-160m-step256-1000_1199.parquet,-123.10137176513672,-121.17363739013672,14,14
irregular_plural_subject_verb_agreement_1,318,This medium upsets some school.,This medium upset some school.,irregular_plural_subject_verb_agreement_1_good_318,irregular_plural_subject_verb_agreement_1_bad_318,longformer-270_274.parquet,longformer-235_239.parquet,pythia-160m-step256-200_399.parquet,pythia-160m-step256-200_399.parquet,-45.94622039794922,-37.594146728515625,6,6
npi_present_2,373,Thomas also drops by Spain.,Thomas ever drops by Spain.,npi_present_2_good_373,npi_present_2_bad_373,longformer-155_159.parquet,longformer-135_139.parquet,pythia-160m-step256-0_199.parquet,pythia-160m-step256-0_199.parquet,-34.789363861083984,-36.62527084350586,6,6
determiner_noun_agreement_with_adjective_1,167,Catherine fixes this dirty cup.,Catherine fixes this dirty cups.,determiner_noun_agreement_with_adjective_1_good_167,determiner_noun_agreement_with_adjective_1_bad_167,longformer-260_264.parquet,longformer-285_289.parquet,pythia-160m-step256-200_399.parquet,pythia-160m-step256-200_399.parquet,-55.60150146484375,-57.36860656738281,6,6
wh_vs_that_no_gap,637,Those customers reveal that some pedestrians investigated Grace.,Those customers reveal who some pedestrians investigated Grace.,wh_vs_that_no_gap_good_637,wh_vs_that_no_gap_bad_637,longformer-1100_1104.parquet,longformer-1085_1089.parquet,pythia-160m-step256-1000_1199.parquet,pythia-160m-step256-1000_1199.parquet,-71.37815856933594,-76.05309295654297,9,9
only_npi_licensor_present,388,Only Raymond ever plays.,Even Raymond ever plays.,only_npi_licensor_present_good_388,only_npi_licensor_present_bad_388,longformer-85_89.parquet,longformer-75_79.parquet,pythia-160m-step256-0_199.parquet,pythia-160m-step256-0_199.parquet,-36.0153694152832,-37.369449615478516,5,5
distractor_agreement_relative_clause,186,Many waitresses who thought about Elaine have joked around.,Many waitresses who thought about Elaine has joked around.,distractor_agreement_relative_clause_good_186,distractor_agreement_relative_clause_bad_186,longformer-1035_1039.parquet,longformer-1025_1029.parquet,pythia-160m-step256-1000_1199.parquet,pythia-160m-step256-1000_1199.parquet,-86.90567779541016,-84.91944885253906,10,10
anaphor_gender_agreement,17,Amelia heals herself.,Amelia heals himself.,anaphor_gender_agreement_good_17,anaphor_gender_agreement_bad_17,longformer-45_49.parquet,longformer-45_49.parquet,pythia-160m-step256-0_199.parquet,pythia-160m-step256-0_199.parquet,-41.57423782348633,-40.31382369995117,4,4
tough_vs_raising_1,564,All art galleries are annoying to respect.,All art galleries are certain to respect.,tough_vs_raising_1_good_564,tough_vs_raising_1_bad_564,longformer-645_649.parquet,longformer-620_624.parquet,pythia-160m-step256-600_799.parquet,pythia-160m-step256-600_799.parquet,-54.9456787109375,-52.273162841796875,8,8
principle_A_c_command,428,Most men that have astounded Joel had disliked themselves.,Most men that have astounded Joel had disliked himself.,principle_A_c_command_good_428,principle_A_c_command_bad_428,longformer-1025_1029.parquet,longformer-970_974.parquet,pythia-160m-step256-1000_1199.parquet,pythia-160m-step256-800_999.parquet,-86.03559875488281,-86.96893310546875,10,10
determiner_noun_agreement_1,97,Most patients had forgotten those actors.,Most patients had forgotten those actor.,determiner_noun_agreement_1_good_97,determiner_noun_agreement_1_bad_97,longformer-605_609.parquet,longformer-585_589.parquet,pythia-160m-step256-600_799.parquet,pythia-160m-step256-400_599.parquet,-44.71014404296875,-44.441104888916016,7,7
determiner_noun_agreement_irregular_1,117,Claire has those geese.,Claire has those goose.,determiner_noun_agreement_irregular_1_good_117,determiner_noun_agreement_irregular_1_bad_117,longformer-65_69.parquet,longformer-65_69.parquet,pythia-160m-step256-0_199.parquet,pythia-160m-step256-0_199.parquet,-47.171142578125,-43.56864547729492,5,5
existential_there_subject_raising,254,There appears to be an eggplant annoying Patricia.,There needs to be an eggplant annoying Patricia.,existential_there_subject_raising_good_254,existential_there_subject_raising_bad_254,longformer-865_869.parquet,longformer-810_814.parquet,pythia-160m-step256-800_999.parquet,pythia-160m-step256-800_999.parquet,-70.62144470214844,-71.18148803710938,9,9
irregular_plural_subject_verb_agreement_1,319,Most crises distract Cheryl.,Most crises distracts Cheryl.,irregular_plural_subject_verb_agreement_1_good_319,irregular_plural_subject_verb_agreement_1_bad_319,longformer-165_169.parquet,longformer-205_209.parquet,pythia-160m-step256-0_199.parquet,pythia-160m-step256-200_399.parquet,-47.98362350463867,-54.1885871887207,5,5
adjunct_island,4,Who might that actor hide before hiding Russell?,Who might that actor hide Russell before hiding?,adjunct_island_good_4,adjunct_island_bad_4,longformer-800_804.parquet,longformer-820_824.parquet,pythia-160m-step256-800_999.parquet,pythia-160m-step256-800_999.parquet,-72.69377136230469,-73.9401626586914,9,9
determiner_noun_agreement_with_adj_irregular_1,140,John can't aggravate those excited alumni.,John can't aggravate those excited alumnus.,determiner_noun_agreement_with_adj_irregular_1_good_140,determiner_noun_agreement_with_adj_irregular_1_bad_140,longformer-635_639.parquet,longformer-670_674.parquet,pythia-160m-step256-600_799.parquet,pythia-160m-step256-600_799.parquet,-68.12183380126953,-82.1628189086914,8,8
irregular_past_participle_verbs,300,Those people hid away.,Those people hidden away.,irregular_past_participle_verbs_good_300,irregular_past_participle_verbs_bad_300,longformer-50_54.parquet,longformer-95_99.parquet,pythia-160m-step256-0_199.parquet,pythia-160m-step256-0_199.parquet,-28.223173141479492,-28.622692108154297,5,5
irregular_past_participle_adjectives,294,The hidden sweater is small.,The hid sweater is small.,irregular_past_participle_adjectives_good_294,irregular_past_participle_adjectives_bad_294,longformer-170_174.parquet,longformer-115_119.parquet,pythia-160m-step256-0_199.parquet,pythia-160m-step256-0_199.parquet,-37.8889045715332,-41.50114059448242,6,6
left_branch_island_echo_question,331,The Lutherans have examined what stories?,What have the Lutherans examined stories?,left_branch_island_echo_question_good_331,left_branch_island_echo_question_bad_331,longformer-615_619.parquet,longformer-600_604.parquet,pythia-160m-step256-600_799.parquet,pythia-160m-step256-600_799.parquet,-60.737831115722656,-60.748046875,7,7
principle_A_reconstruction,481,It's herself that Samantha sounds like.,It's herself that sounds like Samantha.,principle_A_reconstruction_good_481,principle_A_reconstruction_bad_481,longformer-525_529.parquet,longformer-535_539.parquet,pythia-160m-step256-400_599.parquet,pythia-160m-step256-400_599.parquet,-54.860408782958984,-54.94349670410156,8,8
drop_argument,196,Paul had sold.,Paul had fired.,drop_argument_good_196,drop_argument_bad_196,longformer-0_4.parquet,longformer-5_9.parquet,pythia-160m-step256-0_199.parquet,pythia-160m-step256-0_199.parquet,-19.896137237548828,-19.46245574951172,4,4
determiner_noun_agreement_2,101,Candice admired this jacket.,Candice admired these jacket.,determiner_noun_agreement_2_good_101,determiner_noun_agreement_2_bad_101,longformer-180_184.parquet,longformer-190_194.parquet,pythia-160m-step256-0_199.parquet,pythia-160m-step256-200_399.parquet,-41.50243377685547,-43.13250732421875,5,5
regular_plural_subject_verb_agreement_2,501,The essays have hurt Florence.,The essay have hurt Florence.,regular_plural_subject_verb_agreement_2_good_501,regular_plural_subject_verb_agreement_2_bad_501,longformer-235_239.parquet,longformer-205_209.parquet,pythia-160m-step256-200_399.parquet,pythia-160m-step256-200_399.parquet,-42.51486587524414,-41.84142303466797,6,6
principle_A_c_command,425,Every girl that hadn't disgusted Travis can't approach herself.,Every girl that hadn't disgusted Travis can't approach himself.,principle_A_c_command_good_425,principle_A_c_command_bad_425,longformer-1090_1094.parquet,longformer-1095_1099.parquet,pythia-160m-step256-1000_1199.parquet,pythia-160m-step256-1000_1199.parquet,-93.82920837402344,-93.22543334960938,12,12
sentential_subject_island,530,Who had some drivers' returning to Colleen impressed.,Who had some drivers' returning to impressed Colleen.,sentential_subject_island_good_530,sentential_subject_island_bad_530,longformer-940_944.parquet,longformer-930_934.parquet,pythia-160m-step256-800_999.parquet,pythia-160m-step256-800_999.parquet,-81.0676040649414,-82.46492004394531,10,10
irregular_plural_subject_verb_agreement_2,326,The children reference Erin.,The child reference Erin.,irregular_plural_subject_verb_agreement_2_good_326,irregular_plural_subject_verb_agreement_2_bad_326,longformer-185_189.parquet,longformer-105_109.parquet,pythia-160m-step256-0_199.parquet,pythia-160m-step256-0_199.parquet,-38.549842834472656,-38.47728729248047,5,5
only_npi_licensor_present,383,Only those actresses ever approach Brian.,Even those actresses ever approach Brian.,only_npi_licensor_present_good_383,only_npi_licensor_present_bad_383,longformer-615_619.parquet,longformer-600_604.parquet,pythia-160m-step256-600_799.parquet,pythia-160m-step256-600_799.parquet,-57.574310302734375,-57.35333251953125,7,7
matrix_question_npi_licensor_present,359,Will those doctors ever go to every restaurant?,Those doctors will ever go to every restaurant.,matrix_question_npi_licensor_present_good_359,matrix_question_npi_licensor_present_bad_359,longformer-790_794.parquet,longformer-775_779.parquet,pythia-160m-step256-600_799.parquet,pythia-160m-step256-600_799.parquet,-57.987735748291016,-52.980045318603516,9,9
principle_A_reconstruction,482,It's herself that Leslie described.,It's herself that described Leslie.,principle_A_reconstruction_good_482,principle_A_reconstruction_bad_482,longformer-430_434.parquet,longformer-420_424.parquet,pythia-160m-step256-400_599.parquet,pythia-160m-step256-200_399.parquet,-43.51009750366211,-44.19073486328125,7,7
coordinate_structure_constraint_object_extraction,80,What had Caroline and Robert passed?,What has Caroline passed and Robert?,coordinate_structure_constraint_object_extraction_good_80,coordinate_structure_constraint_object_extraction_bad_80,longformer-435_439.parquet,longformer-450_454.parquet,pythia-160m-step256-400_599.parquet,pythia-160m-step256-400_599.parquet,-50.64369583129883,-51.5872802734375,7,7
inchoative,279,That glove should crumple.,That glove should admire.,inchoative_good_279,inchoative_bad_279,longformer-125_129.parquet,longformer-100_104.parquet,pythia-160m-step256-0_199.parquet,pythia-160m-step256-0_199.parquet,-52.03180694580078,-36.582183837890625,5,5
left_branch_island_echo_question,330,Mitchell had descended whose mountain?,Whose had Mitchell descended mountain?,left_branch_island_echo_question_good_330,left_branch_island_echo_question_bad_330,longformer-490_494.parquet,longformer-510_514.parquet,pythia-160m-step256-400_599.parquet,pythia-160m-step256-400_599.parquet,-56.24156951904297,-59.15644073486328,6,6
wh_vs_that_no_gap_long_distance,645,Scott reveals that a lot of waitresses that were driving to some museum observe all teenagers.,Scott reveals who a lot of waitresses that were driving to some museum observe all teenagers.,wh_vs_that_no_gap_long_distance_good_645,wh_vs_that_no_gap_long_distance_bad_645,longformer-1300_1304.parquet,longformer-1295_1299.parquet,pythia-160m-step256-1200_1399.parquet,pythia-160m-step256-1200_1399.parquet,-119.8902587890625,-124.59452819824219,17,17
sentential_negation_npi_licensor_present,516,That guest has not ever disliked Vincent.,That guest has really ever disliked Vincent.,sentential_negation_npi_licensor_present_good_516,sentential_negation_npi_licensor_present_bad_516,longformer-605_609.parquet,longformer-690_694.parquet,pythia-160m-step256-600_799.parquet,pythia-160m-step256-600_799.parquet,-67.37230682373047,-69.89120483398438,8,8
coordinate_structure_constraint_complex_left_branch,73,What offspring was Brian hugging and Anne thinking about?,What was Brian hugging offspring and Anne thinking about?,coordinate_structure_constraint_complex_left_branch_good_73,coordinate_structure_constraint_complex_left_branch_bad_73,longformer-1010_1014.parquet,longformer-1020_1024.parquet,pythia-160m-step256-1000_1199.parquet,pythia-160m-step256-1000_1199.parquet,-84.38027954101562,-84.94378662109375,10,10
determiner_noun_agreement_irregular_2,123,Every drawing disgusts that man.,Every drawing disgusts those man.,determiner_noun_agreement_irregular_2_good_123,determiner_noun_agreement_irregular_2_bad_123,longformer-285_289.parquet,longformer-330_334.parquet,pythia-160m-step256-200_399.parquet,pythia-160m-step256-200_399.parquet,-49.324684143066406,-52.4116096496582,6,6
sentential_negation_npi_scope,527,Jennifer's handyman that had bothered Amelia would not ever find out what do steer.,Jennifer's handyman that had not bothered Amelia would ever find out what do steer.,sentential_negation_npi_scope_good_527,sentential_negation_npi_scope_bad_527,longformer-1250_1254.parquet,longformer-1250_1254.parquet,pythia-160m-step256-1200_1399.parquet,pythia-160m-step256-1200_1399.parquet,-139.9872283935547,-141.27003479003906,16,16
principle_A_domain_3,470,Emily might say Gary's nephew can't stun himself.,Gary's nephew might say Emily can't stun himself.,principle_A_domain_3_good_470,principle_A_domain_3_bad_470,longformer-825_829.parquet,longformer-845_849.parquet,pythia-160m-step256-800_999.parquet,pythia-160m-step256-800_999.parquet,-83.09342193603516,-80.09284973144531,11,11
passive_2,417,Richard wasn't talked about.,Richard wasn't grinned.,passive_2_good_417,passive_2_bad_417,longformer-165_169.parquet,longformer-60_64.parquet,pythia-160m-step256-0_199.parquet,pythia-160m-step256-0_199.parquet,-28.95102882385254,-27.651227951049805,6,5
coordinate_structure_constraint_object_extraction,87,Who were Karen and Liam hurting?,Who was Karen hurting and Liam?,coordinate_structure_constraint_object_extraction_good_87,coordinate_structure_constraint_object_extraction_bad_87,longformer-310_314.parquet,longformer-270_274.parquet,pythia-160m-step256-200_399.parquet,pythia-160m-step256-200_399.parquet,-53.5448112487793,-52.316471099853516,7,7
determiner_noun_agreement_1,92,Phillip shouldn't walk through those hospitals.,Phillip shouldn't walk through those hospital.,determiner_noun_agreement_1_good_92,determiner_noun_agreement_1_bad_92,longformer-775_779.parquet,longformer-755_759.parquet,pythia-160m-step256-600_799.parquet,pythia-160m-step256-600_799.parquet,-64.25187683105469,-62.93025588989258,8,8
determiner_noun_agreement_with_adj_irregular_2,150,The Lutherans care for those hopeful men.,The Lutherans care for that hopeful men.,determiner_noun_agreement_with_adj_irregular_2_good_150,determiner_noun_agreement_with_adj_irregular_2_bad_150,longformer-615_619.parquet,longformer-570_574.parquet,pythia-160m-step256-400_599.parquet,pythia-160m-step256-400_599.parquet,-61.058589935302734,-61.92426681518555,8,8
anaphor_number_agreement,28,Dancers hated themselves.,Dancers hated himself.,anaphor_number_agreement_good_28,anaphor_number_agreement_bad_28,longformer-105_109.parquet,longformer-50_54.parquet,pythia-160m-step256-0_199.parquet,pythia-160m-step256-0_199.parquet,-35.486854553222656,-36.57503128051758,4,4
anaphor_number_agreement,23,April kissed herself.,April kissed themselves.,anaphor_number_agreement_good_23,anaphor_number_agreement_bad_23,longformer-40_44.parquet,longformer-80_84.parquet,pythia-160m-step256-0_199.parquet,pythia-160m-step256-0_199.parquet,-23.40877914428711,-21.474000930786133,4,4
only_npi_licensor_present,385,Only Kendra could ever protest.,Even Kendra could ever protest.,only_npi_licensor_present_good_385,only_npi_licensor_present_bad_385,longformer-270_274.parquet,longformer-255_259.parquet,pythia-160m-step256-200_399.parquet,pythia-160m-step256-200_399.parquet,-49.7175178527832,-49.362579345703125,6,6
coordinate_structure_constraint_object_extraction,85,Who could Daniel and Gary sell?,Who can Daniel sell and Gary?,coordinate_structure_constraint_object_extraction_good_85,coordinate_structure_constraint_object_extraction_bad_85,longformer-260_264.parquet,longformer-210_214.parquet,pythia-160m-step256-200_399.parquet,pythia-160m-step256-200_399.parquet,-52.25921630859375,-50.813194274902344,7,7
left_branch_island_simple_question,344,What hill had Ann dropped by?,What had Ann dropped by hill?,left_branch_island_simple_question_good_344,left_branch_island_simple_question_bad_344,longformer-215_219.parquet,longformer-200_204.parquet,pythia-160m-step256-200_399.parquet,pythia-160m-step256-0_199.parquet,-54.835540771484375,-54.417869567871094,7,7
irregular_plural_subject_verb_agreement_2,324,The child washes.,The children washes.,irregular_plural_subject_verb_agreement_2_good_324,irregular_plural_subject_verb_agreement_2_bad_324,longformer-20_24.parquet,longformer-40_44.parquet,pythia-160m-step256-0_199.parquet,pythia-160m-step256-0_199.parquet,-28.135272979736328,-27.93568992614746,4,4
causative,50,Mark would move Stephanie.,Mark would donate Stephanie.,causative_good_50,causative_bad_50,longformer-135_139.parquet,longformer-165_169.parquet,pythia-160m-step256-0_199.parquet,pythia-160m-step256-0_199.parquet,-34.183624267578125,-36.858421325683594,5,5
animate_subject_trans,46,Bruce saw Samuel.,That box saw Samuel.,animate_subject_trans_good_46,animate_subject_trans_bad_46,longformer-15_19.parquet,longformer-35_39.parquet,pythia-160m-step256-0_199.parquet,pythia-160m-step256-0_199.parquet,-38.0805549621582,-35.23176574707031,4,5
sentential_negation_npi_licensor_present,512,Leslie might not ever escape from Tracy.,Leslie might probably ever escape from Tracy.,sentential_negation_npi_licensor_present_good_512,sentential_negation_npi_licensor_present_bad_512,longformer-555_559.parquet,longformer-730_734.parquet,pythia-160m-step256-400_599.parquet,pythia-160m-step256-600_799.parquet,-61.06105422973633,-63.379638671875,8,8
animate_subject_passive,35,Ann wasn't worked with by some teenager.,Ann wasn't worked with by some hypotheses.,animate_subject_passive_good_35,animate_subject_passive_bad_35,longformer-560_564.parquet,longformer-635_639.parquet,pythia-160m-step256-400_599.parquet,pythia-160m-step256-600_799.parquet,-49.16606903076172,-48.87886047363281,9,9
irregular_plural_subject_verb_agreement_1,316,A lot of synopses haven't looked to tighten.,A lot of synopses hasn't looked to tighten.,irregular_plural_subject_verb_agreement_1_good_316,irregular_plural_subject_verb_agreement_1_bad_316,longformer-685_689.parquet,longformer-660_664.parquet,pythia-160m-step256-600_799.parquet,pythia-160m-step256-600_799.parquet,-83.45509338378906,-83.55645751953125,10,10
anaphor_gender_agreement,18,Scott had questioned himself.,Scott had questioned herself.,anaphor_gender_agreement_good_18,anaphor_gender_agreement_bad_18,longformer-215_219.parquet,longformer-190_194.parquet,pythia-160m-step256-200_399.parquet,pythia-160m-step256-200_399.parquet,-26.14044761657715,-27.65704345703125,5,5
sentential_subject_island,535,Who has a college campus's irritating Guy disgusted.,Who has a college campus's irritating disgusted Guy.,sentential_subject_island_good_535,sentential_subject_island_bad_535,longformer-910_914.parquet,longformer-925_929.parquet,pythia-160m-step256-800_999.parquet,pythia-160m-step256-800_999.parquet,-86.40452575683594,-87.1956787109375,10,10
irregular_plural_subject_verb_agreement_2,320,The child leaves Brenda.,The children leaves Brenda.,irregular_plural_subject_verb_agreement_2_good_320,irregular_plural_subject_verb_agreement_2_bad_320,longformer-90_94.parquet,longformer-150_154.parquet,pythia-160m-step256-0_199.parquet,pythia-160m-step256-0_199.parquet,-42.951663970947266,-43.03681182861328,5,5
determiner_noun_agreement_with_adjective_1,162,Tiffany should attack that ill adult.,Tiffany should attack that ill adults.,determiner_noun_agreement_with_adjective_1_good_162,determiner_noun_agreement_with_adjective_1_bad_162,longformer-475_479.parquet,longformer-510_514.parquet,pythia-160m-step256-400_599.parquet,pythia-160m-step256-400_599.parquet,-59.11405944824219,-57.69966125488281,7,7
transitive,585,A face stunned this cashier.,A face fell this cashier.,transitive_good_585,transitive_bad_585,longformer-180_184.parquet,longformer-110_114.parquet,pythia-160m-step256-0_199.parquet,pythia-160m-step256-0_199.parquet,-54.006141662597656,-50.70484924316406,6,6
determiner_noun_agreement_with_adjective_1,168,Nina should remember those upset cashiers.,Nina should remember those upset cashier.,determiner_noun_agreement_with_adjective_1_good_168,determiner_noun_agreement_with_adjective_1_bad_168,longformer-635_639.parquet,longformer-630_634.parquet,pythia-160m-step256-600_799.parquet,pythia-160m-step256-400_599.parquet,-66.36177825927734,-65.33118438720703,7,7
wh_vs_that_with_gap,654,Senators know who actresses will conceal.,Senators know that actresses will conceal.,wh_vs_that_with_gap_good_654,wh_vs_that_with_gap_bad_654,longformer-605_609.parquet,longformer-650_654.parquet,pythia-160m-step256-600_799.parquet,pythia-160m-step256-600_799.parquet,-63.29690170288086,-59.458072662353516,7,7
superlative_quantifiers_2,554,A dancer is curing at most two cashiers.,No dancer is curing at most two cashiers.,superlative_quantifiers_2_good_554,superlative_quantifiers_2_bad_554,longformer-585_589.parquet,longformer-610_614.parquet,pythia-160m-step256-400_599.parquet,pythia-160m-step256-600_799.parquet,-75.83152770996094,-75.64029693603516,9,9
distractor_agreement_relational_noun,173,The commentaries about Galileo don't disgust Lori.,The commentaries about Galileo doesn't disgust Lori.,distractor_agreement_relational_noun_good_173,distractor_agreement_relational_noun_bad_173,longformer-875_879.parquet,longformer-910_914.parquet,pythia-160m-step256-800_999.parquet,pythia-160m-step256-800_999.parquet,-84.22320556640625,-83.73182678222656,9,9
determiner_noun_agreement_with_adj_2,135,Forks aggravate that confident guest.,Forks aggravate those confident guest.,determiner_noun_agreement_with_adj_2_good_135,determiner_noun_agreement_with_adj_2_bad_135,longformer-465_469.parquet,longformer-510_514.parquet,pythia-160m-step256-400_599.parquet,pythia-160m-step256-400_599.parquet,-61.087181091308594,-62.66371154785156,6,6
principle_A_domain_1,458,Natalie thought that Lawrence has listened to her.,Natalie thought that Lawrence has listened to herself.,principle_A_domain_1_good_458,principle_A_domain_1_bad_458,longformer-870_874.parquet,longformer-955_959.parquet,pythia-160m-step256-800_999.parquet,pythia-160m-step256-800_999.parquet,-69.06368255615234,-72.03202056884766,9,9
wh_questions_object_gap,603,Bethany hasn't remembered some museum that Thomas could embarrass.,Bethany hasn't remembered what Thomas could embarrass some museum.,wh_questions_object_gap_good_603,wh_questions_object_gap_bad_603,longformer-1120_1124.parquet,longformer-1130_1134.parquet,pythia-160m-step256-1000_1199.parquet,pythia-160m-step256-1000_1199.parquet,-97.13494110107422,-96.3443603515625,11,11
tough_vs_raising_2,572,Jill is certain to boast.,Jill is hard to boast.,tough_vs_raising_2_good_572,tough_vs_raising_2_bad_572,longformer-110_114.parquet,longformer-50_54.parquet,pythia-160m-step256-0_199.parquet,pythia-160m-step256-0_199.parquet,-43.07074737548828,-39.23960494995117,6,6
ellipsis_n_bar_1,209,The Lutherans climb down three blue ladders and Heather's partners climb down fewer.,The Lutherans climb down three ladders and Heather's partners climb down fewer blue.,ellipsis_n_bar_1_good_209,ellipsis_n_bar_1_bad_209,longformer-1255_1259.parquet,longformer-1260_1264.parquet,pythia-160m-step256-1200_1399.parquet,pythia-160m-step256-1200_1399.parquet,-144.18255615234375,-141.99575805664062,15,15
adjunct_island,7,Who was Kendra scaring after insulting Tammy?,Who was Kendra scaring Tammy after insulting?,adjunct_island_good_7,adjunct_island_bad_7,longformer-725_729.parquet,longformer-715_719.parquet,pythia-160m-step256-600_799.parquet,pythia-160m-step256-600_799.parquet,-88.62976837158203,-88.44410705566406,8,8
wh_questions_subject_gap,616,Teachers question the person that will forget many stories.,Teachers question what the person will forget many stories.,wh_questions_subject_gap_good_616,wh_questions_subject_gap_bad_616,longformer-1035_1039.parquet,longformer-1045_1049.parquet,pythia-160m-step256-1000_1199.parquet,pythia-160m-step256-1000_1199.parquet,-71.95266723632812,-71.77819061279297,10,10
existential_there_object_raising,225,Many guests anticipated there to be a girl compelling Carl's handyman to fall.,Many guests press there to be a girl compelling Carl's handyman to fall.,existential_there_object_raising_good_225,existential_there_object_raising_bad_225,longformer-1230_1234.parquet,longformer-1180_1184.parquet,pythia-160m-step256-1200_1399.parquet,pythia-160m-step256-1000_1199.parquet,-112.05391693115234,-112.31886291503906,15,15
determiner_noun_agreement_with_adjective_1,169,The person wasn't questioning that unconvinced cashier.,The person wasn't questioning that unconvinced cashiers.,determiner_noun_agreement_with_adjective_1_good_169,determiner_noun_agreement_with_adjective_1_bad_169,longformer-975_979.parquet,longformer-995_999.parquet,pythia-160m-step256-800_999.parquet,pythia-160m-step256-800_999.parquet,-92.73994445800781,-93.80525207519531,9,9
irregular_past_participle_verbs,302,A lot of boys broke this truck.,A lot of boys broken this truck.,irregular_past_participle_verbs_good_302,irregular_past_participle_verbs_bad_302,longformer-250_254.parquet,longformer-280_284.parquet,pythia-160m-step256-200_399.parquet,pythia-160m-step256-200_399.parquet,-50.6609001159668,-55.222023010253906,8,8
sentential_negation_npi_licensor_present,514,Martin would not ever remember Irene.,Martin would really ever remember Irene.,sentential_negation_npi_licensor_present_good_514,sentential_negation_npi_licensor_present_bad_514,longformer-480_484.parquet,longformer-580_584.parquet,pythia-160m-step256-400_599.parquet,pythia-160m-step256-400_599.parquet,-44.090816497802734,-45.92839813232422,7,7
sentential_negation_npi_scope,525,Wendy's grandmothers that had stunned Wendy do not ever try to buy drawings.,Wendy's grandmothers that had not stunned Wendy do ever try to buy drawings.,sentential_negation_npi_scope_good_525,sentential_negation_npi_scope_bad_525,longformer-1225_1229.parquet,longformer-1220_1224.parquet,pythia-160m-step256-1200_1399.parquet,pythia-160m-step256-1200_1399.parquet,-120.03314208984375,-123.48843383789062,15,15
left_branch_island_echo_question,339,Some men were revealing what children?,What were some men revealing children?,left_branch_island_echo_question_good_339,left_branch_island_echo_question_bad_339,longformer-515_519.parquet,longformer-510_514.parquet,pythia-160m-step256-400_599.parquet,pythia-160m-step256-400_599.parquet,-45.41577911376953,-49.786983489990234,7,7
drop_argument,197,Eric saw.,Eric references.,drop_argument_good_197,drop_argument_bad_197,longformer-0_4.parquet,longformer-10_14.parquet,pythia-160m-step256-0_199.parquet,pythia-160m-step256-0_199.parquet,-13.323678970336914,-15.711129188537598,3,3
drop_argument,195,Winston Churchill's doctor loves.,Winston Churchill's doctor escapes from.,drop_argument_good_195,drop_argument_bad_195,longformer-320_324.parquet,longformer-580_584.parquet,pythia-160m-step256-200_399.parquet,pythia-160m-step256-400_599.parquet,-52.54450225830078,-62.090240478515625,6,7
wh_questions_object_gap,609,Larry sees this wheelbarrow that Michael hid.,Larry sees what Michael hid this wheelbarrow.,wh_questions_object_gap_good_609,wh_questions_object_gap_bad_609,longformer-725_729.parquet,longformer-720_724.parquet,pythia-160m-step256-600_799.parquet,pythia-160m-step256-600_799.parquet,-89.736572265625,-86.89032745361328,8,8
ellipsis_n_bar_2,210,Adam is lifting four books and Sara is lifting five popular books.,Adam is lifting four brown books and Sara is lifting five popular.,ellipsis_n_bar_2_good_210,ellipsis_n_bar_2_bad_210,longformer-1125_1129.parquet,longformer-1120_1124.parquet,pythia-160m-step256-1000_1199.parquet,pythia-160m-step256-1000_1199.parquet,-96.6091079711914,-97.25292205810547,13,13
npi_present_2,370,Bethany would really vanish.,Bethany would ever vanish.,npi_present_2_good_370,npi_present_2_bad_370,longformer-165_169.parquet,longformer-125_129.parquet,pythia-160m-step256-0_199.parquet,pythia-160m-step256-0_199.parquet,-46.92013931274414,-48.7327766418457,5,5
determiner_noun_agreement_1,96,A lot of skateboards stun that cashier.,A lot of skateboards stun that cashiers.,determiner_noun_agreement_1_good_96,determiner_noun_agreement_1_bad_96,longformer-535_539.parquet,longformer-560_564.parquet,pythia-160m-step256-400_599.parquet,pythia-160m-step256-400_599.parquet,-86.07948303222656,-87.57711791992188,8,8
determiner_noun_agreement_with_adjective_1,164,These people think about that popular story.,These people think about that popular stories.,determiner_noun_agreement_with_adjective_1_good_164,determiner_noun_agreement_with_adjective_1_bad_164,longformer-695_699.parquet,longformer-745_749.parquet,pythia-160m-step256-600_799.parquet,pythia-160m-step256-600_799.parquet,-42.070682525634766,-43.69137954711914,8,8
existential_there_quantifiers_1,233,There is a child firing Leslie.,There is each child firing Leslie.,existential_there_quantifiers_1_good_233,existential_there_quantifiers_1_bad_233,longformer-255_259.parquet,longformer-370_374.parquet,pythia-160m-step256-200_399.parquet,pythia-160m-step256-200_399.parquet,-42.66244888305664,-49.1217155456543,7,7
wh_questions_object_gap,602,Melanie notices this cake that Lori thought about.,Melanie notices what Lori thought about this cake.,wh_questions_object_gap_good_602,wh_questions_object_gap_bad_602,longformer-870_874.parquet,longformer-865_869.parquet,pythia-160m-step256-800_999.parquet,pythia-160m-step256-800_999.parquet,-81.0634536743164,-77.5080337524414,9,9
distractor_agreement_relational_noun,170,The painting of the Lutherans does bother Matt.,The painting of the Lutherans do bother Matt.,distractor_agreement_relational_noun_good_170,distractor_agreement_relational_noun_bad_170,longformer-785_789.parquet,longformer-725_729.parquet,pythia-160m-step256-600_799.parquet,pythia-160m-step256-600_799.parquet,-73.91402435302734,-72.3047103881836,9,9
principle_A_case_1,436,Candice had imagined that she wasn't admiring Joel.,Candice had imagined that herself wasn't admiring Joel.,principle_A_case_1_good_436,principle_A_case_1_bad_436,longformer-885_889.parquet,longformer-970_974.parquet,pythia-160m-step256-800_999.parquet,pythia-160m-step256-800_999.parquet,-79.25616455078125,-88.57600402832031,10,10
determiner_noun_agreement_with_adj_irregular_2,152,That picture hasn't looked like these big men.,That picture hasn't looked like this big men.,determiner_noun_agreement_with_adj_irregular_2_good_152,determiner_noun_agreement_with_adj_irregular_2_bad_152,longformer-740_744.parquet,longformer-730_734.parquet,pythia-160m-step256-600_799.parquet,pythia-160m-step256-600_799.parquet,-58.71098327636719,-56.1248664855957,10,10
wh_vs_that_with_gap,657,Those associations revealed who all cashiers talk to.,Those associations revealed that all cashiers talk to.,wh_vs_that_with_gap_good_657,wh_vs_that_with_gap_bad_657,longformer-950_954.parquet,longformer-955_959.parquet,pythia-160m-step256-800_999.parquet,pythia-160m-step256-800_999.parquet,-73.91744232177734,-67.54293060302734,9,9
principle_A_reconstruction,488,It's herself who Heidi complained about.,It's herself who complained about Heidi.,principle_A_reconstruction_good_488,principle_A_reconstruction_bad_488,longformer-555_559.parquet,longformer-590_594.parquet,pythia-160m-step256-400_599.parquet,pythia-160m-step256-400_599.parquet,-56.10776901245117,-54.882904052734375,8,8
ellipsis_n_bar_2,212,Sarah's plumbers are walking through few banks and that child was walking through many concealed banks.,Sarah's plumbers are walking through few blue banks and that child was walking through many concealed.,ellipsis_n_bar_2_good_212,ellipsis_n_bar_2_bad_212,longformer-1320_1324.parquet,longformer-1315_1319.parquet,pythia-160m-step256-1200_1399.parquet,pythia-160m-step256-1200_1399.parquet,-133.70233154296875,-134.2384033203125,18,18
determiner_noun_agreement_with_adj_irregular_1,141,The Impressionists run around this out in the open oasis.,The Impressionists run around this out in the open oases.,determiner_noun_agreement_with_adj_irregular_1_good_141,determiner_noun_agreement_with_adj_irregular_1_bad_141,longformer-1015_1019.parquet,longformer-1015_1019.parquet,pythia-160m-step256-1000_1199.parquet,pythia-160m-step256-1000_1199.parquet,-90.77780151367188,-89.99934387207031,11,11
expletive_it_object_raising,260,Brett is considering it to be pleasant that Becca sounded like Suzanne.,Brett will command it to be pleasant that Becca sounded like Suzanne.,expletive_it_object_raising_good_260,expletive_it_object_raising_bad_260,longformer-1170_1174.parquet,longformer-1150_1154.parquet,pythia-160m-step256-1000_1199.parquet,pythia-160m-step256-1000_1199.parquet,-114.81966400146484,-122.16780853271484,13,13
irregular_past_participle_verbs,306,Gregory hid those bicycles.,Gregory hidden those bicycles.,irregular_past_participle_verbs_good_306,irregular_past_participle_verbs_bad_306,longformer-135_139.parquet,longformer-245_249.parquet,pythia-160m-step256-0_199.parquet,pythia-160m-step256-200_399.parquet,-51.697601318359375,-52.27842330932617,5,5
coordinate_structure_constraint_complex_left_branch,74,What actors had Randolf listened to and Alexander astounded?,What had Randolf listened to actors and Alexander astounded?,coordinate_structure_constraint_complex_left_branch_good_74,coordinate_structure_constraint_complex_left_branch_bad_74,longformer-1060_1064.parquet,longformer-1065_1069.parquet,pythia-160m-step256-1000_1199.parquet,pythia-160m-step256-1000_1199.parquet,-102.69978332519531,-98.21598815917969,10,10
determiner_noun_agreement_irregular_2,124,Tracy thought about that cactus.,Tracy thought about those cactus.,determiner_noun_agreement_irregular_2_good_124,determiner_noun_agreement_irregular_2_bad_124,longformer-295_299.parquet,longformer-360_364.parquet,pythia-160m-step256-200_399.parquet,pythia-160m-step256-200_399.parquet,-54.82883071899414,-54.80817794799805,6,6
determiner_noun_agreement_with_adj_2,139,Stephanie lifted those black rugs.,Stephanie lifted that black rugs.,determiner_noun_agreement_with_adj_2_good_139,determiner_noun_agreement_with_adj_2_bad_139,longformer-375_379.parquet,longformer-340_344.parquet,pythia-160m-step256-200_399.parquet,pythia-160m-step256-200_399.parquet,-62.284645080566406,-61.108062744140625,6,6
npi_present_1,361,Even Kathleen clearly looked like these pictures.,Even Kathleen ever looked like these pictures.,npi_present_1_good_361,npi_present_1_bad_361,longformer-830_834.parquet,longformer-740_744.parquet,pythia-160m-step256-800_999.parquet,pythia-160m-step256-600_799.parquet,-54.210792541503906,-52.56772994995117,8,8
wh_vs_that_with_gap_long_distance,668,Stacey doesn't find out who those cashiers that bother Dan work with.,Stacey doesn't find out that those cashiers that bother Dan work with.,wh_vs_that_with_gap_long_distance_good_668,wh_vs_that_with_gap_long_distance_bad_668,longformer-1155_1159.parquet,longformer-1165_1169.parquet,pythia-160m-step256-1000_1199.parquet,pythia-160m-step256-1000_1199.parquet,-113.3812484741211,-109.83047485351562,14,14
principle_A_domain_1,454,Leslie was saying that the Lutherans don't leave her.,Leslie was saying that the Lutherans don't leave herself.,principle_A_domain_1_good_454,principle_A_domain_1_bad_454,longformer-945_949.parquet,longformer-1020_1024.parquet,pythia-160m-step256-800_999.parquet,pythia-160m-step256-1000_1199.parquet,-70.56182098388672,-74.01715087890625,11,11
only_npi_scope,392,Only Martin's plumbers who Dawn was distracting did ever reveal who could dare every dancer to spin around.,Martin's plumbers who only Dawn was distracting did ever reveal who could dare every dancer to spin around.,only_npi_scope_good_392,only_npi_scope_bad_392,longformer-1325_1329.parquet,longformer-1330_1334.parquet,pythia-160m-step256-1200_1399.parquet,pythia-160m-step256-1200_1399.parquet,-172.5211944580078,-169.1598358154297,20,20
principle_A_case_2,442,Stacey imagines herself helping boys.,Stacey imagines herself helped boys.,principle_A_case_2_good_442,principle_A_case_2_bad_442,longformer-475_479.parquet,longformer-455_459.parquet,pythia-160m-step256-400_599.parquet,pythia-160m-step256-400_599.parquet,-65.54247283935547,-64.42969512939453,6,6
complex_NP_island,60,Who were most cashiers who investigated George's tutors leaving?,Who were George's tutors leaving most cashiers who investigated?,complex_NP_island_good_60,complex_NP_island_bad_60,longformer-1100_1104.parquet,longformer-1105_1109.parquet,pythia-160m-step256-1000_1199.parquet,pythia-160m-step256-1000_1199.parquet,-101.94291687011719,-100.08770751953125,11,11
animate_subject_trans,47,Gregory can talk about that senator.,That apple can talk about that senator.,animate_subject_trans_good_47,animate_subject_trans_bad_47,longformer-465_469.parquet,longformer-540_544.parquet,pythia-160m-step256-400_599.parquet,pythia-160m-step256-400_599.parquet,-48.691707611083984,-48.73587417602539,7,8
wh_vs_that_no_gap,634,The Clintons figure out that these doctors returned to Randolf.,The Clintons figure out who these doctors returned to Randolf.,wh_vs_that_no_gap_good_634,wh_vs_that_no_gap_bad_634,longformer-1090_1094.parquet,longformer-1085_1089.parquet,pythia-160m-step256-1000_1199.parquet,pythia-160m-step256-1000_1199.parquet,-91.50788879394531,-96.51189422607422,11,11
regular_plural_subject_verb_agreement_2,500,The dancers fight.,The dancer fight.,regular_plural_subject_verb_agreement_2_good_500,regular_plural_subject_verb_agreement_2_bad_500,longformer-25_29.parquet,longformer-15_19.parquet,pythia-160m-step256-0_199.parquet,pythia-160m-step256-0_199.parquet,-26.100563049316406,-27.78557014465332,4,4
intransitive,282,Jodi responds.,Jodi disagrees with.,intransitive_good_282,intransitive_bad_282,longformer-5_9.parquet,longformer-35_39.parquet,pythia-160m-step256-0_199.parquet,pythia-160m-step256-0_199.parquet,-27.99456024169922,-44.85814666748047,3,4
wh_questions_subject_gap,618,Margaret hadn't noticed rice that bores Gina.,Margaret hadn't noticed who rice bores Gina.,wh_questions_subject_gap_good_618,wh_questions_subject_gap_bad_618,longformer-715_719.parquet,longformer-685_689.parquet,pythia-160m-step256-600_799.parquet,pythia-160m-step256-600_799.parquet,-88.94213104248047,-90.22166442871094,9,9
irregular_plural_subject_verb_agreement_1,311,A lot of women learn who has argued.,A lot of women learns who has argued.,irregular_plural_subject_verb_agreement_1_good_311,irregular_plural_subject_verb_agreement_1_bad_311,longformer-460_464.parquet,longformer-470_474.parquet,pythia-160m-step256-400_599.parquet,pythia-160m-step256-400_599.parquet,-53.29029846191406,-54.05868911743164,9,9
irregular_plural_subject_verb_agreement_2,322,The alumni walk through some art gallery.,The alumnus walk through some art gallery.,irregular_plural_subject_verb_agreement_2_good_322,irregular_plural_subject_verb_agreement_2_bad_322,longformer-610_614.parquet,longformer-645_649.parquet,pythia-160m-step256-600_799.parquet,pythia-160m-step256-600_799.parquet,-55.74814987182617,-73.27864837646484,8,8
existential_there_quantifiers_2,248,Each chair is there falling.,There is each chair falling.,existential_there_quantifiers_2_good_248,existential_there_quantifiers_2_bad_248,longformer-190_194.parquet,longformer-160_164.parquet,pythia-160m-step256-0_199.parquet,pythia-160m-step256-0_199.parquet,-37.407997131347656,-37.3916015625,6,6
matrix_question_npi_licensor_present,357,Has Lisa ever joked around?,Lisa has ever joked around.,matrix_question_npi_licensor_present_good_357,matrix_question_npi_licensor_present_bad_357,longformer-155_159.parquet,longformer-145_149.parquet,pythia-160m-step256-0_199.parquet,pythia-160m-step256-0_199.parquet,-53.59687042236328,-54.854591369628906,6,6
determiner_noun_agreement_with_adj_irregular_1,147,Jesus can hire that smart man.,Jesus can hire that smart men.,determiner_noun_agreement_with_adj_irregular_1_good_147,determiner_noun_agreement_with_adj_irregular_1_bad_147,longformer-240_244.parquet,longformer-220_224.parquet,pythia-160m-step256-200_399.parquet,pythia-160m-step256-200_399.parquet,-44.034942626953125,-43.99291229248047,7,7
wh_questions_subject_gap,614,Samantha might think about most offspring that are ascending a lot of stairs.,Samantha might think about what most offspring are ascending a lot of stairs.,wh_questions_subject_gap_good_614,wh_questions_subject_gap_bad_614,longformer-1225_1229.parquet,longformer-1225_1229.parquet,pythia-160m-step256-1200_1399.parquet,pythia-160m-step256-1200_1399.parquet,-93.92528533935547,-93.47759246826172,14,14
transitive,586,Judy hadn't cared for Martin.,Judy hadn't screamed Martin.,transitive_good_586,transitive_bad_586,longformer-220_224.parquet,longformer-160_164.parquet,pythia-160m-step256-200_399.parquet,pythia-160m-step256-0_199.parquet,-46.808074951171875,-48.43657684326172,7,6
passive_1,404,Monica's niece isn't hired by Lawrence.,Monica's niece isn't argued by Lawrence.,passive_1_good_404,passive_1_bad_404,longformer-550_554.parquet,longformer-560_564.parquet,pythia-160m-step256-400_599.parquet,pythia-160m-step256-400_599.parquet,-60.8544921875,-63.1922607421875,9,9
wh_vs_that_no_gap_long_distance,641,Helen investigates that every cactus that does impress Anna hasn't distracted Janice.,Helen investigates who every cactus that does impress Anna hasn't distracted Janice.,wh_vs_that_no_gap_long_distance_good_641,wh_vs_that_no_gap_long_distance_bad_641,longformer-1270_1274.parquet,longformer-1265_1269.parquet,pythia-160m-step256-1200_1399.parquet,pythia-160m-step256-1200_1399.parquet,-140.49929809570312,-141.78712463378906,14,14
wh_vs_that_no_gap_long_distance,648,A lot of guests forget that this dancer that was disgusting Becca does watch Margaret.,A lot of guests forget who this dancer that was disgusting Becca does watch Margaret.,wh_vs_that_no_gap_long_distance_good_648,wh_vs_that_no_gap_long_distance_bad_648,longformer-1275_1279.parquet,longformer-1265_1269.parquet,pythia-160m-step256-1200_1399.parquet,pythia-160m-step256-1200_1399.parquet,-130.3616943359375,-137.6798553466797,16,16
wh_questions_object_gap,607,Those senators question the actor that the Impressionists aren't irritating.,Those senators question who the Impressionists aren't irritating the actor.,wh_questions_object_gap_good_607,wh_questions_object_gap_bad_607,longformer-1225_1229.parquet,longformer-1205_1209.parquet,pythia-160m-step256-1200_1399.parquet,pythia-160m-step256-1200_1399.parquet,-100.35120391845703,-103.0538558959961,12,12
regular_plural_subject_verb_agreement_1,497,All glasses disgust Clyde.,All glasses disgusts Clyde.,regular_plural_subject_verb_agreement_1_good_497,regular_plural_subject_verb_agreement_1_bad_497,longformer-115_119.parquet,longformer-140_144.parquet,pythia-160m-step256-0_199.parquet,pythia-160m-step256-0_199.parquet,-47.51874542236328,-54.19902038574219,5,5
wh_island,592,What wouldn't Elizabeth learn she dislikes?,What wouldn't Elizabeth learn who dislikes?,wh_island_good_592,wh_island_bad_592,longformer-675_679.parquet,longformer-680_684.parquet,pythia-160m-step256-600_799.parquet,pythia-160m-step256-600_799.parquet,-70.17526245117188,-70.71061706542969,8,8
inchoative,277,Gerald was standing up.,Gerald was discussing.,inchoative_good_277,inchoative_bad_277,longformer-65_69.parquet,longformer-50_54.parquet,pythia-160m-step256-0_199.parquet,pythia-160m-step256-0_199.parquet,-34.99498748779297,-32.329811096191406,5,4
adjunct_island,0,Who is Stephanie curing before observing Elaine?,Who is Stephanie curing Elaine before observing?,adjunct_island_good_0,adjunct_island_bad_0,longformer-820_824.parquet,longformer-820_824.parquet,pythia-160m-step256-800_999.parquet,pythia-160m-step256-800_999.parquet,-68.5681381225586,-70.80258178710938,8,8
ellipsis_n_bar_1,206,All people's dermatologist can watch one unsure cousin of and all nephews of Kathleen can watch a few.,All people's dermatologist can watch one cousin of and all nephews of Kathleen can watch a few unsure.,ellipsis_n_bar_1_good_206,ellipsis_n_bar_1_bad_206,longformer-1315_1319.parquet,longformer-1320_1324.parquet,pythia-160m-step256-1200_1399.parquet,pythia-160m-step256-1200_1399.parquet,-163.8433837890625,-161.50839233398438,20,20
determiner_noun_agreement_with_adjective_1,165,Mushrooms didn't worry that unlucky actress.,Mushrooms didn't worry that unlucky actresses.,determiner_noun_agreement_with_adjective_1_good_165,determiner_noun_agreement_with_adjective_1_bad_165,longformer-700_704.parquet,longformer-735_739.parquet,pythia-160m-step256-600_799.parquet,pythia-160m-step256-600_799.parquet,-77.32022094726562,-79.25597381591797,8,8
principle_A_reconstruction,487,It's themselves that some boys escaped from.,It's themselves that escaped from some boys.,principle_A_reconstruction_good_487,principle_A_reconstruction_bad_487,longformer-700_704.parquet,longformer-680_684.parquet,pythia-160m-step256-600_799.parquet,pythia-160m-step256-600_799.parquet,-55.09545135498047,-49.568931579589844,9,9
wh_vs_that_with_gap,656,Cindy hasn't concealed who these screens haven't scared.,Cindy hasn't concealed that these screens haven't scared.,wh_vs_that_with_gap_good_656,wh_vs_that_with_gap_bad_656,longformer-995_999.parquet,longformer-1015_1019.parquet,pythia-160m-step256-1000_1199.parquet,pythia-160m-step256-1000_1199.parquet,-88.93154907226562,-84.60917663574219,11,11
existential_there_quantifiers_1,232,There was a newspaper article existing.,There was every newspaper article existing.,existential_there_quantifiers_1_good_232,existential_there_quantifiers_1_bad_232,longformer-520_524.parquet,longformer-665_669.parquet,pythia-160m-step256-400_599.parquet,pythia-160m-step256-600_799.parquet,-45.660682678222656,-51.24590301513672,7,7
intransitive,281,This computer cracked.,This computer looks like.,intransitive_good_281,intransitive_bad_281,longformer-55_59.parquet,longformer-95_99.parquet,pythia-160m-step256-0_199.parquet,pythia-160m-step256-0_199.parquet,-25.002365112304688,-25.94141387939453,4,5
principle_A_reconstruction,483,It's herself that Claire thought about.,It's herself that thought about Claire.,principle_A_reconstruction_good_483,principle_A_reconstruction_bad_483,longformer-545_549.parquet,longformer-550_554.parquet,pythia-160m-step256-400_599.parquet,pythia-160m-step256-400_599.parquet,-47.06117248535156,-45.78224182128906,8,8
wh_questions_subject_gap,619,Sara had investigated an association that wouldn't help every driver.,Sara had investigated who an association wouldn't help every driver.,wh_questions_subject_gap_good_619,wh_questions_subject_gap_bad_619,longformer-1155_1159.parquet,longformer-1145_1149.parquet,pythia-160m-step256-1000_1199.parquet,pythia-160m-step256-1000_1199.parquet,-80.2389907836914,-82.74169921875,12,12
existential_there_subject_raising,253,There isn't about to be a popsicle astounding Lissa.,There isn't overjoyed to be a popsicle astounding Lissa.,existential_there_subject_raising_good_253,existential_there_subject_raising_bad_253,longformer-905_909.parquet,longformer-1000_1004.parquet,pythia-160m-step256-800_999.parquet,pythia-160m-step256-1000_1199.parquet,-92.92640686035156,-111.56487274169922,11,11
matrix_question_npi_licensor_present,355,Have some doctors ever shouted?,Some doctors have ever shouted.,matrix_question_npi_licensor_present_good_355,matrix_question_npi_licensor_present_bad_355,longformer-275_279.parquet,longformer-275_279.parquet,pythia-160m-step256-200_399.parquet,pythia-160m-step256-200_399.parquet,-39.643218994140625,-36.99236297607422,6,6
coordinate_structure_constraint_object_extraction,82,What had that report and a book disagreed with?,What has that report disagreed with and a book?,coordinate_structure_constraint_object_extraction_good_82,coordinate_structure_constraint_object_extraction_bad_82,longformer-770_774.parquet,longformer-770_774.parquet,pythia-160m-step256-600_799.parquet,pythia-160m-step256-600_799.parquet,-65.02571105957031,-63.10145568847656,10,10
causative,53,Sandra wouldn't turn some carriage.,Sandra wouldn't rust some carriage.,causative_good_53,causative_bad_53,longformer-400_404.parquet,longformer-430_434.parquet,pythia-160m-step256-400_599.parquet,pythia-160m-step256-400_599.parquet,-50.72052001953125,-56.1328125,7,7
wh_vs_that_no_gap_long_distance,643,Those drivers might find out that some high school that vanishes disgusts some teacher.,Those drivers might find out who some high school that vanishes disgusts some teacher.,wh_vs_that_no_gap_long_distance_good_643,wh_vs_that_no_gap_long_distance_bad_643,longformer-1275_1279.parquet,longformer-1270_1274.parquet,pythia-160m-step256-1200_1399.parquet,pythia-160m-step256-1200_1399.parquet,-110.34251403808594,-114.6820068359375,15,15
wh_island,595,Who have these organizations figured out they should disturb?,Who have these organizations figured out what should disturb?,wh_island_good_595,wh_island_bad_595,longformer-1075_1079.parquet,longformer-1070_1074.parquet,pythia-160m-step256-1000_1199.parquet,pythia-160m-step256-1000_1199.parquet,-67.52609252929688,-67.70227813720703,10,10
wh_questions_subject_gap_long_distance,624,Travis has discovered most customers that many girls return to that care for cashiers.,Travis has discovered who most customers that many girls return to care for cashiers.,wh_questions_subject_gap_long_distance_good_624,wh_questions_subject_gap_long_distance_bad_624,longformer-1270_1274.parquet,longformer-1265_1269.parquet,pythia-160m-step256-1200_1399.parquet,pythia-160m-step256-1200_1399.parquet,-120.00930786132812,-119.37748718261719,15,15
regular_plural_subject_verb_agreement_1,495,Those guys aren't bothering Amelia.,Those guys isn't bothering Amelia.,regular_plural_subject_verb_agreement_1_good_495,regular_plural_subject_verb_agreement_1_bad_495,longformer-425_429.parquet,longformer-365_369.parquet,pythia-160m-step256-400_599.parquet,pythia-160m-step256-200_399.parquet,-56.59713363647461,-54.488250732421875,7,7
existential_there_object_raising,226,Ruth's daughter wasn't expecting there to be a carriage slowing.,Ruth's daughter wasn't pressuring there to be a carriage slowing.,existential_there_object_raising_good_226,existential_there_object_raising_bad_226,longformer-1100_1104.parquet,longformer-1115_1119.parquet,pythia-160m-step256-1000_1199.parquet,pythia-160m-step256-1000_1199.parquet,-87.22811126708984,-97.62149810791016,13,13
expletive_it_object_raising,265,Nina's nieces haven't expected it to be a shame that Monica had tempted Beverly to question Monica.,Nina's nieces haven't convinced it to be a shame that Monica had tempted Beverly to question Monica.,expletive_it_object_raising_good_265,expletive_it_object_raising_bad_265,longformer-1310_1314.parquet,longformer-1310_1314.parquet,pythia-160m-step256-1200_1399.parquet,pythia-160m-step256-1200_1399.parquet,-158.27891540527344,-157.28834533691406,20,20
only_npi_scope,391,Only some popsicle that Kevin can find can ever vaporize.,Some popsicle that only Kevin can find can ever vaporize.,only_npi_scope_good_391,only_npi_scope_bad_391,longformer-1015_1019.parquet,longformer-1005_1009.parquet,pythia-160m-step256-1000_1199.parquet,pythia-160m-step256-1000_1199.parquet,-96.31613159179688,-97.61453247070312,11,11
anaphor_gender_agreement,10,Lawrence disturbed himself.,Lawrence disturbed itself.,anaphor_gender_agreement_good_10,anaphor_gender_agreement_bad_10,longformer-155_159.parquet,longformer-125_129.parquet,pythia-160m-step256-0_199.parquet,pythia-160m-step256-0_199.parquet,-34.09199905395508,-35.150516510009766,4,4
left_branch_island_simple_question,345,Which guest should Veronica heal?,Which should Veronica heal guest?,left_branch_island_simple_question_good_345,left_branch_island_simple_question_bad_345,longformer-340_344.parquet,longformer-350_354.parquet,pythia-160m-step256-200_399.parquet,pythia-160m-step256-200_399.parquet,-61.9119987487793,-61.726318359375,6,6
inchoative,276,Planes have broken.,Planes have admired.,inchoative_good_276,inchoative_bad_276,longformer-35_39.parquet,longformer-35_39.parquet,pythia-160m-step256-0_199.parquet,pythia-160m-step256-0_199.parquet,-30.696380615234375,-34.03000259399414,4,4
principle_A_domain_3,478,Tiffany says William will approach himself.,William says Tiffany will approach himself.,principle_A_domain_3_good_478,principle_A_domain_3_bad_478,longformer-675_679.parquet,longformer-670_674.parquet,pythia-160m-step256-600_799.parquet,pythia-160m-step256-600_799.parquet,-59.86762237548828,-56.9188117980957,7,7
wh_island,593,What has Andrew forgotten he doesn't ascend?,What has Andrew forgotten what doesn't ascend?,wh_island_good_593,wh_island_bad_593,longformer-685_689.parquet,longformer-745_749.parquet,pythia-160m-step256-600_799.parquet,pythia-160m-step256-600_799.parquet,-68.02816772460938,-67.6239013671875,9,9
principle_A_domain_2,466,Donna said drivers haven't complained about themselves.,Donna said drivers haven't complained about herself.,principle_A_domain_2_good_466,principle_A_domain_2_bad_466,longformer-965_969.parquet,longformer-910_914.parquet,pythia-160m-step256-800_999.parquet,pythia-160m-step256-800_999.parquet,-63.03778839111328,-63.640811920166016,9,9
irregular_past_participle_verbs,304,Donald broke these cups.,Donald broken these cups.,irregular_past_participle_verbs_good_304,irregular_past_participle_verbs_bad_304,longformer-75_79.parquet,longformer-95_99.parquet,pythia-160m-step256-0_199.parquet,pythia-160m-step256-0_199.parquet,-30.655914306640625,-30.46472930908203,5,5
passive_1,405,These mothers of David are helped by teachers.,These mothers of David are flirted by teachers.,passive_1_good_405,passive_1_bad_405,longformer-745_749.parquet,longformer-760_764.parquet,pythia-160m-step256-600_799.parquet,pythia-160m-step256-600_799.parquet,-58.79732894897461,-70.63994598388672,9,9
animate_subject_passive,36,Carol is described by some senators.,Carol is described by some chicken.,animate_subject_passive_good_36,animate_subject_passive_bad_36,longformer-435_439.parquet,longformer-415_419.parquet,pythia-160m-step256-400_599.parquet,pythia-160m-step256-400_599.parquet,-36.28828048706055,-34.975257873535156,7,7
determiner_noun_agreement_with_adj_2,136,Cindy toured that clean movie theater.,Cindy toured those clean movie theater.,determiner_noun_agreement_with_adj_2_good_136,determiner_noun_agreement_with_adj_2_bad_136,longformer-505_509.parquet,longformer-550_554.parquet,pythia-160m-step256-400_599.parquet,pythia-160m-step256-400_599.parquet,-75.14090728759766,-78.0103759765625,7,7
determiner_noun_agreement_irregular_1,115,The cats scare this woman.,The cats scare this women.,determiner_noun_agreement_irregular_1_good_115,determiner_noun_agreement_irregular_1_bad_115,longformer-130_134.parquet,longformer-120_124.parquet,pythia-160m-step256-0_199.parquet,pythia-160m-step256-0_199.parquet,-43.85470962524414,-42.833335876464844,6,6
inchoative,278,Some drawings of that truck sell.,Some drawings of that truck clean.,inchoative_good_278,inchoative_bad_278,longformer-355_359.parquet,longformer-380_384.parquet,pythia-160m-step256-200_399.parquet,pythia-160m-step256-200_399.parquet,-51.0806884765625,-49.50303649902344,7,7
causative,58,These guests evaporate those rivers.,These guests waste away those rivers.,causative_good_58,causative_bad_58,longformer-450_454.parquet,longformer-480_484.parquet,pythia-160m-step256-400_599.parquet,pythia-160m-step256-400_599.parquet,-53.15549850463867,-53.12718200683594,6,7
ellipsis_n_bar_2,217,Every legislature referenced several senators and Russell referenced a few employed senators.,Every legislature referenced several fast senators and Russell referenced a few employed.,ellipsis_n_bar_2_good_217,ellipsis_n_bar_2_bad_217,longformer-1295_1299.parquet,longformer-1285_1289.parquet,pythia-160m-step256-1200_1399.parquet,pythia-160m-step256-1200_1399.parquet,-104.3182144165039,-102.32949829101562,13,13
tough_vs_raising_2,578,Alan's ex-girlfriends aren't unlikely to drop by movie theaters.,Alan's ex-girlfriends aren't enjoyable to drop by movie theaters.,tough_vs_raising_2_good_578,tough_vs_raising_2_bad_578,longformer-1100_1104.parquet,longformer-1115_1119.parquet,pythia-160m-step256-1000_1199.parquet,pythia-160m-step256-1000_1199.parquet,-101.12012481689453,-102.5936508178711,14,14
matrix_question_npi_licensor_present,351,Had every couch ever cracked?,Every couch had ever cracked.,matrix_question_npi_licensor_present_good_351,matrix_question_npi_licensor_present_bad_351,longformer-220_224.parquet,longformer-195_199.parquet,pythia-160m-step256-200_399.parquet,pythia-160m-step256-200_399.parquet,-45.087196350097656,-42.001617431640625,6,6
wh_vs_that_with_gap_long_distance,669,All children investigated who those children that scare those companies were escaping from.,All children investigated that those children that scare those companies were escaping from.,wh_vs_that_with_gap_long_distance_good_669,wh_vs_that_with_gap_long_distance_bad_669,longformer-1295_1299.parquet,longformer-1295_1299.parquet,pythia-160m-step256-1200_1399.parquet,pythia-160m-step256-1200_1399.parquet,-103.01242065429688,-99.1519546508789,14,14
determiner_noun_agreement_irregular_1,118,Most drivers discover these people.,Most drivers discover these person.,determiner_noun_agreement_irregular_1_good_118,determiner_noun_agreement_irregular_1_bad_118,longformer-435_439.parquet,longformer-420_424.parquet,pythia-160m-step256-400_599.parquet,pythia-160m-step256-400_599.parquet,-37.95673370361328,-39.403045654296875,6,6
determiner_noun_agreement_with_adj_irregular_1,149,Charles has explored that concealed oasis.,Charles has explored that concealed oases.,determiner_noun_agreement_with_adj_irregular_1_good_149,determiner_noun_agreement_with_adj_irregular_1_bad_149,longformer-660_664.parquet,longformer-655_659.parquet,pythia-160m-step256-600_799.parquet,pythia-160m-step256-600_799.parquet,-55.51020812988281,-54.806785583496094,7,7
wh_vs_that_no_gap,630,Raymond realizes that many girls bike to some hill.,Raymond realizes what many girls bike to some hill.,wh_vs_that_no_gap_good_630,wh_vs_that_no_gap_bad_630,longformer-885_889.parquet,longformer-885_889.parquet,pythia-160m-step256-800_999.parquet,pythia-160m-step256-800_999.parquet,-75.89804077148438,-78.77494049072266,10,10
matrix_question_npi_licensor_present,352,Had a lot of boys ever argued?,A lot of boys had ever argued.,matrix_question_npi_licensor_present_good_352,matrix_question_npi_licensor_present_bad_352,longformer-230_234.parquet,longformer-240_244.parquet,pythia-160m-step256-200_399.parquet,pythia-160m-step256-200_399.parquet,-46.0904426574707,-48.20368194580078,8,8
adjunct_island,1,Who might Derek criticize without firing drivers?,Who might Derek criticize drivers without firing?,adjunct_island_good_1,adjunct_island_bad_1,longformer-845_849.parquet,longformer-835_839.parquet,pythia-160m-step256-800_999.parquet,pythia-160m-step256-800_999.parquet,-66.45243835449219,-67.65266418457031,8,8
principle_A_domain_2,460,Charles wasn't imagining Wendy couldn't hide herself.,Charles wasn't imagining Wendy couldn't hide himself.,principle_A_domain_2_good_460,principle_A_domain_2_bad_460,longformer-930_934.parquet,longformer-930_934.parquet,pythia-160m-step256-800_999.parquet,pythia-160m-step256-800_999.parquet,-65.80352783203125,-64.84453582763672,10,10
sentential_subject_island,536,What did a lot of adults' watching Adam sound like.,What did a lot of adults' watching sound like Adam.,sentential_subject_island_good_536,sentential_subject_island_bad_536,longformer-890_894.parquet,longformer-895_899.parquet,pythia-160m-step256-800_999.parquet,pythia-160m-step256-800_999.parquet,-79.46273803710938,-77.7821044921875,12,12
determiner_noun_agreement_irregular_2,122,Kristin examined that thesis.,Kristin examined those thesis.,determiner_noun_agreement_irregular_2_good_122,determiner_noun_agreement_irregular_2_bad_122,longformer-220_224.parquet,longformer-230_234.parquet,pythia-160m-step256-200_399.parquet,pythia-160m-step256-200_399.parquet,-48.425376892089844,-47.50081253051758,5,5
animate_subject_trans,41,Naomi bikes to every closet.,A hill bikes to every closet.,animate_subject_trans_good_41,animate_subject_trans_bad_41,longformer-185_189.parquet,longformer-215_219.parquet,pythia-160m-step256-0_199.parquet,pythia-160m-step256-0_199.parquet,-48.19761657714844,-50.335914611816406,6,7
npi_present_2,378,Monica had certainly found some glacier to melt.,Monica had ever found some glacier to melt.,npi_present_2_good_378,npi_present_2_bad_378,longformer-805_809.parquet,longformer-665_669.parquet,pythia-160m-step256-800_999.parquet,pythia-160m-step256-600_799.parquet,-72.41023254394531,-71.34283447265625,9,9
tough_vs_raising_1,561,Dawn is fun to reference.,Dawn is apt to reference.,tough_vs_raising_1_good_561,tough_vs_raising_1_bad_561,longformer-100_104.parquet,longformer-115_119.parquet,pythia-160m-step256-0_199.parquet,pythia-160m-step256-0_199.parquet,-41.60009765625,-42.91272735595703,6,6
ellipsis_n_bar_2,219,That doctor did discuss one movie theater and many grandmothers of Lori did discuss more old movie theater.,That doctor did discuss one smooth movie theater and many grandmothers of Lori did discuss more old.,ellipsis_n_bar_2_good_219,ellipsis_n_bar_2_bad_219,longformer-1325_1329.parquet,longformer-1310_1314.parquet,pythia-160m-step256-1200_1399.parquet,pythia-160m-step256-1200_1399.parquet,-158.86561584472656,-148.45489501953125,19,18
wh_vs_that_no_gap,638,Teresa knows that most children can't leave Danielle.,Teresa knows who most children can't leave Danielle.,wh_vs_that_no_gap_good_638,wh_vs_that_no_gap_bad_638,longformer-935_939.parquet,longformer-900_904.parquet,pythia-160m-step256-800_999.parquet,pythia-160m-step256-800_999.parquet,-81.75275421142578,-83.124267578125,10,10
sentential_negation_npi_scope,521,Cheryl's brothers who have driven to most malls have not ever collaborated.,Cheryl's brothers who have not driven to most malls have ever collaborated.,sentential_negation_npi_scope_good_521,sentential_negation_npi_scope_bad_521,longformer-1205_1209.parquet,longformer-1220_1224.parquet,pythia-160m-step256-1200_1399.parquet,pythia-160m-step256-1200_1399.parquet,-117.43399047851562,-116.31777954101562,14,14
principle_A_domain_2,465,Catherine isn't explaining Alexander will fire himself.,Catherine isn't explaining Alexander will fire herself.,principle_A_domain_2_good_465,principle_A_domain_2_bad_465,longformer-965_969.parquet,longformer-980_984.parquet,pythia-160m-step256-800_999.parquet,pythia-160m-step256-800_999.parquet,-74.15654754638672,-74.85477447509766,9,9
existential_there_quantifiers_1,230,There is a boy discovering Julie to complain.,There is each boy discovering Julie to complain.,existential_there_quantifiers_1_good_230,existential_there_quantifiers_1_bad_230,longformer-715_719.parquet,longformer-810_814.parquet,pythia-160m-step256-600_799.parquet,pythia-160m-step256-800_999.parquet,-62.21674346923828,-69.0615005493164,9,9
expletive_it_object_raising,267,John wasn't declaring it to be not so obvious that Jodi is driving to the movie theater.,John prompted it to be not so obvious that Jodi is driving to the movie theater.,expletive_it_object_raising_good_267,expletive_it_object_raising_bad_267,longformer-1280_1284.parquet,longformer-1235_1239.parquet,pythia-160m-step256-1200_1399.parquet,pythia-160m-step256-1200_1399.parquet,-117.39118194580078,-107.28775787353516,19,17
irregular_past_participle_verbs,305,Adults broke this computer.,Adults broken this computer.,irregular_past_participle_verbs_good_305,irregular_past_participle_verbs_bad_305,longformer-145_149.parquet,longformer-160_164.parquet,pythia-160m-step256-0_199.parquet,pythia-160m-step256-0_199.parquet,-39.780494689941406,-41.59720993041992,5,5
determiner_noun_agreement_irregular_2,127,Beverly was working with this person.,Beverly was working with these person.,determiner_noun_agreement_irregular_2_good_127,determiner_noun_agreement_irregular_2_bad_127,longformer-480_484.parquet,longformer-485_489.parquet,pythia-160m-step256-400_599.parquet,pythia-160m-step256-400_599.parquet,-46.47549819946289,-48.06142807006836,7,7
passive_2,415,Nephews of Amelia weren't hurt.,Nephews of Amelia weren't communicated.,passive_2_good_415,passive_2_bad_415,longformer-275_279.parquet,longformer-530_534.parquet,pythia-160m-step256-200_399.parquet,pythia-160m-step256-400_599.parquet,-76.39321899414062,-81.8594970703125,7,7
anaphor_number_agreement,27,Kristen shouldn't heal herself.,Kristen shouldn't heal themselves.,anaphor_number_agreement_good_27,anaphor_number_agreement_bad_27,longformer-245_249.parquet,longformer-370_374.parquet,pythia-160m-step256-200_399.parquet,pythia-160m-step256-200_399.parquet,-49.47618865966797,-49.35819625854492,6,6
existential_there_subject_raising,251,There isn't bound to be steak blackening.,There isn't pleased to be steak blackening.,existential_there_subject_raising_good_251,existential_there_subject_raising_bad_251,longformer-625_629.parquet,longformer-665_669.parquet,pythia-160m-step256-400_599.parquet,pythia-160m-step256-600_799.parquet,-61.00743103027344,-60.668521881103516,9,9
principle_A_case_2,441,Amy wasn't thinking about herself listening to Marcus.,Amy wasn't thinking about herself listened to Marcus.,principle_A_case_2_good_441,principle_A_case_2_bad_441,longformer-960_964.parquet,longformer-935_939.parquet,pythia-160m-step256-800_999.parquet,pythia-160m-step256-800_999.parquet,-68.6805419921875,-69.7778549194336,10,10
tough_vs_raising_1,560,Laura isn't interesting to cure.,Laura isn't soon to cure.,tough_vs_raising_1_good_560,tough_vs_raising_1_bad_560,longformer-290_294.parquet,longformer-105_109.parquet,pythia-160m-step256-200_399.parquet,pythia-160m-step256-0_199.parquet,-45.89590835571289,-46.88129425048828,7,7
intransitive,283,This customer's senators weren't worrying.,This customer's senators weren't curing.,intransitive_good_283,intransitive_bad_283,longformer-640_644.parquet,longformer-565_569.parquet,pythia-160m-step256-600_799.parquet,pythia-160m-step256-400_599.parquet,-54.46057891845703,-54.49934387207031,8,8
tough_vs_raising_2,577,A lot of students aren't soon to bike to the high school.,A lot of students aren't enjoyable to bike to the high school.,tough_vs_raising_2_good_577,tough_vs_raising_2_bad_577,longformer-1005_1009.parquet,longformer-1080_1084.parquet,pythia-160m-step256-1000_1199.parquet,pythia-160m-step256-1000_1199.parquet,-74.89419555664062,-77.83586120605469,14,14
determiner_noun_agreement_with_adj_irregular_2,154,Gary isn't breaking that white tooth.,Gary isn't breaking those white tooth.,determiner_noun_agreement_with_adj_irregular_2_good_154,determiner_noun_agreement_with_adj_irregular_2_bad_154,longformer-485_489.parquet,longformer-510_514.parquet,pythia-160m-step256-400_599.parquet,pythia-160m-step256-400_599.parquet,-48.83680725097656,-49.47459030151367,8,8
determiner_noun_agreement_with_adj_irregular_2,151,Some adults visit this ill man.,Some adults visit these ill man.,determiner_noun_agreement_with_adj_irregular_2_good_151,determiner_noun_agreement_with_adj_irregular_2_bad_151,longformer-265_269.parquet,longformer-290_294.parquet,pythia-160m-step256-200_399.parquet,pythia-160m-step256-200_399.parquet,-50.107086181640625,-50.263458251953125,7,7
tough_vs_raising_2,574,All schools aren't soon to collaborate.,All schools aren't boring to collaborate.,tough_vs_raising_2_good_574,tough_vs_raising_2_bad_574,longformer-525_529.parquet,longformer-610_614.parquet,pythia-160m-step256-400_599.parquet,pythia-160m-step256-600_799.parquet,-48.19986343383789,-51.21925354003906,8,8
regular_plural_subject_verb_agreement_2,502,The customers buy this art gallery.,The customer buy this art gallery.,regular_plural_subject_verb_agreement_2_good_502,regular_plural_subject_verb_agreement_2_bad_502,longformer-405_409.parquet,longformer-365_369.parquet,pythia-160m-step256-400_599.parquet,pythia-160m-step256-200_399.parquet,-50.98106384277344,-49.99818420410156,7,7
transitive,588,Curtis's ex-wives appreciated Harvard University.,Curtis's ex-wives chat Harvard University.,transitive_good_588,transitive_bad_588,longformer-825_829.parquet,longformer-650_654.parquet,pythia-160m-step256-800_999.parquet,pythia-160m-step256-600_799.parquet,-79.98524475097656,-80.13741302490234,9,9
only_npi_licensor_present,389,Only the waiters ever retaliated.,Even the waiters ever retaliated.,only_npi_licensor_present_good_389,only_npi_licensor_present_bad_389,longformer-350_354.parquet,longformer-355_359.parquet,pythia-160m-step256-200_399.parquet,pythia-160m-step256-200_399.parquet,-54.94612121582031,-55.549835205078125,6,6
irregular_past_participle_verbs,301,A lot of teenagers spoke up.,A lot of teenagers spoken up.,irregular_past_participle_verbs_good_301,irregular_past_participle_verbs_bad_301,longformer-185_189.parquet,longformer-190_194.parquet,pythia-160m-step256-0_199.parquet,pythia-160m-step256-0_199.parquet,-46.936180114746094,-46.643306732177734,7,7
superlative_quantifiers_1,543,No snake climbs down fewer than eight mountains.,No snake climbs down at most eight mountains.,superlative_quantifiers_1_good_543,superlative_quantifiers_1_bad_543,longformer-815_819.parquet,longformer-720_724.parquet,pythia-160m-step256-800_999.parquet,pythia-160m-step256-600_799.parquet,-75.08059692382812,-72.8056640625,9,9
existential_there_quantifiers_2,247,Most guys are there learning who exists.,There are most guys learning who exists.,existential_there_quantifiers_2_good_247,existential_there_quantifiers_2_bad_247,longformer-570_574.parquet,longformer-570_574.parquet,pythia-160m-step256-400_599.parquet,pythia-160m-step256-400_599.parquet,-48.27608108520508,-48.48432922363281,8,8
superlative_quantifiers_2,555,That student had attacked at least seven actors.,No student had attacked at least seven actors.,superlative_quantifiers_2_good_555,superlative_quantifiers_2_bad_555,longformer-800_804.parquet,longformer-740_744.parquet,pythia-160m-step256-800_999.parquet,pythia-160m-step256-600_799.parquet,-57.86656188964844,-59.147804260253906,9,9
existential_there_quantifiers_1,236,There isn't a bike impressing Renee.,There isn't every bike impressing Renee.,existential_there_quantifiers_1_good_236,existential_there_quantifiers_1_bad_236,longformer-445_449.parquet,longformer-575_579.parquet,pythia-160m-step256-400_599.parquet,pythia-160m-step256-400_599.parquet,-65.6256332397461,-69.35166931152344,8,8
sentential_negation_npi_licensor_present,519,The Lutherans had not ever left Jeffrey.,The Lutherans had fortunately ever left Jeffrey.,sentential_negation_npi_licensor_present_good_519,sentential_negation_npi_licensor_present_bad_519,longformer-590_594.parquet,longformer-815_819.parquet,pythia-160m-step256-400_599.parquet,pythia-160m-step256-800_999.parquet,-64.32539367675781,-80.9827880859375,8,8
principle_A_case_1,435,Tara will think that she could love Homer.,Tara will think that herself could love Homer.,principle_A_case_1_good_435,principle_A_case_1_bad_435,longformer-635_639.parquet,longformer-730_734.parquet,pythia-160m-step256-600_799.parquet,pythia-160m-step256-600_799.parquet,-59.99711608886719,-68.97570037841797,9,9
existential_there_quantifiers_2,249,Most pictures are there falling.,There are most pictures falling.,existential_there_quantifiers_2_good_249,existential_there_quantifiers_2_bad_249,longformer-285_289.parquet,longformer-310_314.parquet,pythia-160m-step256-200_399.parquet,pythia-160m-step256-200_399.parquet,-36.648231506347656,-35.68473815917969,6,6
transitive,581,Most doctors thought about Joseph.,Most doctors grin Joseph.,transitive_good_581,transitive_bad_581,longformer-390_394.parquet,longformer-115_119.parquet,pythia-160m-step256-200_399.parquet,pythia-160m-step256-0_199.parquet,-36.78345489501953,-39.42842102050781,6,5
determiner_noun_agreement_1,95,The associations worked with that actor.,The associations worked with that actors.,determiner_noun_agreement_1_good_95,determiner_noun_agreement_1_bad_95,longformer-570_574.parquet,longformer-625_629.parquet,pythia-160m-step256-400_599.parquet,pythia-160m-step256-600_799.parquet,-43.663753509521484,-43.18458557128906,7,7
regular_plural_subject_verb_agreement_1,499,Many teenagers forget that boy.,Many teenagers forgets that boy.,regular_plural_subject_verb_agreement_1_good_499,regular_plural_subject_verb_agreement_1_bad_499,longformer-250_254.parquet,longformer-300_304.parquet,pythia-160m-step256-200_399.parquet,pythia-160m-step256-200_399.parquet,-40.98051071166992,-49.31174850463867,6,6
anaphor_number_agreement,29,Rose doesn't reveal herself.,Rose doesn't reveal themselves.,anaphor_number_agreement_good_29,anaphor_number_agreement_bad_29,longformer-180_184.parquet,longformer-280_284.parquet,pythia-160m-step256-0_199.parquet,pythia-160m-step256-200_399.parquet,-30.293493270874023,-29.777132034301758,6,6
tough_vs_raising_2,570,Some waiters weren't sure to disagree.,Some waiters weren't boring to disagree.,tough_vs_raising_2_good_570,tough_vs_raising_2_bad_570,longformer-505_509.parquet,longformer-565_569.parquet,pythia-160m-step256-400_599.parquet,pythia-160m-step256-400_599.parquet,-50.826133728027344,-56.82040786743164,8,8
wh_questions_subject_gap_long_distance,621,Many doctors investigate these actors that Carrie sounded like that love those theses.,Many doctors investigate what these actors that Carrie sounded like love those theses.,wh_questions_subject_gap_long_distance_good_621,wh_questions_subject_gap_long_distance_bad_621,longformer-1270_1274.parquet,longformer-1275_1279.parquet,pythia-160m-step256-1200_1399.parquet,pythia-160m-step256-1200_1399.parquet,-111.85968017578125,-116.6859130859375,14,14
determiner_noun_agreement_with_adj_irregular_2,156,Julie can boycott those cheap oases.,Julie can boycott that cheap oases.,determiner_noun_agreement_with_adj_irregular_2_good_156,determiner_noun_agreement_with_adj_irregular_2_bad_156,longformer-455_459.parquet,longformer-405_409.parquet,pythia-160m-step256-400_599.parquet,pythia-160m-step256-400_599.parquet,-62.40081787109375,-61.79005432128906,7,7
coordinate_structure_constraint_complex_left_branch,70,Which teenagers had many trucks irritated and Jodi visited?,Which had many trucks irritated teenagers and Jodi visited?,coordinate_structure_constraint_complex_left_branch_good_70,coordinate_structure_constraint_complex_left_branch_bad_70,longformer-1035_1039.parquet,longformer-1040_1044.parquet,pythia-160m-step256-1000_1199.parquet,pythia-160m-step256-1000_1199.parquet,-96.14891052246094,-96.89344787597656,10,10
irregular_past_participle_verbs,308,Joel came here.,Joel come here.,irregular_past_participle_verbs_good_308,irregular_past_participle_verbs_bad_308,longformer-5_9.parquet,longformer-5_9.parquet,pythia-160m-step256-0_199.parquet,pythia-160m-step256-0_199.parquet,-25.78693962097168,-25.131235122680664,4,4
ellipsis_n_bar_1,203,Steven skated around three out in the open restaurants and Lawrence skated around more.,Steven skated around three restaurants and Lawrence skated around more out in the open.,ellipsis_n_bar_1_good_203,ellipsis_n_bar_1_bad_203,longformer-1280_1284.parquet,longformer-1280_1284.parquet,pythia-160m-step256-1200_1399.parquet,pythia-160m-step256-1200_1399.parquet,-114.40763854980469,-112.4359130859375,15,15
superlative_quantifiers_2,559,The teenager would boast about at most four waiters.,No teenager would boast about at most four waiters.,superlative_quantifiers_2_good_559,superlative_quantifiers_2_bad_559,longformer-920_924.parquet,longformer-895_899.parquet,pythia-160m-step256-800_999.parquet,pythia-160m-step256-800_999.parquet,-77.00214385986328,-76.90130615234375,10,10
existential_there_quantifiers_2,244,Every screen is there alarming all governments.,There is every screen alarming all governments.,existential_there_quantifiers_2_good_244,existential_there_quantifiers_2_bad_244,longformer-790_794.parquet,longformer-780_784.parquet,pythia-160m-step256-600_799.parquet,pythia-160m-step256-600_799.parquet,-55.169189453125,-53.85609436035156,8,8
anaphor_number_agreement,20,Some government stuns itself.,Some government stuns themselves.,anaphor_number_agreement_good_20,anaphor_number_agreement_bad_20,longformer-200_204.parquet,longformer-325_329.parquet,pythia-160m-step256-0_199.parquet,pythia-160m-step256-200_399.parquet,-38.79236602783203,-39.03031921386719,5,5
left_branch_island_echo_question,334,A skateboard had upset which pedestrians?,Which had a skateboard upset pedestrians?,left_branch_island_echo_question_good_334,left_branch_island_echo_question_bad_334,longformer-605_609.parquet,longformer-630_634.parquet,pythia-160m-step256-600_799.parquet,pythia-160m-step256-600_799.parquet,-67.24333953857422,-64.10943603515625,7,7
wh_questions_subject_gap,617,Renee can't research the hill that couldn't irritate every library.,Renee can't research what the hill couldn't irritate every library.,wh_questions_subject_gap_good_617,wh_questions_subject_gap_bad_617,longformer-1140_1144.parquet,longformer-1140_1144.parquet,pythia-160m-step256-1000_1199.parquet,pythia-160m-step256-1000_1199.parquet,-102.01087188720703,-103.4729995727539,13,13
determiner_noun_agreement_with_adj_2,130,That adult has worn those out in the open coats.,That adult has worn that out in the open coats.,determiner_noun_agreement_with_adj_2_good_130,determiner_noun_agreement_with_adj_2_bad_130,longformer-815_819.parquet,longformer-790_794.parquet,pythia-160m-step256-800_999.parquet,pythia-160m-step256-600_799.parquet,-72.22129821777344,-70.29220581054688,11,11
only_npi_scope,398,Only Timothy's partners who Kirsten did think about ever shock some doctor.,Timothy's partners who only Kirsten did think about ever shock some doctor.,only_npi_scope_good_398,only_npi_scope_bad_398,longformer-1200_1204.parquet,longformer-1210_1214.parquet,pythia-160m-step256-1200_1399.parquet,pythia-160m-step256-1200_1399.parquet,-116.83545684814453,-125.87805938720703,14,14
principle_A_case_2,446,Jacqueline should think about herself exploring that river.,Jacqueline should think about herself explored that river.,principle_A_case_2_good_446,principle_A_case_2_bad_446,longformer-1035_1039.parquet,longformer-1030_1034.parquet,pythia-160m-step256-1000_1199.parquet,pythia-160m-step256-1000_1199.parquet,-74.17568969726562,-74.02812957763672,9,9
existential_there_object_raising,224,The actress's senators declare there to be fewer than three doctors doubting those children anticipate Tiffany to play.,The actress's senators motivated there to be fewer than three doctors doubting those children anticipate Tiffany to play.,existential_there_object_raising_good_224,existential_there_object_raising_bad_224,longformer-1335_1339.parquet,longformer-1335_1339.parquet,pythia-160m-step256-1200_1399.parquet,pythia-160m-step256-1200_1399.parquet,-164.11241149902344,-166.75714111328125,20,20
transitive,589,Laurie was fleeing from most lakes.,Laurie was blinking most lakes.,transitive_good_589,transitive_bad_589,longformer-395_399.parquet,longformer-250_254.parquet,pythia-160m-step256-400_599.parquet,pythia-160m-step256-200_399.parquet,-60.559356689453125,-61.90464782714844,7,6
principle_A_case_1,430,Raymond was thinking that he wasn't talking about Christine.,Raymond was thinking that himself wasn't talking about Christine.,principle_A_case_1_good_430,principle_A_case_1_bad_430,longformer-1060_1064.parquet,longformer-1110_1114.parquet,pythia-160m-step256-1000_1199.parquet,pythia-160m-step256-1000_1199.parquet,-61.332584381103516,-69.79409790039062,11,11
left_branch_island_echo_question,338,Susan is concealing which child?,Which is Susan concealing child?,left_branch_island_echo_question_good_338,left_branch_island_echo_question_bad_338,longformer-280_284.parquet,longformer-300_304.parquet,pythia-160m-step256-200_399.parquet,pythia-160m-step256-200_399.parquet,-55.49654006958008,-52.41529083251953,6,6
principle_A_c_command,424,Pedestrians who have astounded Lisa have visited themselves.,Pedestrians who have astounded Lisa have visited herself.,principle_A_c_command_good_424,principle_A_c_command_bad_424,longformer-1065_1069.parquet,longformer-1005_1009.parquet,pythia-160m-step256-1000_1199.parquet,pythia-160m-step256-1000_1199.parquet,-91.76228332519531,-92.36331939697266,9,9
left_branch_island_simple_question,343,Whose eyes has Theodore sold?,Whose has Theodore sold eyes?,left_branch_island_simple_question_good_343,left_branch_island_simple_question_bad_343,longformer-195_199.parquet,longformer-200_204.parquet,pythia-160m-step256-200_399.parquet,pythia-160m-step256-200_399.parquet,-56.528045654296875,-55.743656158447266,6,6
existential_there_quantifiers_2,240,Each face was there boring Natalie.,There was each face boring Natalie.,existential_there_quantifiers_2_good_240,existential_there_quantifiers_2_bad_240,longformer-425_429.parquet,longformer-430_434.parquet,pythia-160m-step256-400_599.parquet,pythia-160m-step256-400_599.parquet,-49.55453109741211,-53.631534576416016,7,7
principle_A_reconstruction,486,It's himself who Brett is criticizing.,It's himself who is criticizing Brett.,principle_A_reconstruction_good_486,principle_A_reconstruction_bad_486,longformer-485_489.parquet,longformer-490_494.parquet,pythia-160m-step256-400_599.parquet,pythia-160m-step256-400_599.parquet,-61.23053741455078,-61.497779846191406,8,8
sentential_negation_npi_scope,523,This grandfather of Wayne who is distracting Renee had not ever spun around.,This grandfather of Wayne who is not distracting Renee had ever spun around.,sentential_negation_npi_scope_good_523,sentential_negation_npi_scope_bad_523,longformer-1225_1229.parquet,longformer-1220_1224.parquet,pythia-160m-step256-1200_1399.parquet,pythia-160m-step256-1200_1399.parquet,-123.33564758300781,-121.37873077392578,14,14
principle_A_domain_1,452,Debra hadn't said that Adam remembered her.,Debra hadn't said that Adam remembered herself.,principle_A_domain_1_good_452,principle_A_domain_1_bad_452,longformer-665_669.parquet,longformer-770_774.parquet,pythia-160m-step256-600_799.parquet,pythia-160m-step256-600_799.parquet,-62.42508316040039,-65.29591369628906,9,9
wh_vs_that_with_gap_long_distance,660,Tanya was remembering what many rabbits that ascended some hill have found.,Tanya was remembering that many rabbits that ascended some hill have found.,wh_vs_that_with_gap_long_distance_good_660,wh_vs_that_with_gap_long_distance_bad_660,longformer-1205_1209.parquet,longformer-1215_1219.parquet,pythia-160m-step256-1200_1399.parquet,pythia-160m-step256-1200_1399.parquet,-110.3622817993164,-107.6207046508789,13,13
