split,pair_id,good_sentence,bad_sentence,good_doc_id,bad_doc_id,good_input_file,bad_input_file,good_output_file,bad_output_file,good_seq_logprob,bad_seq_logprob,good_num_tokens,bad_num_tokens
regular_plural_subject_verb_agreement_1,493,Many documentaries were stunning Maria.,Many documentaries was stunning Maria.,regular_plural_subject_verb_agreement_1_good_493,regular_plural_subject_verb_agreement_1_bad_493,longformer-515_519.parquet,longformer-515_519.parquet,pythia-160m-step100000-400_599.parquet,pythia-160m-step100000-400_599.parquet,-46.613006591796875,-48.65000915527344,6,6
existential_there_quantifiers_1,234,There were many computers dropping.,There were all computers dropping.,existential_there_quantifiers_1_good_234,existential_there_quantifiers_1_bad_234,longformer-400_404.parquet,longformer-385_389.parquet,pythia-160m-step100000-400_599.parquet,pythia-160m-step100000-200_399.parquet,-31.88987922668457,-34.34984588623047,6,6
sentential_negation_npi_licensor_present,515,All shoes had not ever flattened.,All shoes had really ever flattened.,sentential_negation_npi_licensor_present_good_515,sentential_negation_npi_licensor_present_bad_515,longformer-345_349.parquet,longformer-465_469.parquet,pythia-160m-step100000-200_399.parquet,pythia-160m-step100000-400_599.parquet,-42.86213684082031,-48.254127502441406,7,7
irregular_plural_subject_verb_agreement_1,312,Those oxen aren't boring Cheryl.,Those oxen wasn't boring Cheryl.,irregular_plural_subject_verb_agreement_1_good_312,irregular_plural_subject_verb_agreement_1_bad_312,longformer-290_294.parquet,longformer-280_284.parquet,pythia-160m-step100000-200_399.parquet,pythia-160m-step100000-200_399.parquet,-46.483646392822266,-48.96757125854492,7,7
animate_subject_passive,34,Wayne wasn't hidden by some drivers.,Wayne wasn't hidden by some sheep.,animate_subject_passive_good_34,animate_subject_passive_bad_34,longformer-460_464.parquet,longformer-360_364.parquet,pythia-160m-step100000-400_599.parquet,pythia-160m-step100000-200_399.parquet,-46.01428985595703,-45.530006408691406,8,8
anaphor_number_agreement,25,All drivers would praise themselves.,All drivers would praise herself.,anaphor_number_agreement_good_25,anaphor_number_agreement_bad_25,longformer-445_449.parquet,longformer-340_344.parquet,pythia-160m-step100000-400_599.parquet,pythia-160m-step100000-200_399.parquet,-35.400672912597656,-38.86263656616211,6,6
drop_argument,193,Tanya runs around.,Tanya lifted.,drop_argument_good_193,drop_argument_bad_193,longformer-25_29.parquet,longformer-0_4.parquet,pythia-160m-step100000-0_199.parquet,pythia-160m-step100000-0_199.parquet,-27.531145095825195,-26.464231491088867,4,3
irregular_plural_subject_verb_agreement_2,321,The men weren't bringing the hospitals.,The man weren't bringing the hospitals.,irregular_plural_subject_verb_agreement_2_good_321,irregular_plural_subject_verb_agreement_2_bad_321,longformer-540_544.parquet,longformer-545_549.parquet,pythia-160m-step100000-400_599.parquet,pythia-160m-step100000-400_599.parquet,-39.011192321777344,-43.97277069091797,8,8
irregular_plural_subject_verb_agreement_1,317,The fungus bores Bethany.,The fungus bore Bethany.,irregular_plural_subject_verb_agreement_1_good_317,irregular_plural_subject_verb_agreement_1_bad_317,longformer-110_114.parquet,longformer-85_89.parquet,pythia-160m-step100000-0_199.parquet,pythia-160m-step100000-0_199.parquet,-43.663543701171875,-41.29114532470703,5,5
determiner_noun_agreement_1,93,Some waiters have known those guests.,Some waiters have known those guest.,determiner_noun_agreement_1_good_93,determiner_noun_agreement_1_bad_93,longformer-475_479.parquet,longformer-460_464.parquet,pythia-160m-step100000-400_599.parquet,pythia-160m-step100000-400_599.parquet,-45.75696563720703,-51.1100959777832,7,7
superlative_quantifiers_1,542,No plane did impress more than nine schools.,No plane did impress at least nine schools.,superlative_quantifiers_1_good_542,superlative_quantifiers_1_bad_542,longformer-685_689.parquet,longformer-660_664.parquet,pythia-160m-step100000-600_799.parquet,pythia-160m-step100000-600_799.parquet,-54.652687072753906,-54.08324432373047,9,9
tough_vs_raising_2,575,Janet was unlikely to leave this lake.,Janet was irritating to leave this lake.,tough_vs_raising_2_good_575,tough_vs_raising_2_bad_575,longformer-495_499.parquet,longformer-595_599.parquet,pythia-160m-step100000-400_599.parquet,pythia-160m-step100000-400_599.parquet,-40.5322380065918,-51.87687683105469,8,8
inchoative,275,Some light has dimmed.,Some light has lifted.,inchoative_good_275,inchoative_bad_275,longformer-55_59.parquet,longformer-55_59.parquet,pythia-160m-step100000-0_199.parquet,pythia-160m-step100000-0_199.parquet,-22.972759246826172,-24.22964096069336,5,5
regular_plural_subject_verb_agreement_2,503,The bird worries Sharon.,The birds worries Sharon.,regular_plural_subject_verb_agreement_2_good_503,regular_plural_subject_verb_agreement_2_bad_503,longformer-90_94.parquet,longformer-110_114.parquet,pythia-160m-step100000-0_199.parquet,pythia-160m-step100000-0_199.parquet,-36.84331130981445,-40.304500579833984,5,5
determiner_noun_agreement_1,91,Thomas can boycott these committees.,Thomas can boycott these committee.,determiner_noun_agreement_1_good_91,determiner_noun_agreement_1_bad_91,longformer-460_464.parquet,longformer-400_404.parquet,pythia-160m-step100000-400_599.parquet,pythia-160m-step100000-400_599.parquet,-33.93110656738281,-39.17359161376953,6,6
irregular_past_participle_adjectives,291,The hidden cars are important.,The hid cars are important.,irregular_past_participle_adjectives_good_291,irregular_past_participle_adjectives_bad_291,longformer-235_239.parquet,longformer-135_139.parquet,pythia-160m-step100000-200_399.parquet,pythia-160m-step100000-0_199.parquet,-29.678884506225586,-34.17161560058594,6,6
npi_present_2,379,The Lutherans also salute.,The Lutherans ever salute.,npi_present_2_good_379,npi_present_2_bad_379,longformer-120_124.parquet,longformer-130_134.parquet,pythia-160m-step100000-0_199.parquet,pythia-160m-step100000-0_199.parquet,-34.05229949951172,-37.09514617919922,5,5
determiner_noun_agreement_1,98,Benjamin isn't praising these cashiers.,Benjamin isn't praising these cashier.,determiner_noun_agreement_1_good_98,determiner_noun_agreement_1_bad_98,longformer-520_524.parquet,longformer-515_519.parquet,pythia-160m-step100000-400_599.parquet,pythia-160m-step100000-400_599.parquet,-45.16960906982422,-50.57563018798828,7,7
irregular_past_participle_adjectives,293,The broken carriages were bad.,The broke carriages were bad.,irregular_past_participle_adjectives_good_293,irregular_past_participle_adjectives_bad_293,longformer-240_244.parquet,longformer-195_199.parquet,pythia-160m-step100000-200_399.parquet,pythia-160m-step100000-200_399.parquet,-35.83485412597656,-38.23624038696289,6,6
coordinate_structure_constraint_object_extraction,86,Who could Derek and Nina observe?,Who can Derek observe and Nina?,coordinate_structure_constraint_object_extraction_good_86,coordinate_structure_constraint_object_extraction_bad_86,longformer-325_329.parquet,longformer-255_259.parquet,pythia-160m-step100000-200_399.parquet,pythia-160m-step100000-200_399.parquet,-45.637908935546875,-58.358768463134766,7,7
irregular_plural_subject_verb_agreement_2,328,The feet aren't falling.,The foot aren't falling.,irregular_plural_subject_verb_agreement_2_good_328,irregular_plural_subject_verb_agreement_2_bad_328,longformer-75_79.parquet,longformer-85_89.parquet,pythia-160m-step100000-0_199.parquet,pythia-160m-step100000-0_199.parquet,-26.30826759338379,-31.043567657470703,6,6
anaphor_gender_agreement,12,Martin admires himself.,Martin admires herself.,anaphor_gender_agreement_good_12,anaphor_gender_agreement_bad_12,longformer-60_64.parquet,longformer-60_64.parquet,pythia-160m-step100000-0_199.parquet,pythia-160m-step100000-0_199.parquet,-20.60992431640625,-22.636302947998047,4,4
determiner_noun_agreement_irregular_2,126,Most teachers escape from these men.,Most teachers escape from this men.,determiner_noun_agreement_irregular_2_good_126,determiner_noun_agreement_irregular_2_bad_126,longformer-445_449.parquet,longformer-410_414.parquet,pythia-160m-step100000-400_599.parquet,pythia-160m-step100000-400_599.parquet,-35.785675048828125,-39.6727294921875,7,7
determiner_noun_agreement_with_adjective_1,163,Some adults care for this serious guy.,Some adults care for this serious guys.,determiner_noun_agreement_with_adjective_1_good_163,determiner_noun_agreement_with_adjective_1_bad_163,longformer-490_494.parquet,longformer-530_534.parquet,pythia-160m-step100000-400_599.parquet,pythia-160m-step100000-400_599.parquet,-39.88350296020508,-44.72974395751953,8,8
irregular_plural_subject_verb_agreement_1,310,Some oasis alarms Brett.,Some oasis alarm Brett.,irregular_plural_subject_verb_agreement_1_good_310,irregular_plural_subject_verb_agreement_1_bad_310,longformer-85_89.parquet,longformer-70_74.parquet,pythia-160m-step100000-0_199.parquet,pythia-160m-step100000-0_199.parquet,-46.27354431152344,-47.60810089111328,5,5
tough_vs_raising_1,563,Kenneth wasn't fun to cure.,Kenneth wasn't likely to cure.,tough_vs_raising_1_good_563,tough_vs_raising_1_bad_563,longformer-145_149.parquet,longformer-245_249.parquet,pythia-160m-step100000-0_199.parquet,pythia-160m-step100000-200_399.parquet,-37.46290588378906,-34.08313751220703,7,7
determiner_noun_agreement_irregular_1,119,Carrie had aggravated those alumni.,Carrie had aggravated those alumnus.,determiner_noun_agreement_irregular_1_good_119,determiner_noun_agreement_irregular_1_bad_119,longformer-430_434.parquet,longformer-440_444.parquet,pythia-160m-step100000-400_599.parquet,pythia-160m-step100000-400_599.parquet,-47.51245880126953,-50.4143180847168,6,6
only_npi_licensor_present,380,Only Carol ever argued about Brad.,Even Carol ever argued about Brad.,only_npi_licensor_present_good_380,only_npi_licensor_present_bad_380,longformer-375_379.parquet,longformer-385_389.parquet,pythia-160m-step100000-200_399.parquet,pythia-160m-step100000-200_399.parquet,-47.12971496582031,-49.90375518798828,7,7
distractor_agreement_relative_clause,181,All teachers that helped Jason disturb Regina.,All teachers that helped Jason disturbs Regina.,distractor_agreement_relative_clause_good_181,distractor_agreement_relative_clause_bad_181,longformer-755_759.parquet,longformer-775_779.parquet,pythia-160m-step100000-600_799.parquet,pythia-160m-step100000-600_799.parquet,-62.29664611816406,-66.43049621582031,8,8
distractor_agreement_relational_noun,172,The print of many doctors hasn't upset Wendy.,The print of many doctors haven't upset Wendy.,distractor_agreement_relational_noun_good_172,distractor_agreement_relational_noun_bad_172,longformer-705_709.parquet,longformer-740_744.parquet,pythia-160m-step100000-600_799.parquet,pythia-160m-step100000-600_799.parquet,-63.17456817626953,-64.94552612304688,10,10
drop_argument,194,William wasn't helping.,William wasn't boasting about.,drop_argument_good_194,drop_argument_bad_194,longformer-70_74.parquet,longformer-245_249.parquet,pythia-160m-step100000-0_199.parquet,pythia-160m-step100000-200_399.parquet,-17.899066925048828,-24.996627807617188,5,6
npi_present_2,374,Catherine has also refused to swallow.,Catherine has ever refused to swallow.,npi_present_2_good_374,npi_present_2_bad_374,longformer-505_509.parquet,longformer-495_499.parquet,pythia-160m-step100000-400_599.parquet,pythia-160m-step100000-400_599.parquet,-42.155033111572266,-42.186187744140625,7,7
npi_present_1,364,Even David had often talked.,Even David had ever talked.,npi_present_1_good_364,npi_present_1_bad_364,longformer-175_179.parquet,longformer-150_154.parquet,pythia-160m-step100000-0_199.parquet,pythia-160m-step100000-0_199.parquet,-32.45722961425781,-33.02722930908203,6,6
causative,52,Carl has turned that carriage.,Carl has vanished that carriage.,causative_good_52,causative_bad_52,longformer-230_234.parquet,longformer-305_309.parquet,pythia-160m-step100000-200_399.parquet,pythia-160m-step100000-200_399.parquet,-36.535369873046875,-41.001609802246094,6,6
determiner_noun_agreement_with_adjective_1,161,The rug had irritated those small banks.,The rug had irritated those small bank.,determiner_noun_agreement_with_adjective_1_good_161,determiner_noun_agreement_with_adjective_1_bad_161,longformer-565_569.parquet,longformer-520_524.parquet,pythia-160m-step100000-400_599.parquet,pythia-160m-step100000-400_599.parquet,-58.75459671020508,-62.17851257324219,8,8
animate_subject_trans,40,Every man had cured all teachers.,This skateboard had cured all teachers.,animate_subject_trans_good_40,animate_subject_trans_bad_40,longformer-345_349.parquet,longformer-550_554.parquet,pythia-160m-step100000-200_399.parquet,pythia-160m-step100000-400_599.parquet,-42.729286193847656,-46.41225814819336,7,7
passive_2,419,Renee's employees are referenced.,Renee's employees are profited.,passive_2_good_419,passive_2_bad_419,longformer-360_364.parquet,longformer-260_264.parquet,pythia-160m-step100000-200_399.parquet,pythia-160m-step100000-200_399.parquet,-41.65177917480469,-44.52953338623047,6,6
animate_subject_trans,44,Cynthia had all stairs.,Politics had all stairs.,animate_subject_trans_good_44,animate_subject_trans_bad_44,longformer-60_64.parquet,longformer-75_79.parquet,pythia-160m-step100000-0_199.parquet,pythia-160m-step100000-0_199.parquet,-39.12056350708008,-34.123870849609375,5,5
animate_subject_trans,48,The libraries weren't referencing Bethany.,Those steps weren't referencing Bethany.,animate_subject_trans_good_48,animate_subject_trans_bad_48,longformer-640_644.parquet,longformer-580_584.parquet,pythia-160m-step100000-600_799.parquet,pythia-160m-step100000-400_599.parquet,-47.80241775512695,-43.339195251464844,7,7
existential_there_quantifiers_1,238,There wasn't a cucumber going bad.,There wasn't each cucumber going bad.,existential_there_quantifiers_1_good_238,existential_there_quantifiers_1_bad_238,longformer-375_379.parquet,longformer-480_484.parquet,pythia-160m-step100000-200_399.parquet,pythia-160m-step100000-400_599.parquet,-37.117637634277344,-48.53929901123047,8,8
tough_vs_raising_1,568,Anne wasn't enjoyable to conceal.,Anne wasn't certain to conceal.,tough_vs_raising_1_good_568,tough_vs_raising_1_bad_568,longformer-320_324.parquet,longformer-255_259.parquet,pythia-160m-step100000-200_399.parquet,pythia-160m-step100000-200_399.parquet,-36.02484130859375,-34.7957763671875,7,7
superlative_quantifiers_1,548,No company might dislike more than ten books.,No company might dislike at least ten books.,superlative_quantifiers_1_good_548,superlative_quantifiers_1_bad_548,longformer-710_714.parquet,longformer-695_699.parquet,pythia-160m-step100000-600_799.parquet,pythia-160m-step100000-600_799.parquet,-51.461647033691406,-51.73447036743164,9,9
intransitive,287,A lot of boys can cook.,A lot of boys can find.,intransitive_good_287,intransitive_bad_287,longformer-65_69.parquet,longformer-70_74.parquet,pythia-160m-step100000-0_199.parquet,pythia-160m-step100000-0_199.parquet,-31.39358901977539,-32.95707702636719,7,7
irregular_past_participle_verbs,303,Melissa ate.,Melissa eaten.,irregular_past_participle_verbs_good_303,irregular_past_participle_verbs_bad_303,longformer-0_4.parquet,longformer-5_9.parquet,pythia-160m-step100000-0_199.parquet,pythia-160m-step100000-0_199.parquet,-20.385988235473633,-23.650239944458008,3,3
regular_plural_subject_verb_agreement_1,491,Carlos has talked about Anna.,Carlos have talked about Anna.,regular_plural_subject_verb_agreement_1_good_491,regular_plural_subject_verb_agreement_1_bad_491,longformer-220_224.parquet,longformer-235_239.parquet,pythia-160m-step100000-0_199.parquet,pythia-160m-step100000-200_399.parquet,-30.571346282958984,-31.786243438720703,6,6
determiner_noun_agreement_irregular_2,120,Colleen wasn't returning to this woman.,Colleen wasn't returning to these woman.,determiner_noun_agreement_irregular_2_good_120,determiner_noun_agreement_irregular_2_bad_120,longformer-525_529.parquet,longformer-580_584.parquet,pythia-160m-step100000-400_599.parquet,pythia-160m-step100000-400_599.parquet,-42.732810974121094,-49.34796905517578,8,8
irregular_plural_subject_verb_agreement_1,314,The synthesis astounds Tiffany.,The synthesis astound Tiffany.,irregular_plural_subject_verb_agreement_1_good_314,irregular_plural_subject_verb_agreement_1_bad_314,longformer-265_269.parquet,longformer-235_239.parquet,pythia-160m-step100000-200_399.parquet,pythia-160m-step100000-200_399.parquet,-49.7654914855957,-55.7981071472168,5,5
npi_present_1,367,Even a lot of teenagers certainly see.,Even a lot of teenagers ever see.,npi_present_1_good_367,npi_present_1_bad_367,longformer-490_494.parquet,longformer-330_334.parquet,pythia-160m-step100000-400_599.parquet,pythia-160m-step100000-200_399.parquet,-38.89356994628906,-34.19696044921875,8,8
determiner_noun_agreement_2,100,Stacey hasn't escaped from these teachers.,Stacey hasn't escaped from this teachers.,determiner_noun_agreement_2_good_100,determiner_noun_agreement_2_bad_100,longformer-655_659.parquet,longformer-600_604.parquet,pythia-160m-step100000-600_799.parquet,pythia-160m-step100000-400_599.parquet,-45.13655471801758,-50.433143615722656,8,8
principle_A_case_2,444,David thinks about himself questioning Amelia.,David thinks about himself questions Amelia.,principle_A_case_2_good_444,principle_A_case_2_bad_444,longformer-730_734.parquet,longformer-695_699.parquet,pythia-160m-step100000-600_799.parquet,pythia-160m-step100000-600_799.parquet,-47.50156021118164,-48.30264663696289,7,7
anaphor_number_agreement,21,Many patients will visit themselves.,Many patients will visit himself.,anaphor_number_agreement_good_21,anaphor_number_agreement_bad_21,longformer-445_449.parquet,longformer-335_339.parquet,pythia-160m-step100000-400_599.parquet,pythia-160m-step100000-200_399.parquet,-27.228736877441406,-31.106922149658203,6,6
determiner_noun_agreement_irregular_1,116,Some women arrived at those oases.,Some women arrived at those oasis.,determiner_noun_agreement_irregular_1_good_116,determiner_noun_agreement_irregular_1_bad_116,longformer-380_384.parquet,longformer-370_374.parquet,pythia-160m-step100000-200_399.parquet,pythia-160m-step100000-200_399.parquet,-41.26298522949219,-40.98821258544922,7,7
left_branch_island_simple_question,340,Whose stairs might Galileo descend?,Whose might Galileo descend stairs?,left_branch_island_simple_question_good_340,left_branch_island_simple_question_bad_340,longformer-420_424.parquet,longformer-405_409.parquet,pythia-160m-step100000-400_599.parquet,pythia-160m-step100000-400_599.parquet,-46.989776611328125,-50.7601318359375,6,6
existential_there_quantifiers_1,231,There isn't a lake alarming Keith.,There isn't each lake alarming Keith.,existential_there_quantifiers_1_good_231,existential_there_quantifiers_1_bad_231,longformer-370_374.parquet,longformer-470_474.parquet,pythia-160m-step100000-200_399.parquet,pythia-160m-step100000-400_599.parquet,-46.84213638305664,-58.44098663330078,8,8
wh_island,594,What hadn't William learned he isn't exiting?,What hadn't William learned who isn't exiting?,wh_island_good_594,wh_island_bad_594,longformer-720_724.parquet,longformer-755_759.parquet,pythia-160m-step100000-600_799.parquet,pythia-160m-step100000-600_799.parquet,-59.46066665649414,-61.594581604003906,10,10
left_branch_island_echo_question,333,Irene has escaped from which men?,Which has Irene escaped from men?,left_branch_island_echo_question_good_333,left_branch_island_echo_question_bad_333,longformer-340_344.parquet,longformer-320_324.parquet,pythia-160m-step100000-200_399.parquet,pythia-160m-step100000-200_399.parquet,-50.90626907348633,-44.20506286621094,7,7
intransitive,280,Chad wasn't hiding.,Chad wasn't biking to.,intransitive_good_280,intransitive_bad_280,longformer-30_34.parquet,longformer-60_64.parquet,pythia-160m-step100000-0_199.parquet,pythia-160m-step100000-0_199.parquet,-26.774658203125,-39.792266845703125,5,6
determiner_noun_agreement_with_adj_irregular_1,146,Derek can't care for this employed child.,Derek can't care for this employed children.,determiner_noun_agreement_with_adj_irregular_1_good_146,determiner_noun_agreement_with_adj_irregular_1_bad_146,longformer-620_624.parquet,longformer-690_694.parquet,pythia-160m-step100000-600_799.parquet,pythia-160m-step100000-600_799.parquet,-49.20075988769531,-52.02778244018555,9,9
determiner_noun_agreement_with_adj_irregular_1,148,Rachelle has hidden this concealed mouse.,Rachelle has hidden this concealed mice.,determiner_noun_agreement_with_adj_irregular_1_good_148,determiner_noun_agreement_with_adj_irregular_1_bad_148,longformer-620_624.parquet,longformer-555_559.parquet,pythia-160m-step100000-600_799.parquet,pythia-160m-step100000-400_599.parquet,-54.95436477661133,-57.88418960571289,7,7
distractor_agreement_relational_noun,171,The photograph of actresses does hurt Cynthia.,The photograph of actresses do hurt Cynthia.,distractor_agreement_relational_noun_good_171,distractor_agreement_relational_noun_bad_171,longformer-760_764.parquet,longformer-695_699.parquet,pythia-160m-step100000-600_799.parquet,pythia-160m-step100000-600_799.parquet,-59.6745719909668,-60.078182220458984,8,8
sentential_negation_npi_licensor_present,517,Caroline had not ever kissed Jessica.,Caroline had fortunately ever kissed Jessica.,sentential_negation_npi_licensor_present_good_517,sentential_negation_npi_licensor_present_bad_517,longformer-475_479.parquet,longformer-710_714.parquet,pythia-160m-step100000-400_599.parquet,pythia-160m-step100000-600_799.parquet,-37.20728302001953,-50.623050689697266,7,7
npi_present_1,365,Even girls will certainly look to joke around.,Even girls will ever look to joke around.,npi_present_1_good_365,npi_present_1_bad_365,longformer-745_749.parquet,longformer-600_604.parquet,pythia-160m-step100000-600_799.parquet,pythia-160m-step100000-600_799.parquet,-46.32008743286133,-47.478336334228516,9,9
determiner_noun_agreement_2,103,The customers alarm that cashier.,The customers alarm those cashier.,determiner_noun_agreement_2_good_103,determiner_noun_agreement_2_bad_103,longformer-335_339.parquet,longformer-375_379.parquet,pythia-160m-step100000-200_399.parquet,pythia-160m-step100000-200_399.parquet,-45.28269958496094,-47.326438903808594,6,6
left_branch_island_echo_question,335,Most actors are escaping from what high school?,What are most actors escaping from high school?,left_branch_island_echo_question_good_335,left_branch_island_echo_question_bad_335,longformer-765_769.parquet,longformer-770_774.parquet,pythia-160m-step100000-600_799.parquet,pythia-160m-step100000-600_799.parquet,-48.51472854614258,-43.42067337036133,9,9
animate_subject_trans,45,Suzanne should lift many stairs.,The cake should lift many stairs.,animate_subject_trans_good_45,animate_subject_trans_bad_45,longformer-300_304.parquet,longformer-330_334.parquet,pythia-160m-step100000-200_399.parquet,pythia-160m-step100000-200_399.parquet,-47.39769744873047,-44.99458694458008,6,7
wh_island,596,Who had Brian forgotten he knows?,Who had Brian forgotten who knows?,wh_island_good_596,wh_island_bad_596,longformer-315_319.parquet,longformer-395_399.parquet,pythia-160m-step100000-200_399.parquet,pythia-160m-step100000-200_399.parquet,-46.26079559326172,-47.12138366699219,7,7
superlative_quantifiers_1,546,No waitress saw more than two waitresses.,No waitress saw at least two waitresses.,superlative_quantifiers_1_good_546,superlative_quantifiers_1_bad_546,longformer-630_634.parquet,longformer-585_589.parquet,pythia-160m-step100000-600_799.parquet,pythia-160m-step100000-400_599.parquet,-44.383968353271484,-46.650474548339844,8,8
irregular_plural_subject_verb_agreement_1,313,The radius has bored that customer.,The radius have bored that customer.,irregular_plural_subject_verb_agreement_1_good_313,irregular_plural_subject_verb_agreement_1_bad_313,longformer-395_399.parquet,longformer-445_449.parquet,pythia-160m-step100000-400_599.parquet,pythia-160m-step100000-400_599.parquet,-45.49351501464844,-48.28668212890625,7,7
determiner_noun_agreement_irregular_1,111,Maria lifted those fungi.,Maria lifted those fungus.,determiner_noun_agreement_irregular_1_good_111,determiner_noun_agreement_irregular_1_bad_111,longformer-100_104.parquet,longformer-125_129.parquet,pythia-160m-step100000-0_199.parquet,pythia-160m-step100000-0_199.parquet,-34.05158233642578,-38.662899017333984,5,5
determiner_noun_agreement_with_adj_irregular_2,155,Marcus won't bike to this white oasis.,Marcus won't bike to these white oasis.,determiner_noun_agreement_with_adj_irregular_2_good_155,determiner_noun_agreement_with_adj_irregular_2_bad_155,longformer-505_509.parquet,longformer-545_549.parquet,pythia-160m-step100000-400_599.parquet,pythia-160m-step100000-400_599.parquet,-58.36414337158203,-62.39491271972656,9,9
animate_subject_trans,49,A lot of guests are listening to Cheryl.,Many cars are listening to Cheryl.,animate_subject_trans_good_49,animate_subject_trans_bad_49,longformer-590_594.parquet,longformer-390_394.parquet,pythia-160m-step100000-400_599.parquet,pythia-160m-step100000-200_399.parquet,-40.747589111328125,-38.15393829345703,9,7
wh_questions_object_gap,605,These adults notice the ladies that Beth found.,These adults notice who Beth found the ladies.,wh_questions_object_gap_good_605,wh_questions_object_gap_bad_605,longformer-785_789.parquet,longformer-750_754.parquet,pythia-160m-step100000-600_799.parquet,pythia-160m-step100000-600_799.parquet,-57.44487762451172,-59.39262390136719,9,9
distractor_agreement_relative_clause,184,All teenagers that bother Allison litter.,All teenagers that bother Allison litters.,distractor_agreement_relative_clause_good_184,distractor_agreement_relative_clause_bad_184,longformer-625_629.parquet,longformer-645_649.parquet,pythia-160m-step100000-600_799.parquet,pythia-160m-step100000-600_799.parquet,-55.755271911621094,-58.704345703125,7,7
principle_A_domain_1,455,Ronald said that Alicia alarmed him.,Ronald said that Alicia alarmed himself.,principle_A_domain_1_good_455,principle_A_domain_1_bad_455,longformer-450_454.parquet,longformer-565_569.parquet,pythia-160m-step100000-400_599.parquet,pythia-160m-step100000-400_599.parquet,-45.66465759277344,-52.221946716308594,7,7
only_npi_licensor_present,384,Only Sabrina has ever cheered.,Even Sabrina has ever cheered.,only_npi_licensor_present_good_384,only_npi_licensor_present_bad_384,longformer-225_229.parquet,longformer-225_229.parquet,pythia-160m-step100000-200_399.parquet,pythia-160m-step100000-200_399.parquet,-43.28218460083008,-42.26826477050781,6,6
superlative_quantifiers_2,557,This hospital scared at most ten legislatures.,No hospital scared at most ten legislatures.,superlative_quantifiers_2_good_557,superlative_quantifiers_2_bad_557,longformer-750_754.parquet,longformer-700_704.parquet,pythia-160m-step100000-600_799.parquet,pythia-160m-step100000-600_799.parquet,-66.317138671875,-62.2205810546875,8,8
left_branch_island_simple_question,347,What slopes was Peter climbing down?,What was Peter climbing down slopes?,left_branch_island_simple_question_good_347,left_branch_island_simple_question_bad_347,longformer-450_454.parquet,longformer-465_469.parquet,pythia-160m-step100000-400_599.parquet,pythia-160m-step100000-400_599.parquet,-48.6094970703125,-39.100013732910156,7,7
determiner_noun_agreement_irregular_1,114,Karen hated these synopses.,Karen hated these synopsis.,determiner_noun_agreement_irregular_1_good_114,determiner_noun_agreement_irregular_1_bad_114,longformer-150_154.parquet,longformer-155_159.parquet,pythia-160m-step100000-0_199.parquet,pythia-160m-step100000-0_199.parquet,-43.01664733886719,-45.84552001953125,5,5
irregular_past_participle_verbs,307,Most girls wrote.,Most girls written.,irregular_past_participle_verbs_good_307,irregular_past_participle_verbs_bad_307,longformer-20_24.parquet,longformer-30_34.parquet,pythia-160m-step100000-0_199.parquet,pythia-160m-step100000-0_199.parquet,-24.457983016967773,-28.343852996826172,4,4
left_branch_island_echo_question,332,Many teachers had helped which patient?,Which had many teachers helped patient?,left_branch_island_echo_question_good_332,left_branch_island_echo_question_bad_332,longformer-525_529.parquet,longformer-540_544.parquet,pythia-160m-step100000-400_599.parquet,pythia-160m-step100000-400_599.parquet,-46.75987243652344,-49.74634552001953,7,7
distractor_agreement_relative_clause,188,Some boys that stunned Christina don't shrug.,Some boys that stunned Christina doesn't shrug.,distractor_agreement_relative_clause_good_188,distractor_agreement_relative_clause_bad_188,longformer-725_729.parquet,longformer-765_769.parquet,pythia-160m-step100000-600_799.parquet,pythia-160m-step100000-600_799.parquet,-59.346012115478516,-62.02531814575195,9,9
passive_2,411,Most banks weren't alarmed.,Most banks weren't collaborated.,passive_2_good_411,passive_2_bad_411,longformer-140_144.parquet,longformer-310_314.parquet,pythia-160m-step100000-0_199.parquet,pythia-160m-step100000-200_399.parquet,-30.00897979736328,-37.442543029785156,6,6
left_branch_island_echo_question,337,Gerald can criticize which child?,Which can Gerald criticize child?,left_branch_island_echo_question_good_337,left_branch_island_echo_question_bad_337,longformer-350_354.parquet,longformer-335_339.parquet,pythia-160m-step100000-200_399.parquet,pythia-160m-step100000-200_399.parquet,-48.98044967651367,-51.04283905029297,6,6
irregular_past_participle_verbs,309,Many boys woke up.,Many boys woken up.,irregular_past_participle_verbs_good_309,irregular_past_participle_verbs_bad_309,longformer-25_29.parquet,longformer-30_34.parquet,pythia-160m-step100000-0_199.parquet,pythia-160m-step100000-0_199.parquet,-25.06664276123047,-28.531354904174805,5,5
determiner_noun_agreement_with_adjective_1,160,The rug had embarrassed these nice pedestrians.,The rug had embarrassed these nice pedestrian.,determiner_noun_agreement_with_adjective_1_good_160,determiner_noun_agreement_with_adjective_1_bad_160,longformer-795_799.parquet,longformer-755_759.parquet,pythia-160m-step100000-600_799.parquet,pythia-160m-step100000-600_799.parquet,-58.571189880371094,-63.57313919067383,8,8
regular_plural_subject_verb_agreement_2,508,The waiters discuss this boy.,The waiter discuss this boy.,regular_plural_subject_verb_agreement_2_good_508,regular_plural_subject_verb_agreement_2_bad_508,longformer-195_199.parquet,longformer-170_174.parquet,pythia-160m-step100000-0_199.parquet,pythia-160m-step100000-0_199.parquet,-41.098854064941406,-41.55843734741211,6,6
inchoative,274,A lot of planes turned.,A lot of planes cleaned.,inchoative_good_274,inchoative_bad_274,longformer-70_74.parquet,longformer-90_94.parquet,pythia-160m-step100000-0_199.parquet,pythia-160m-step100000-0_199.parquet,-29.660465240478516,-33.44265365600586,6,6
anaphor_number_agreement,22,Waiters concealed themselves.,Waiters concealed itself.,anaphor_number_agreement_good_22,anaphor_number_agreement_bad_22,longformer-205_209.parquet,longformer-115_119.parquet,pythia-160m-step100000-200_399.parquet,pythia-160m-step100000-0_199.parquet,-22.488994598388672,-27.049190521240234,4,4
inchoative,270,A scarf shrinks.,A scarf finds.,inchoative_good_270,inchoative_bad_270,longformer-10_14.parquet,longformer-0_4.parquet,pythia-160m-step100000-0_199.parquet,pythia-160m-step100000-0_199.parquet,-28.407743453979492,-29.267108917236328,4,4
irregular_past_participle_adjectives,297,The broken window was small.,The broke window was small.,irregular_past_participle_adjectives_good_297,irregular_past_participle_adjectives_bad_297,longformer-180_184.parquet,longformer-160_164.parquet,pythia-160m-step100000-0_199.parquet,pythia-160m-step100000-0_199.parquet,-25.714492797851562,-29.53707504272461,6,6
drop_argument,192,Stephanie's colleague climbs down.,Stephanie's colleague disagrees with.,drop_argument_good_192,drop_argument_bad_192,longformer-390_394.parquet,longformer-475_479.parquet,pythia-160m-step100000-200_399.parquet,pythia-160m-step100000-400_599.parquet,-44.44503402709961,-43.03218078613281,6,6
animate_subject_passive,30,Nina wasn't known by the ladies.,Nina wasn't known by the synthesis.,animate_subject_passive_good_30,animate_subject_passive_bad_30,longformer-315_319.parquet,longformer-425_429.parquet,pythia-160m-step100000-200_399.parquet,pythia-160m-step100000-400_599.parquet,-40.153560638427734,-49.3994255065918,8,8
principle_A_reconstruction,485,It's himself that Joseph escaped from.,It's himself that escaped from Joseph.,principle_A_reconstruction_good_485,principle_A_reconstruction_bad_485,longformer-500_504.parquet,longformer-485_489.parquet,pythia-160m-step100000-400_599.parquet,pythia-160m-step100000-400_599.parquet,-48.65373229980469,-45.760704040527344,8,8
superlative_quantifiers_1,541,No teacher loves fewer than six senators.,No teacher loves at most six senators.,superlative_quantifiers_1_good_541,superlative_quantifiers_1_bad_541,longformer-610_614.parquet,longformer-500_504.parquet,pythia-160m-step100000-600_799.parquet,pythia-160m-step100000-400_599.parquet,-52.80494689941406,-59.33892822265625,8,8
determiner_noun_agreement_2,104,Many pedestrians lifted those movie theaters.,Many pedestrians lifted that movie theaters.,determiner_noun_agreement_2_good_104,determiner_noun_agreement_2_bad_104,longformer-715_719.parquet,longformer-680_684.parquet,pythia-160m-step100000-600_799.parquet,pythia-160m-step100000-600_799.parquet,-47.954219818115234,-48.89696502685547,7,7
animate_subject_trans,42,David discovered this ice cream.,Every hospital discovered this ice cream.,animate_subject_trans_good_42,animate_subject_trans_bad_42,longformer-305_309.parquet,longformer-620_624.parquet,pythia-160m-step100000-200_399.parquet,pythia-160m-step100000-600_799.parquet,-31.02761459350586,-41.86571502685547,6,7
npi_present_2,371,Rose clearly imagines Sherry couldn't eat.,Rose ever imagines Sherry couldn't eat.,npi_present_2_good_371,npi_present_2_bad_371,longformer-655_659.parquet,longformer-550_554.parquet,pythia-160m-step100000-600_799.parquet,pythia-160m-step100000-400_599.parquet,-50.82768249511719,-52.574398040771484,8,8
animate_subject_trans,43,Nancy is talking about Lucille.,This pie is talking about Lucille.,animate_subject_trans_good_43,animate_subject_trans_bad_43,longformer-275_279.parquet,longformer-365_369.parquet,pythia-160m-step100000-200_399.parquet,pythia-160m-step100000-200_399.parquet,-38.17768096923828,-41.74275207519531,6,7
transitive,583,Theodore remembers Rachelle.,Theodore complained Rachelle.,transitive_good_583,transitive_bad_583,longformer-170_174.parquet,longformer-215_219.parquet,pythia-160m-step100000-0_199.parquet,pythia-160m-step100000-200_399.parquet,-42.332176208496094,-47.20410919189453,4,4
regular_plural_subject_verb_agreement_1,490,Steven talks to Florence.,Steven talk to Florence.,regular_plural_subject_verb_agreement_1_good_490,regular_plural_subject_verb_agreement_1_bad_490,longformer-105_109.parquet,longformer-90_94.parquet,pythia-160m-step100000-0_199.parquet,pythia-160m-step100000-0_199.parquet,-24.79681968688965,-26.947248458862305,5,5
intransitive,289,Some box closes.,Some box scared.,intransitive_good_289,intransitive_bad_289,longformer-10_14.parquet,longformer-10_14.parquet,pythia-160m-step100000-0_199.parquet,pythia-160m-step100000-0_199.parquet,-20.40699005126953,-25.74896240234375,4,4
irregular_plural_subject_verb_agreement_2,327,The man is insulting Susan.,The men is insulting Susan.,irregular_plural_subject_verb_agreement_2_good_327,irregular_plural_subject_verb_agreement_2_bad_327,longformer-150_154.parquet,longformer-135_139.parquet,pythia-160m-step100000-0_199.parquet,pythia-160m-step100000-0_199.parquet,-32.423606872558594,-40.299354553222656,6,6
determiner_noun_agreement_1,99,A banana embarrassed those actresses.,A banana embarrassed those actress.,determiner_noun_agreement_1_good_99,determiner_noun_agreement_1_bad_99,longformer-465_469.parquet,longformer-410_414.parquet,pythia-160m-step100000-400_599.parquet,pythia-160m-step100000-400_599.parquet,-48.95942687988281,-49.005531311035156,6,6
anaphor_gender_agreement,13,Ruth returns to herself.,Ruth returns to itself.,anaphor_gender_agreement_good_13,anaphor_gender_agreement_bad_13,longformer-80_84.parquet,longformer-65_69.parquet,pythia-160m-step100000-0_199.parquet,pythia-160m-step100000-0_199.parquet,-29.862396240234375,-34.03897476196289,5,5
transitive,587,This teacher's partners stunned Walter.,This teacher's partners fall Walter.,transitive_good_587,transitive_bad_587,longformer-525_529.parquet,longformer-460_464.parquet,pythia-160m-step100000-400_599.parquet,pythia-160m-step100000-400_599.parquet,-53.753936767578125,-56.04143524169922,7,7
determiner_noun_agreement_with_adj_2,132,Those ladies work with these lucky actors.,Those ladies work with this lucky actors.,determiner_noun_agreement_with_adj_2_good_132,determiner_noun_agreement_with_adj_2_bad_132,longformer-650_654.parquet,longformer-630_634.parquet,pythia-160m-step100000-600_799.parquet,pythia-160m-step100000-600_799.parquet,-47.70005798339844,-52.098873138427734,8,8
determiner_noun_agreement_irregular_1,112,Susan won't notice these fungi.,Susan won't notice these fungus.,determiner_noun_agreement_irregular_1_good_112,determiner_noun_agreement_irregular_1_bad_112,longformer-265_269.parquet,longformer-310_314.parquet,pythia-160m-step100000-200_399.parquet,pythia-160m-step100000-200_399.parquet,-42.120628356933594,-44.620819091796875,7,7
left_branch_island_simple_question,342,Which ladies has Erin observed?,Which has Erin observed ladies?,left_branch_island_simple_question_good_342,left_branch_island_simple_question_bad_342,longformer-245_249.parquet,longformer-270_274.parquet,pythia-160m-step100000-200_399.parquet,pythia-160m-step100000-200_399.parquet,-51.764488220214844,-48.62348556518555,6,6
irregular_past_participle_adjectives,298,The worn scarves aren't concealed.,The wore scarves aren't concealed.,irregular_past_participle_adjectives_good_298,irregular_past_participle_adjectives_bad_298,longformer-380_384.parquet,longformer-390_394.parquet,pythia-160m-step100000-200_399.parquet,pythia-160m-step100000-200_399.parquet,-44.04372787475586,-45.30190658569336,7,7
irregular_plural_subject_verb_agreement_2,325,The women haven't hired Candice.,The woman haven't hired Candice.,irregular_plural_subject_verb_agreement_2_good_325,irregular_plural_subject_verb_agreement_2_bad_325,longformer-290_294.parquet,longformer-305_309.parquet,pythia-160m-step100000-200_399.parquet,pythia-160m-step100000-200_399.parquet,-45.02580642700195,-46.95507049560547,7,7
sentential_subject_island,532,Who will a legislature's aggravating Anna hurt.,Who will a legislature's aggravating hurt Anna.,sentential_subject_island_good_532,sentential_subject_island_bad_532,longformer-760_764.parquet,longformer-785_789.parquet,pythia-160m-step100000-600_799.parquet,pythia-160m-step100000-600_799.parquet,-76.14002990722656,-77.44515228271484,9,9
regular_plural_subject_verb_agreement_2,505,The cup tips over.,The cups tips over.,regular_plural_subject_verb_agreement_2_good_505,regular_plural_subject_verb_agreement_2_bad_505,longformer-25_29.parquet,longformer-35_39.parquet,pythia-160m-step100000-0_199.parquet,pythia-160m-step100000-0_199.parquet,-29.584442138671875,-33.166664123535156,5,5
causative,51,Mary folded every skirt.,Mary vanished every skirt.,causative_good_51,causative_bad_51,longformer-75_79.parquet,longformer-130_134.parquet,pythia-160m-step100000-0_199.parquet,pythia-160m-step100000-0_199.parquet,-30.106945037841797,-36.5042724609375,5,5
superlative_quantifiers_2,551,A museum insulted at most two doctors.,No museum insulted at most two doctors.,superlative_quantifiers_2_good_551,superlative_quantifiers_2_bad_551,longformer-495_499.parquet,longformer-530_534.parquet,pythia-160m-step100000-400_599.parquet,pythia-160m-step100000-400_599.parquet,-56.76203155517578,-59.4105224609375,8,8
npi_present_2,376,Vanessa did also care for George.,Vanessa did ever care for George.,npi_present_2_good_376,npi_present_2_bad_376,longformer-335_339.parquet,longformer-345_349.parquet,pythia-160m-step100000-200_399.parquet,pythia-160m-step100000-200_399.parquet,-36.92582321166992,-38.28034973144531,7,7
determiner_noun_agreement_with_adj_irregular_2,158,Those cashiers buy those smooth lice.,Those cashiers buy that smooth lice.,determiner_noun_agreement_with_adj_irregular_2_good_158,determiner_noun_agreement_with_adj_irregular_2_bad_158,longformer-480_484.parquet,longformer-440_444.parquet,pythia-160m-step100000-400_599.parquet,pythia-160m-step100000-400_599.parquet,-58.23431396484375,-59.08573913574219,7,7
tough_vs_raising_2,576,A lot of drivers are soon to clash.,A lot of drivers are irritating to clash.,tough_vs_raising_2_good_576,tough_vs_raising_2_bad_576,longformer-405_409.parquet,longformer-615_619.parquet,pythia-160m-step100000-400_599.parquet,pythia-160m-step100000-600_799.parquet,-41.426979064941406,-47.300872802734375,9,9
determiner_noun_agreement_2,106,Most universities describe those movies.,Most universities describe that movies.,determiner_noun_agreement_2_good_106,determiner_noun_agreement_2_bad_106,longformer-585_589.parquet,longformer-520_524.parquet,pythia-160m-step100000-400_599.parquet,pythia-160m-step100000-400_599.parquet,-40.00434112548828,-42.42372512817383,6,6
passive_2,416,The grandsons of Kenneth aren't disgusted.,The grandsons of Kenneth aren't gotten fired.,passive_2_good_416,passive_2_bad_416,longformer-645_649.parquet,longformer-715_719.parquet,pythia-160m-step100000-600_799.parquet,pythia-160m-step100000-600_799.parquet,-49.81465530395508,-56.69573211669922,8,9
principle_A_case_2,440,Matt was imagining himself disturbing Kevin.,Matt was imagining himself disturbs Kevin.,principle_A_case_2_good_440,principle_A_case_2_bad_440,longformer-685_689.parquet,longformer-650_654.parquet,pythia-160m-step100000-600_799.parquet,pythia-160m-step100000-600_799.parquet,-42.819252014160156,-54.95729446411133,7,7
principle_A_domain_3,472,Bruce thinks Jodi visits herself.,Jodi thinks Bruce visits herself.,principle_A_domain_3_good_472,principle_A_domain_3_bad_472,longformer-325_329.parquet,longformer-330_334.parquet,pythia-160m-step100000-200_399.parquet,pythia-160m-step100000-200_399.parquet,-53.5001335144043,-48.822574615478516,6,6
inchoative,272,A sock had stretched.,A sock had concealed.,inchoative_good_272,inchoative_bad_272,longformer-40_44.parquet,longformer-45_49.parquet,pythia-160m-step100000-0_199.parquet,pythia-160m-step100000-0_199.parquet,-32.47826385498047,-35.04632568359375,5,5
principle_A_domain_2,469,Sherry says jackets will distract themselves.,Sherry says jackets will distract herself.,principle_A_domain_2_good_469,principle_A_domain_2_bad_469,longformer-725_729.parquet,longformer-640_644.parquet,pythia-160m-step100000-600_799.parquet,pythia-160m-step100000-600_799.parquet,-52.87614822387695,-52.58953094482422,7,7
animate_subject_passive,32,The boy isn't investigated by some senator.,The boy isn't investigated by some medium.,animate_subject_passive_good_32,animate_subject_passive_bad_32,longformer-670_674.parquet,longformer-640_644.parquet,pythia-160m-step100000-600_799.parquet,pythia-160m-step100000-600_799.parquet,-52.673892974853516,-50.35891342163086,9,9
principle_A_domain_3,475,Lucille shouldn't say Timothy observes himself.,Timothy shouldn't say Lucille observes himself.,principle_A_domain_3_good_475,principle_A_domain_3_bad_475,longformer-785_789.parquet,longformer-780_784.parquet,pythia-160m-step100000-600_799.parquet,pythia-160m-step100000-600_799.parquet,-57.57469940185547,-57.0146369934082,8,8
tough_vs_raising_2,579,Douglas wasn't certain to lift some cats.,Douglas wasn't exciting to lift some cats.,tough_vs_raising_2_good_579,tough_vs_raising_2_bad_579,longformer-620_624.parquet,longformer-645_649.parquet,pythia-160m-step100000-600_799.parquet,pythia-160m-step100000-600_799.parquet,-52.86182403564453,-56.10107421875,9,9
sentential_negation_npi_licensor_present,511,The couches did not ever slip.,The couches did probably ever slip.,sentential_negation_npi_licensor_present_good_511,sentential_negation_npi_licensor_present_bad_511,longformer-230_234.parquet,longformer-435_439.parquet,pythia-160m-step100000-200_399.parquet,pythia-160m-step100000-400_599.parquet,-39.98407745361328,-51.9022216796875,7,7
principle_A_reconstruction,480,It's himself that Larry is kissing.,It's himself that is kissing Larry.,principle_A_reconstruction_good_480,principle_A_reconstruction_bad_480,longformer-395_399.parquet,longformer-420_424.parquet,pythia-160m-step100000-400_599.parquet,pythia-160m-step100000-400_599.parquet,-46.97872543334961,-45.31440353393555,8,8
transitive,584,Janet visits the hill.,Janet copes the hill.,transitive_good_584,transitive_bad_584,longformer-55_59.parquet,longformer-40_44.parquet,pythia-160m-step100000-0_199.parquet,pythia-160m-step100000-0_199.parquet,-31.64160919189453,-43.78582000732422,5,5
passive_2,418,Deanna's teacher is cared for.,Deanna's teacher is smiled.,passive_2_good_418,passive_2_bad_418,longformer-225_229.parquet,longformer-150_154.parquet,pythia-160m-step100000-200_399.parquet,pythia-160m-step100000-0_199.parquet,-38.68621063232422,-40.05910873413086,7,6
principle_A_reconstruction,489,It's herself that Carmen won't stun.,It's herself that won't stun Carmen.,principle_A_reconstruction_good_489,principle_A_reconstruction_bad_489,longformer-455_459.parquet,longformer-440_444.parquet,pythia-160m-step100000-400_599.parquet,pythia-160m-step100000-400_599.parquet,-58.40672302246094,-53.56651306152344,9,9
anaphor_gender_agreement,14,Rose has shocked herself.,Rose has shocked itself.,anaphor_gender_agreement_good_14,anaphor_gender_agreement_bad_14,longformer-100_104.parquet,longformer-80_84.parquet,pythia-160m-step100000-0_199.parquet,pythia-160m-step100000-0_199.parquet,-24.446619033813477,-24.697172164916992,5,5
regular_plural_subject_verb_agreement_1,494,Dana descends this ladder.,Dana descend this ladder.,regular_plural_subject_verb_agreement_1_good_494,regular_plural_subject_verb_agreement_1_bad_494,longformer-120_124.parquet,longformer-105_109.parquet,pythia-160m-step100000-0_199.parquet,pythia-160m-step100000-0_199.parquet,-37.74925994873047,-34.34537124633789,5,5
causative,56,Many senators hadn't washed Jodi.,Many senators hadn't fallen Jodi.,causative_good_56,causative_bad_56,longformer-355_359.parquet,longformer-345_349.parquet,pythia-160m-step100000-200_399.parquet,pythia-160m-step100000-200_399.parquet,-55.0732307434082,-55.77969741821289,7,7
anaphor_gender_agreement,11,Stephanie is returning to herself.,Stephanie is returning to itself.,anaphor_gender_agreement_good_11,anaphor_gender_agreement_bad_11,longformer-380_384.parquet,longformer-355_359.parquet,pythia-160m-step100000-200_399.parquet,pythia-160m-step100000-200_399.parquet,-34.27880096435547,-36.309181213378906,6,6
npi_present_2,377,Tonya clearly disgusted Randolf.,Tonya ever disgusted Randolf.,npi_present_2_good_377,npi_present_2_bad_377,longformer-305_309.parquet,longformer-210_214.parquet,pythia-160m-step100000-200_399.parquet,pythia-160m-step100000-200_399.parquet,-51.40114974975586,-53.80702590942383,5,5
npi_present_2,372,Liam had also failed to conspire.,Liam had ever failed to conspire.,npi_present_2_good_372,npi_present_2_bad_372,longformer-330_334.parquet,longformer-360_364.parquet,pythia-160m-step100000-200_399.parquet,pythia-160m-step100000-200_399.parquet,-44.85203170776367,-48.17534637451172,7,7
coordinate_structure_constraint_object_extraction,88,Who can Rodney and Cindy take?,Who might Rodney take and Cindy?,coordinate_structure_constraint_object_extraction_good_88,coordinate_structure_constraint_object_extraction_bad_88,longformer-240_244.parquet,longformer-300_304.parquet,pythia-160m-step100000-200_399.parquet,pythia-160m-step100000-200_399.parquet,-42.693660736083984,-49.17806625366211,7,7
determiner_noun_agreement_with_adj_irregular_2,157,Deborah had fled from that important woman.,Deborah had fled from those important woman.,determiner_noun_agreement_with_adj_irregular_2_good_157,determiner_noun_agreement_with_adj_irregular_2_bad_157,longformer-660_664.parquet,longformer-695_699.parquet,pythia-160m-step100000-600_799.parquet,pythia-160m-step100000-600_799.parquet,-46.335628509521484,-53.8520393371582,8,8
matrix_question_npi_licensor_present,353,Have most chairs ever tipped over?,Most chairs have ever tipped over.,matrix_question_npi_licensor_present_good_353,matrix_question_npi_licensor_present_bad_353,longformer-385_389.parquet,longformer-375_379.parquet,pythia-160m-step100000-200_399.parquet,pythia-160m-step100000-200_399.parquet,-42.81243133544922,-38.67826843261719,7,7
determiner_noun_agreement_with_adj_irregular_1,145,Carla went to that rough oasis.,Carla went to that rough oases.,determiner_noun_agreement_with_adj_irregular_1_good_145,determiner_noun_agreement_with_adj_irregular_1_bad_145,longformer-270_274.parquet,longformer-255_259.parquet,pythia-160m-step100000-200_399.parquet,pythia-160m-step100000-200_399.parquet,-49.28645706176758,-54.429832458496094,7,7
tough_vs_raising_1,569,Most waiters aren't easy to fire.,Most waiters aren't soon to fire.,tough_vs_raising_1_good_569,tough_vs_raising_1_bad_569,longformer-355_359.parquet,longformer-340_344.parquet,pythia-160m-step100000-200_399.parquet,pythia-160m-step100000-200_399.parquet,-36.702693939208984,-44.87234115600586,8,8
determiner_noun_agreement_with_adj_2,137,This waiter hasn't scanned that long book.,This waiter hasn't scanned those long book.,determiner_noun_agreement_with_adj_2_good_137,determiner_noun_agreement_with_adj_2_bad_137,longformer-635_639.parquet,longformer-670_674.parquet,pythia-160m-step100000-600_799.parquet,pythia-160m-step100000-600_799.parquet,-51.21120071411133,-55.46908950805664,9,9
determiner_noun_agreement_2,108,Some actors astounded those banks.,Some actors astounded that banks.,determiner_noun_agreement_2_good_108,determiner_noun_agreement_2_bad_108,longformer-395_399.parquet,longformer-325_329.parquet,pythia-160m-step100000-200_399.parquet,pythia-160m-step100000-200_399.parquet,-42.6193733215332,-49.11507797241211,6,6
regular_plural_subject_verb_agreement_2,506,The guys swallow.,The guy swallow.,regular_plural_subject_verb_agreement_2_good_506,regular_plural_subject_verb_agreement_2_bad_506,longformer-15_19.parquet,longformer-10_14.parquet,pythia-160m-step100000-0_199.parquet,pythia-160m-step100000-0_199.parquet,-26.068763732910156,-24.7725830078125,4,4
principle_A_domain_3,474,Anna will explain Thomas couldn't hurt himself.,Thomas will explain Anna couldn't hurt himself.,principle_A_domain_3_good_474,principle_A_domain_3_bad_474,longformer-760_764.parquet,longformer-780_784.parquet,pythia-160m-step100000-600_799.parquet,pythia-160m-step100000-600_799.parquet,-49.19111633300781,-49.31017303466797,9,9
passive_1,401,Heather is insulted by Ann.,Heather is murmured by Ann.,passive_1_good_401,passive_1_bad_401,longformer-160_164.parquet,longformer-145_149.parquet,pythia-160m-step100000-0_199.parquet,pythia-160m-step100000-0_199.parquet,-35.149539947509766,-37.874855041503906,6,6
drop_argument,191,Those fathers of Maria skate around.,Those fathers of Maria cured.,drop_argument_good_191,drop_argument_bad_191,longformer-455_459.parquet,longformer-200_204.parquet,pythia-160m-step100000-400_599.parquet,pythia-160m-step100000-200_399.parquet,-48.086158752441406,-41.3355598449707,7,6
determiner_noun_agreement_1,94,Sara kissed this cashier.,Sara kissed this cashiers.,determiner_noun_agreement_1_good_94,determiner_noun_agreement_1_bad_94,longformer-95_99.parquet,longformer-120_124.parquet,pythia-160m-step100000-0_199.parquet,pythia-160m-step100000-0_199.parquet,-38.74311828613281,-46.16511535644531,5,5
determiner_noun_agreement_2,107,Kathleen buys this book.,Kathleen buys these book.,determiner_noun_agreement_2_good_107,determiner_noun_agreement_2_bad_107,longformer-85_89.parquet,longformer-90_94.parquet,pythia-160m-step100000-0_199.parquet,pythia-160m-step100000-0_199.parquet,-33.810977935791016,-41.55652618408203,5,5
npi_present_1,366,Even the pedestrians often swallow.,Even the pedestrians ever swallow.,npi_present_1_good_366,npi_present_1_bad_366,longformer-425_429.parquet,longformer-385_389.parquet,pythia-160m-step100000-400_599.parquet,pythia-160m-step100000-200_399.parquet,-36.23149108886719,-42.64820098876953,6,6
irregular_plural_subject_verb_agreement_1,315,The theses are shocking Irene.,The theses is shocking Irene.,irregular_plural_subject_verb_agreement_1_good_315,irregular_plural_subject_verb_agreement_1_bad_315,longformer-230_234.parquet,longformer-210_214.parquet,pythia-160m-step100000-200_399.parquet,pythia-160m-step100000-0_199.parquet,-49.558006286621094,-51.632816314697266,6,6
existential_there_quantifiers_1,235,There is a cashier grinning.,There is every cashier grinning.,existential_there_quantifiers_1_good_235,existential_there_quantifiers_1_bad_235,longformer-185_189.parquet,longformer-300_304.parquet,pythia-160m-step100000-0_199.parquet,pythia-160m-step100000-200_399.parquet,-32.16752243041992,-40.14811706542969,6,6
existential_there_quantifiers_1,237,There is a niece of Andrea leaving.,There is each niece of Andrea leaving.,existential_there_quantifiers_1_good_237,existential_there_quantifiers_1_bad_237,longformer-400_404.parquet,longformer-495_499.parquet,pythia-160m-step100000-400_599.parquet,pythia-160m-step100000-400_599.parquet,-41.26523208618164,-49.64069366455078,8,8
intransitive,284,That door should close.,That door should look like.,intransitive_good_284,intransitive_bad_284,longformer-70_74.parquet,longformer-140_144.parquet,pythia-160m-step100000-0_199.parquet,pythia-160m-step100000-0_199.parquet,-22.25961685180664,-27.518482208251953,5,6
only_npi_licensor_present,382,Only Jessica had ever talked about Gary.,Even Jessica had ever talked about Gary.,only_npi_licensor_present_good_382,only_npi_licensor_present_bad_382,longformer-585_589.parquet,longformer-575_579.parquet,pythia-160m-step100000-400_599.parquet,pythia-160m-step100000-400_599.parquet,-42.67268753051758,-43.890838623046875,8,8
npi_present_1,368,Even that fork should often look like a sketch.,Even that fork should ever look like a sketch.,npi_present_1_good_368,npi_present_1_bad_368,longformer-775_779.parquet,longformer-735_739.parquet,pythia-160m-step100000-600_799.parquet,pythia-160m-step100000-600_799.parquet,-51.649234771728516,-51.54216384887695,10,10
irregular_plural_subject_verb_agreement_2,329,The child conceals some door.,The children conceals some door.,irregular_plural_subject_verb_agreement_2_good_329,irregular_plural_subject_verb_agreement_2_bad_329,longformer-205_209.parquet,longformer-290_294.parquet,pythia-160m-step100000-200_399.parquet,pythia-160m-step100000-200_399.parquet,-40.09418487548828,-43.09360122680664,6,6
determiner_noun_agreement_with_adj_irregular_1,142,Some prints shock this standing person.,Some prints shock this standing people.,determiner_noun_agreement_with_adj_irregular_1_good_142,determiner_noun_agreement_with_adj_irregular_1_bad_142,longformer-535_539.parquet,longformer-535_539.parquet,pythia-160m-step100000-400_599.parquet,pythia-160m-step100000-400_599.parquet,-52.970977783203125,-51.935829162597656,7,7
principle_A_domain_3,473,Kristin's grandson explains Erin likes herself.,Erin explains Kristin's grandson likes herself.,principle_A_domain_3_good_473,principle_A_domain_3_bad_473,longformer-790_794.parquet,longformer-770_774.parquet,pythia-160m-step100000-600_799.parquet,pythia-160m-step100000-600_799.parquet,-68.1821517944336,-68.36558532714844,8,8
determiner_noun_agreement_2,109,Raymond has gone to these schools.,Raymond has gone to this schools.,determiner_noun_agreement_2_good_109,determiner_noun_agreement_2_bad_109,longformer-365_369.parquet,longformer-350_354.parquet,pythia-160m-step100000-200_399.parquet,pythia-160m-step100000-200_399.parquet,-32.04259490966797,-36.94020080566406,7,7
causative,57,Some cashier hadn't burned that pasta.,Some cashier hadn't appeared that pasta.,causative_good_57,causative_bad_57,longformer-500_504.parquet,longformer-560_564.parquet,pythia-160m-step100000-400_599.parquet,pythia-160m-step100000-400_599.parquet,-51.303070068359375,-56.80820083618164,8,8
irregular_past_participle_adjectives,295,The taken oases weren't blue.,The took oases weren't blue.,irregular_past_participle_adjectives_good_295,irregular_past_participle_adjectives_bad_295,longformer-205_209.parquet,longformer-175_179.parquet,pythia-160m-step100000-200_399.parquet,pythia-160m-step100000-0_199.parquet,-46.934627532958984,-49.871665954589844,7,7
existential_there_subject_raising,250,There happened to be a shoe drying.,There hoped to be a shoe drying.,existential_there_subject_raising_good_250,existential_there_subject_raising_bad_250,longformer-420_424.parquet,longformer-295_299.parquet,pythia-160m-step100000-400_599.parquet,pythia-160m-step100000-200_399.parquet,-37.6149787902832,-43.11874008178711,8,8
passive_2,410,Karen was aggravated.,Karen was screamed.,passive_2_good_410,passive_2_bad_410,longformer-45_49.parquet,longformer-30_34.parquet,pythia-160m-step100000-0_199.parquet,pythia-160m-step100000-0_199.parquet,-27.532495498657227,-28.262550354003906,4,4
intransitive,286,All mushrooms wouldn't grow.,All mushrooms wouldn't look like.,intransitive_good_286,intransitive_bad_286,longformer-170_174.parquet,longformer-315_319.parquet,pythia-160m-step100000-0_199.parquet,pythia-160m-step100000-200_399.parquet,-29.727962493896484,-35.35792922973633,6,7
drop_argument,199,Melissa isn't exploring.,Melissa isn't firing.,drop_argument_good_199,drop_argument_bad_199,longformer-80_84.parquet,longformer-50_54.parquet,pythia-160m-step100000-0_199.parquet,pythia-160m-step100000-0_199.parquet,-30.721145629882812,-30.189186096191406,5,5
animate_subject_passive,39,Most hills are driven to by some senators.,Most hills are driven to by some carriages.,animate_subject_passive_good_39,animate_subject_passive_bad_39,longformer-650_654.parquet,longformer-660_664.parquet,pythia-160m-step100000-600_799.parquet,pythia-160m-step100000-600_799.parquet,-52.53938293457031,-51.37303924560547,9,9
determiner_noun_agreement_irregular_2,129,Many customers question this man.,Many customers question these man.,determiner_noun_agreement_irregular_2_good_129,determiner_noun_agreement_irregular_2_bad_129,longformer-320_324.parquet,longformer-380_384.parquet,pythia-160m-step100000-200_399.parquet,pythia-160m-step100000-200_399.parquet,-32.97279357910156,-39.5611457824707,6,6
anaphor_number_agreement,26,Eric shouldn't aggravate himself.,Eric shouldn't aggravate themselves.,anaphor_number_agreement_good_26,anaphor_number_agreement_bad_26,longformer-315_319.parquet,longformer-455_459.parquet,pythia-160m-step100000-200_399.parquet,pythia-160m-step100000-400_599.parquet,-28.79833221435547,-30.031356811523438,6,6
determiner_noun_agreement_1,90,Lisa was hiding this nose.,Lisa was hiding this noses.,determiner_noun_agreement_1_good_90,determiner_noun_agreement_1_bad_90,longformer-130_134.parquet,longformer-140_144.parquet,pythia-160m-step100000-0_199.parquet,pythia-160m-step100000-0_199.parquet,-41.73493957519531,-48.17213439941406,6,6
determiner_noun_agreement_with_adj_irregular_2,153,Alan wasn't returning to those blue oases.,Alan wasn't returning to that blue oases.,determiner_noun_agreement_with_adj_irregular_2_good_153,determiner_noun_agreement_with_adj_irregular_2_bad_153,longformer-655_659.parquet,longformer-595_599.parquet,pythia-160m-step100000-600_799.parquet,pythia-160m-step100000-600_799.parquet,-47.912208557128906,-50.04729080200195,9,9
passive_2,413,Martin's dermatologists are hugged.,Martin's dermatologists are chatted.,passive_2_good_413,passive_2_bad_413,longformer-435_439.parquet,longformer-450_454.parquet,pythia-160m-step100000-400_599.parquet,pythia-160m-step100000-400_599.parquet,-43.77678298950195,-45.04429244995117,6,6
determiner_noun_agreement_with_adj_irregular_1,143,Timothy walked through these new oases.,Timothy walked through these new oasis.,determiner_noun_agreement_with_adj_irregular_1_good_143,determiner_noun_agreement_with_adj_irregular_1_bad_143,longformer-540_544.parquet,longformer-545_549.parquet,pythia-160m-step100000-400_599.parquet,pythia-160m-step100000-400_599.parquet,-46.45601272583008,-47.0109748840332,7,7
matrix_question_npi_licensor_present,356,Will Brenda ever hate Christopher?,Brenda will ever hate Christopher.,matrix_question_npi_licensor_present_good_356,matrix_question_npi_licensor_present_bad_356,longformer-390_394.parquet,longformer-385_389.parquet,pythia-160m-step100000-200_399.parquet,pythia-160m-step100000-200_399.parquet,-42.49396896362305,-51.00804138183594,6,6
anaphor_gender_agreement,15,Susan hid herself.,Susan hid itself.,anaphor_gender_agreement_good_15,anaphor_gender_agreement_bad_15,longformer-25_29.parquet,longformer-20_24.parquet,pythia-160m-step100000-0_199.parquet,pythia-160m-step100000-0_199.parquet,-22.21566390991211,-29.637393951416016,4,4
superlative_quantifiers_2,550,Some adult does clean at most six chairs.,No adult does clean at most six chairs.,superlative_quantifiers_2_good_550,superlative_quantifiers_2_bad_550,longformer-625_629.parquet,longformer-530_534.parquet,pythia-160m-step100000-400_599.parquet,pythia-160m-step100000-400_599.parquet,-61.10710525512695,-61.822669982910156,9,9
anaphor_number_agreement,24,Many people bothered themselves.,Many people bothered itself.,anaphor_number_agreement_good_24,anaphor_number_agreement_bad_24,longformer-295_299.parquet,longformer-175_179.parquet,pythia-160m-step100000-200_399.parquet,pythia-160m-step100000-0_199.parquet,-23.532222747802734,-27.54907989501953,5,5
irregular_past_participle_adjectives,290,The forgotten analyses are bad.,The forgot analyses are bad.,irregular_past_participle_adjectives_good_290,irregular_past_participle_adjectives_bad_290,longformer-250_254.parquet,longformer-185_189.parquet,pythia-160m-step100000-200_399.parquet,pythia-160m-step100000-0_199.parquet,-37.273067474365234,-41.22410202026367,6,6
matrix_question_npi_licensor_present,358,Has this photograph ever worried Regina?,This photograph has ever worried Regina.,matrix_question_npi_licensor_present_good_358,matrix_question_npi_licensor_present_bad_358,longformer-555_559.parquet,longformer-580_584.parquet,pythia-160m-step100000-400_599.parquet,pythia-160m-step100000-400_599.parquet,-51.3841552734375,-45.773223876953125,7,7
principle_A_domain_2,463,Helen has said Noah hid himself.,Helen has said Noah hid herself.,principle_A_domain_2_good_463,principle_A_domain_2_bad_463,longformer-280_284.parquet,longformer-295_299.parquet,pythia-160m-step100000-200_399.parquet,pythia-160m-step100000-200_399.parquet,-39.323638916015625,-43.52368927001953,7,7
determiner_noun_agreement_2,102,Those projectors aggravate this girl.,Those projectors aggravate these girl.,determiner_noun_agreement_2_good_102,determiner_noun_agreement_2_bad_102,longformer-470_474.parquet,longformer-500_504.parquet,pythia-160m-step100000-400_599.parquet,pythia-160m-step100000-400_599.parquet,-43.01776123046875,-48.741920471191406,6,6
left_branch_island_echo_question,336,Stacy has questioned which cashier?,Which has Stacy questioned cashier?,left_branch_island_echo_question_good_336,left_branch_island_echo_question_bad_336,longformer-410_414.parquet,longformer-415_419.parquet,pythia-160m-step100000-200_399.parquet,pythia-160m-step100000-400_599.parquet,-46.8758544921875,-53.41774368286133,6,6
superlative_quantifiers_1,547,No bike has bothered more than seven adults.,No bike has bothered at least seven adults.,superlative_quantifiers_1_good_547,superlative_quantifiers_1_bad_547,longformer-705_709.parquet,longformer-675_679.parquet,pythia-160m-step100000-600_799.parquet,pythia-160m-step100000-600_799.parquet,-51.29165267944336,-49.69337463378906,9,9
left_branch_island_simple_question,349,Which dancers did that skirt annoy?,Which did that skirt annoy dancers?,left_branch_island_simple_question_good_349,left_branch_island_simple_question_bad_349,longformer-415_419.parquet,longformer-405_409.parquet,pythia-160m-step100000-200_399.parquet,pythia-160m-step100000-400_599.parquet,-51.95318603515625,-47.80703353881836,7,7
inchoative,273,All closets shut.,All closets conceal.,inchoative_good_273,inchoative_bad_273,longformer-15_19.parquet,longformer-40_44.parquet,pythia-160m-step100000-0_199.parquet,pythia-160m-step100000-0_199.parquet,-27.515565872192383,-32.92129898071289,4,4
determiner_noun_agreement_with_adjective_1,166,Kayla can't observe those hidden drivers.,Kayla can't observe those hidden driver.,determiner_noun_agreement_with_adjective_1_good_166,determiner_noun_agreement_with_adjective_1_bad_166,longformer-595_599.parquet,longformer-555_559.parquet,pythia-160m-step100000-600_799.parquet,pythia-160m-step100000-400_599.parquet,-49.03887939453125,-54.9763298034668,8,8
passive_2,412,Judy's handyman isn't referenced.,Judy's handyman isn't nodded.,passive_2_good_412,passive_2_bad_412,longformer-335_339.parquet,longformer-210_214.parquet,pythia-160m-step100000-200_399.parquet,pythia-160m-step100000-200_399.parquet,-44.474342346191406,-47.02393341064453,7,7
determiner_noun_agreement_irregular_1,110,Those waiters discover those phenomena.,Those waiters discover those phenomenon.,determiner_noun_agreement_irregular_1_good_110,determiner_noun_agreement_irregular_1_bad_110,longformer-535_539.parquet,longformer-590_594.parquet,pythia-160m-step100000-400_599.parquet,pythia-160m-step100000-400_599.parquet,-45.02973937988281,-46.72344207763672,6,6
existential_there_quantifiers_2,243,Every chair was there astounding Jill.,There was every chair astounding Jill.,existential_there_quantifiers_2_good_243,existential_there_quantifiers_2_bad_243,longformer-495_499.parquet,longformer-500_504.parquet,pythia-160m-step100000-400_599.parquet,pythia-160m-step100000-400_599.parquet,-52.43922805786133,-49.095977783203125,7,7
npi_present_1,369,Even every shoe often folded.,Even every shoe ever folded.,npi_present_1_good_369,npi_present_1_bad_369,longformer-210_214.parquet,longformer-165_169.parquet,pythia-160m-step100000-200_399.parquet,pythia-160m-step100000-0_199.parquet,-41.235511779785156,-35.482032775878906,6,6
coordinate_structure_constraint_object_extraction,83,Who are many mushrooms and Carol disgusting?,Who were many mushrooms disgusting and Carol?,coordinate_structure_constraint_object_extraction_good_83,coordinate_structure_constraint_object_extraction_bad_83,longformer-690_694.parquet,longformer-720_724.parquet,pythia-160m-step100000-600_799.parquet,pythia-160m-step100000-600_799.parquet,-55.27793502807617,-62.80543518066406,8,8
regular_plural_subject_verb_agreement_1,496,Laura has messed up that chair.,Laura have messed up that chair.,regular_plural_subject_verb_agreement_1_good_496,regular_plural_subject_verb_agreement_1_bad_496,longformer-250_254.parquet,longformer-305_309.parquet,pythia-160m-step100000-200_399.parquet,pythia-160m-step100000-200_399.parquet,-41.15884017944336,-43.26215744018555,7,7
left_branch_island_simple_question,341,Whose closet had Phillip noticed?,Whose had Phillip noticed closet?,left_branch_island_simple_question_good_341,left_branch_island_simple_question_bad_341,longformer-360_364.parquet,longformer-350_354.parquet,pythia-160m-step100000-200_399.parquet,pythia-160m-step100000-200_399.parquet,-44.66957092285156,-51.67012405395508,6,6
determiner_noun_agreement_with_adj_irregular_2,159,Guys hurts that smart man.,Guys hurts those smart man.,determiner_noun_agreement_with_adj_irregular_2_good_159,determiner_noun_agreement_with_adj_irregular_2_bad_159,longformer-120_124.parquet,longformer-145_149.parquet,pythia-160m-step100000-0_199.parquet,pythia-160m-step100000-0_199.parquet,-39.89419174194336,-47.217323303222656,6,6
sentential_subject_island,538,Who is this lamp's stunning some lady alarming.,Who is this lamp's stunning alarming some lady.,sentential_subject_island_good_538,sentential_subject_island_bad_538,longformer-765_769.parquet,longformer-780_784.parquet,pythia-160m-step100000-600_799.parquet,pythia-160m-step100000-600_799.parquet,-72.36512756347656,-70.23802185058594,10,10
tough_vs_raising_1,565,That river wasn't interesting to drive to.,That river wasn't about to drive to.,tough_vs_raising_1_good_565,tough_vs_raising_1_bad_565,longformer-640_644.parquet,longformer-440_444.parquet,pythia-160m-step100000-600_799.parquet,pythia-160m-step100000-400_599.parquet,-41.561500549316406,-46.557342529296875,9,9
left_branch_island_simple_question,348,Whose hypotheses has Rachel argued about?,Whose has Rachel argued about hypotheses?,left_branch_island_simple_question_good_348,left_branch_island_simple_question_bad_348,longformer-600_604.parquet,longformer-615_619.parquet,pythia-160m-step100000-600_799.parquet,pythia-160m-step100000-600_799.parquet,-55.218894958496094,-55.43092346191406,7,7
irregular_past_participle_adjectives,296,The forgotten waitress isn't concealed.,The forgot waitress isn't concealed.,irregular_past_participle_adjectives_good_296,irregular_past_participle_adjectives_bad_296,longformer-530_534.parquet,longformer-440_444.parquet,pythia-160m-step100000-400_599.parquet,pythia-160m-step100000-400_599.parquet,-46.45170211791992,-50.54814529418945,7,7
determiner_noun_agreement_irregular_2,125,Some men discover these fungi.,Some men discover this fungi.,determiner_noun_agreement_irregular_2_good_125,determiner_noun_agreement_irregular_2_bad_125,longformer-225_229.parquet,longformer-200_204.parquet,pythia-160m-step100000-200_399.parquet,pythia-160m-step100000-200_399.parquet,-35.99830627441406,-37.54013442993164,6,6
passive_1,407,Brenda wasn't criticized by Paul.,Brenda wasn't shrugged by Paul.,passive_1_good_407,passive_1_bad_407,longformer-345_349.parquet,longformer-260_264.parquet,pythia-160m-step100000-200_399.parquet,pythia-160m-step100000-200_399.parquet,-47.83599853515625,-51.133487701416016,7,7
irregular_past_participle_adjectives,299,The broken chairs aren't whole.,The broke chairs aren't whole.,irregular_past_participle_adjectives_good_299,irregular_past_participle_adjectives_bad_299,longformer-265_269.parquet,longformer-240_244.parquet,pythia-160m-step100000-200_399.parquet,pythia-160m-step100000-200_399.parquet,-39.012638092041016,-44.564903259277344,7,7
determiner_noun_agreement_irregular_2,128,Ann will lift those geese.,Ann will lift that geese.,determiner_noun_agreement_irregular_2_good_128,determiner_noun_agreement_irregular_2_bad_128,longformer-125_129.parquet,longformer-100_104.parquet,pythia-160m-step100000-0_199.parquet,pythia-160m-step100000-0_199.parquet,-42.423377990722656,-43.56984329223633,6,6
determiner_noun_agreement_with_adj_2,131,This bread astounded these concealed customers.,This bread astounded this concealed customers.,determiner_noun_agreement_with_adj_2_good_131,determiner_noun_agreement_with_adj_2_bad_131,longformer-795_799.parquet,longformer-750_754.parquet,pythia-160m-step100000-600_799.parquet,pythia-160m-step100000-600_799.parquet,-55.46097946166992,-57.65432357788086,7,7
determiner_noun_agreement_irregular_2,121,Senators mess up those feet.,Senators mess up that feet.,determiner_noun_agreement_irregular_2_good_121,determiner_noun_agreement_irregular_2_bad_121,longformer-170_174.parquet,longformer-140_144.parquet,pythia-160m-step100000-0_199.parquet,pythia-160m-step100000-0_199.parquet,-37.67287826538086,-40.68193054199219,6,6
anaphor_gender_agreement,16,Barbara is noticing herself.,Barbara is noticing himself.,anaphor_gender_agreement_good_16,anaphor_gender_agreement_bad_16,longformer-190_194.parquet,longformer-180_184.parquet,pythia-160m-step100000-0_199.parquet,pythia-160m-step100000-0_199.parquet,-29.753620147705078,-31.557289123535156,5,5
drop_argument,190,Jill's French teacher had observed.,Jill's French teacher had looked like.,drop_argument_good_190,drop_argument_bad_190,longformer-400_404.parquet,longformer-490_494.parquet,pythia-160m-step100000-400_599.parquet,pythia-160m-step100000-400_599.parquet,-44.06815719604492,-50.864715576171875,7,8
only_npi_licensor_present,387,Only Julie ever respects Elaine.,Even Julie ever respects Elaine.,only_npi_licensor_present_good_387,only_npi_licensor_present_bad_387,longformer-285_289.parquet,longformer-285_289.parquet,pythia-160m-step100000-200_399.parquet,pythia-160m-step100000-200_399.parquet,-45.39924621582031,-44.360374450683594,6,6
wh_questions_object_gap,600,The senators question the boys that Travis hid.,The senators question who Travis hid the boys.,wh_questions_object_gap_good_600,wh_questions_object_gap_bad_600,longformer-765_769.parquet,longformer-735_739.parquet,pythia-160m-step100000-600_799.parquet,pythia-160m-step100000-600_799.parquet,-65.85874938964844,-66.00677490234375,9,9
principle_A_domain_3,476,Sara says Chad's brother notices himself.,Chad's brother says Sara notices himself.,principle_A_domain_3_good_476,principle_A_domain_3_bad_476,longformer-625_629.parquet,longformer-595_599.parquet,pythia-160m-step100000-600_799.parquet,pythia-160m-step100000-400_599.parquet,-55.22406005859375,-55.27254104614258,8,8
intransitive,285,All guests are hiding away.,All guests are disagreeing with.,intransitive_good_285,intransitive_bad_285,longformer-155_159.parquet,longformer-295_299.parquet,pythia-160m-step100000-0_199.parquet,pythia-160m-step100000-200_399.parquet,-33.29018020629883,-34.9340934753418,6,6
adjunct_island,6,Who did Emily leave without curing Alan?,Who did Emily leave Alan without curing?,adjunct_island_good_6,adjunct_island_bad_6,longformer-575_579.parquet,longformer-590_594.parquet,pythia-160m-step100000-400_599.parquet,pythia-160m-step100000-400_599.parquet,-51.457061767578125,-52.00674057006836,8,8
principle_A_reconstruction,484,It's herself who Amanda might criticize.,It's herself who might criticize Amanda.,principle_A_reconstruction_good_484,principle_A_reconstruction_bad_484,longformer-575_579.parquet,longformer-570_574.parquet,pythia-160m-step100000-400_599.parquet,pythia-160m-step100000-400_599.parquet,-51.80744934082031,-48.262916564941406,8,8
principle_A_domain_2,467,April imagines Clyde cures himself.,April imagines Clyde cures herself.,principle_A_domain_2_good_467,principle_A_domain_2_bad_467,longformer-425_429.parquet,longformer-415_419.parquet,pythia-160m-step100000-400_599.parquet,pythia-160m-step100000-400_599.parquet,-50.15591812133789,-52.17042922973633,6,6
passive_1,403,Larry's oncologists aren't helped by Spain.,Larry's oncologists aren't struggled by Spain.,passive_1_good_403,passive_1_bad_403,longformer-675_679.parquet,longformer-745_749.parquet,pythia-160m-step100000-600_799.parquet,pythia-160m-step100000-600_799.parquet,-52.502872467041016,-63.055030822753906,9,9
transitive,582,Amy's cousins distracts a lot of women.,Amy's cousins reply a lot of women.,transitive_good_582,transitive_bad_582,longformer-540_544.parquet,longformer-410_414.parquet,pythia-160m-step100000-400_599.parquet,pythia-160m-step100000-400_599.parquet,-58.34320831298828,-58.592796325683594,9,9
drop_argument,198,Every teenager isn't descending.,Every teenager isn't dropping by.,drop_argument_good_198,drop_argument_bad_198,longformer-315_319.parquet,longformer-325_329.parquet,pythia-160m-step100000-200_399.parquet,pythia-160m-step100000-200_399.parquet,-35.25395965576172,-34.4515266418457,6,7
inchoative,271,Some car is crashing.,Some car is looking like.,inchoative_good_271,inchoative_bad_271,longformer-45_49.parquet,longformer-95_99.parquet,pythia-160m-step100000-0_199.parquet,pythia-160m-step100000-0_199.parquet,-22.562345504760742,-27.810819625854492,5,6
irregular_plural_subject_verb_agreement_2,323,The woman drinks.,The women drinks.,irregular_plural_subject_verb_agreement_2_good_323,irregular_plural_subject_verb_agreement_2_bad_323,longformer-20_24.parquet,longformer-15_19.parquet,pythia-160m-step100000-0_199.parquet,pythia-160m-step100000-0_199.parquet,-20.94918441772461,-24.286251068115234,4,4
tough_vs_raising_1,566,Some oasis isn't boring to escape from.,Some oasis isn't about to escape from.,tough_vs_raising_1_good_566,tough_vs_raising_1_bad_566,longformer-545_549.parquet,longformer-515_519.parquet,pythia-160m-step100000-400_599.parquet,pythia-160m-step100000-400_599.parquet,-51.705142974853516,-47.80107116699219,9,9
regular_plural_subject_verb_agreement_2,509,The bank hasn't resembled this sketch.,The banks hasn't resembled this sketch.,regular_plural_subject_verb_agreement_2_good_509,regular_plural_subject_verb_agreement_2_bad_509,longformer-485_489.parquet,longformer-520_524.parquet,pythia-160m-step100000-400_599.parquet,pythia-160m-step100000-400_599.parquet,-45.435646057128906,-50.876731872558594,8,8
existential_there_subject_raising,258,There turns out to be an essay boring Holly.,There wishes to be an essay boring Holly.,existential_there_subject_raising_good_258,existential_there_subject_raising_bad_258,longformer-690_694.parquet,longformer-595_599.parquet,pythia-160m-step100000-600_799.parquet,pythia-160m-step100000-600_799.parquet,-53.119712829589844,-53.470245361328125,10,9
regular_plural_subject_verb_agreement_1,492,Actors examine the plays.,Actors examines the plays.,regular_plural_subject_verb_agreement_1_good_492,regular_plural_subject_verb_agreement_1_bad_492,longformer-110_114.parquet,longformer-130_134.parquet,pythia-160m-step100000-0_199.parquet,pythia-160m-step100000-0_199.parquet,-37.08216857910156,-37.811363220214844,5,5
passive_1,409,Theresa was forgotten by every son of Joseph.,Theresa was concurred by every son of Joseph.,passive_1_good_409,passive_1_bad_409,longformer-710_714.parquet,longformer-720_724.parquet,pythia-160m-step100000-600_799.parquet,pythia-160m-step100000-600_799.parquet,-51.18116760253906,-55.862815856933594,9,9
causative,54,Eva wasn't evaporating some icicle.,Eva wasn't falling some icicle.,causative_good_54,causative_bad_54,longformer-410_414.parquet,longformer-260_264.parquet,pythia-160m-step100000-400_599.parquet,pythia-160m-step100000-200_399.parquet,-60.27753829956055,-54.048274993896484,7,7
left_branch_island_simple_question,346,Which offspring did Florence leave?,Which did Florence leave offspring?,left_branch_island_simple_question_good_346,left_branch_island_simple_question_bad_346,longformer-415_419.parquet,longformer-430_434.parquet,pythia-160m-step100000-400_599.parquet,pythia-160m-step100000-400_599.parquet,-42.39634323120117,-38.99323272705078,6,6
wh_island,598,Who hasn't Kristin learned she can care for?,Who hasn't Kristin learned who can care for?,wh_island_good_598,wh_island_bad_598,longformer-680_684.parquet,longformer-700_704.parquet,pythia-160m-step100000-600_799.parquet,pythia-160m-step100000-600_799.parquet,-54.110023498535156,-57.64141845703125,10,10
superlative_quantifiers_1,544,No book does confuse more than four doctors.,No book does confuse at least four doctors.,superlative_quantifiers_1_good_544,superlative_quantifiers_1_bad_544,longformer-690_694.parquet,longformer-675_679.parquet,pythia-160m-step100000-600_799.parquet,pythia-160m-step100000-600_799.parquet,-51.884727478027344,-53.35686492919922,9,9
regular_plural_subject_verb_agreement_2,504,The scarves shrink.,The scarf shrink.,regular_plural_subject_verb_agreement_2_good_504,regular_plural_subject_verb_agreement_2_bad_504,longformer-30_34.parquet,longformer-20_24.parquet,pythia-160m-step100000-0_199.parquet,pythia-160m-step100000-0_199.parquet,-28.418800354003906,-26.586345672607422,4,4
principle_A_domain_1,456,Alicia has thought that Edward hides her.,Alicia has thought that Edward hides herself.,principle_A_domain_1_good_456,principle_A_domain_1_bad_456,longformer-610_614.parquet,longformer-710_714.parquet,pythia-160m-step100000-600_799.parquet,pythia-160m-step100000-600_799.parquet,-60.10960388183594,-63.37040710449219,8,8
principle_A_case_1,431,Tamara thinks that she praised every story.,Tamara thinks that herself praised every story.,principle_A_case_1_good_431,principle_A_case_1_bad_431,longformer-670_674.parquet,longformer-790_794.parquet,pythia-160m-step100000-600_799.parquet,pythia-160m-step100000-600_799.parquet,-53.14244842529297,-58.078086853027344,8,8
regular_plural_subject_verb_agreement_2,507,The cashier has bought the ice cream.,The cashiers has bought the ice cream.,regular_plural_subject_verb_agreement_2_good_507,regular_plural_subject_verb_agreement_2_bad_507,longformer-470_474.parquet,longformer-505_509.parquet,pythia-160m-step100000-400_599.parquet,pythia-160m-step100000-400_599.parquet,-38.13212966918945,-48.10200500488281,8,8
passive_2,414,The boy isn't disturbed.,The boy isn't grinned.,passive_2_good_414,passive_2_bad_414,longformer-80_84.parquet,longformer-55_59.parquet,pythia-160m-step100000-0_199.parquet,pythia-160m-step100000-0_199.parquet,-27.681732177734375,-32.309669494628906,6,6
determiner_noun_agreement_irregular_1,113,Suzanne doesn't think about those syntheses.,Suzanne doesn't think about those synthesis.,determiner_noun_agreement_irregular_1_good_113,determiner_noun_agreement_irregular_1_bad_113,longformer-700_704.parquet,longformer-680_684.parquet,pythia-160m-step100000-600_799.parquet,pythia-160m-step100000-600_799.parquet,-47.559654235839844,-52.67416000366211,8,8
causative,55,Paula heals Larry's grandson.,Paula bakes Larry's grandson.,causative_good_55,causative_bad_55,longformer-215_219.parquet,longformer-195_199.parquet,pythia-160m-step100000-0_199.parquet,pythia-160m-step100000-200_399.parquet,-47.27061462402344,-50.05496597290039,6,6
irregular_past_participle_adjectives,292,The known cashier is delighted.,The knew cashier is delighted.,irregular_past_participle_adjectives_good_292,irregular_past_participle_adjectives_bad_292,longformer-275_279.parquet,longformer-225_229.parquet,pythia-160m-step100000-200_399.parquet,pythia-160m-step100000-200_399.parquet,-40.70724868774414,-44.26909637451172,6,6
anaphor_gender_agreement,19,Diane had concealed herself.,Diane had concealed himself.,anaphor_gender_agreement_good_19,anaphor_gender_agreement_bad_19,longformer-175_179.parquet,longformer-175_179.parquet,pythia-160m-step100000-0_199.parquet,pythia-160m-step100000-0_199.parquet,-29.86501693725586,-31.868099212646484,5,5
causative,59,The teenagers fade all screens.,The teenagers waste away all screens.,causative_good_59,causative_bad_59,longformer-265_269.parquet,longformer-470_474.parquet,pythia-160m-step100000-200_399.parquet,pythia-160m-step100000-400_599.parquet,-44.3405647277832,-44.60385513305664,6,7
existential_there_quantifiers_2,241,All convertibles weren't there existing.,There weren't all convertibles existing.,existential_there_quantifiers_2_good_241,existential_there_quantifiers_2_bad_241,longformer-575_579.parquet,longformer-565_569.parquet,pythia-160m-step100000-400_599.parquet,pythia-160m-step100000-400_599.parquet,-46.4210205078125,-39.65155029296875,7,7
only_npi_licensor_present,381,Only Paula ever intends to escape from Carrie.,Even Paula ever intends to escape from Carrie.,only_npi_licensor_present_good_381,only_npi_licensor_present_bad_381,longformer-755_759.parquet,longformer-735_739.parquet,pythia-160m-step100000-600_799.parquet,pythia-160m-step100000-600_799.parquet,-54.56431579589844,-56.10253143310547,9,9
intransitive,288,These associations are profiting.,These associations are concealing.,intransitive_good_288,intransitive_bad_288,longformer-320_324.parquet,longformer-365_369.parquet,pythia-160m-step100000-200_399.parquet,pythia-160m-step100000-200_399.parquet,-32.12031173706055,-30.49813461303711,5,5
superlative_quantifiers_2,552,A waitress does dislike at most two women.,No waitress does dislike at most two women.,superlative_quantifiers_2_good_552,superlative_quantifiers_2_bad_552,longformer-630_634.parquet,longformer-665_669.parquet,pythia-160m-step100000-600_799.parquet,pythia-160m-step100000-600_799.parquet,-62.915924072265625,-64.13446044921875,9,9
coordinate_structure_constraint_complex_left_branch,72,What guests will Mary respect and Spain worry?,What will Mary respect guests and Spain worry?,coordinate_structure_constraint_complex_left_branch_good_72,coordinate_structure_constraint_complex_left_branch_bad_72,longformer-730_734.parquet,longformer-735_739.parquet,pythia-160m-step100000-600_799.parquet,pythia-160m-step100000-600_799.parquet,-72.6866683959961,-69.37039184570312,9,9
coordinate_structure_constraint_object_extraction,84,What were Nancy and Rhonda curing?,What is Nancy curing and Rhonda?,coordinate_structure_constraint_object_extraction_good_84,coordinate_structure_constraint_object_extraction_bad_84,longformer-370_374.parquet,longformer-310_314.parquet,pythia-160m-step100000-200_399.parquet,pythia-160m-step100000-200_399.parquet,-44.708316802978516,-52.26462936401367,7,7
existential_there_subject_raising,256,There wasn't certain to be spinach going bad.,There wasn't unhappy to be spinach going bad.,existential_there_subject_raising_good_256,existential_there_subject_raising_bad_256,longformer-705_709.parquet,longformer-710_714.parquet,pythia-160m-step100000-600_799.parquet,pythia-160m-step100000-600_799.parquet,-49.314788818359375,-57.16243362426758,10,10
tough_vs_raising_2,571,This patient wasn't about to dislike Gary.,This patient wasn't easy to dislike Gary.,tough_vs_raising_2_good_571,tough_vs_raising_2_bad_571,longformer-655_659.parquet,longformer-605_609.parquet,pythia-160m-step100000-600_799.parquet,pythia-160m-step100000-600_799.parquet,-48.29313278198242,-52.55751419067383,9,9
irregular_plural_subject_verb_agreement_1,318,This medium upsets some school.,This medium upset some school.,irregular_plural_subject_verb_agreement_1_good_318,irregular_plural_subject_verb_agreement_1_bad_318,longformer-270_274.parquet,longformer-235_239.parquet,pythia-160m-step100000-200_399.parquet,pythia-160m-step100000-200_399.parquet,-42.870361328125,-41.48543167114258,6,6
npi_present_2,373,Thomas also drops by Spain.,Thomas ever drops by Spain.,npi_present_2_good_373,npi_present_2_bad_373,longformer-155_159.parquet,longformer-135_139.parquet,pythia-160m-step100000-0_199.parquet,pythia-160m-step100000-0_199.parquet,-37.315406799316406,-39.81187438964844,6,6
determiner_noun_agreement_with_adjective_1,167,Catherine fixes this dirty cup.,Catherine fixes this dirty cups.,determiner_noun_agreement_with_adjective_1_good_167,determiner_noun_agreement_with_adjective_1_bad_167,longformer-260_264.parquet,longformer-285_289.parquet,pythia-160m-step100000-200_399.parquet,pythia-160m-step100000-200_399.parquet,-47.91282653808594,-53.25749206542969,6,6
only_npi_licensor_present,388,Only Raymond ever plays.,Even Raymond ever plays.,only_npi_licensor_present_good_388,only_npi_licensor_present_bad_388,longformer-85_89.parquet,longformer-75_79.parquet,pythia-160m-step100000-0_199.parquet,pythia-160m-step100000-0_199.parquet,-31.74861717224121,-33.77737808227539,5,5
anaphor_gender_agreement,17,Amelia heals herself.,Amelia heals himself.,anaphor_gender_agreement_good_17,anaphor_gender_agreement_bad_17,longformer-45_49.parquet,longformer-45_49.parquet,pythia-160m-step100000-0_199.parquet,pythia-160m-step100000-0_199.parquet,-28.49896812438965,-28.733985900878906,4,4
tough_vs_raising_1,564,All art galleries are annoying to respect.,All art galleries are certain to respect.,tough_vs_raising_1_good_564,tough_vs_raising_1_bad_564,longformer-645_649.parquet,longformer-620_624.parquet,pythia-160m-step100000-600_799.parquet,pythia-160m-step100000-600_799.parquet,-46.25159454345703,-43.276161193847656,8,8
determiner_noun_agreement_1,97,Most patients had forgotten those actors.,Most patients had forgotten those actor.,determiner_noun_agreement_1_good_97,determiner_noun_agreement_1_bad_97,longformer-605_609.parquet,longformer-585_589.parquet,pythia-160m-step100000-600_799.parquet,pythia-160m-step100000-400_599.parquet,-44.87459945678711,-50.88539123535156,7,7
determiner_noun_agreement_irregular_1,117,Claire has those geese.,Claire has those goose.,determiner_noun_agreement_irregular_1_good_117,determiner_noun_agreement_irregular_1_bad_117,longformer-65_69.parquet,longformer-65_69.parquet,pythia-160m-step100000-0_199.parquet,pythia-160m-step100000-0_199.parquet,-39.60285186767578,-40.772361755371094,5,5
irregular_plural_subject_verb_agreement_1,319,Most crises distract Cheryl.,Most crises distracts Cheryl.,irregular_plural_subject_verb_agreement_1_good_319,irregular_plural_subject_verb_agreement_1_bad_319,longformer-165_169.parquet,longformer-205_209.parquet,pythia-160m-step100000-0_199.parquet,pythia-160m-step100000-200_399.parquet,-43.30477523803711,-47.07745361328125,5,5
determiner_noun_agreement_with_adj_irregular_1,140,John can't aggravate those excited alumni.,John can't aggravate those excited alumnus.,determiner_noun_agreement_with_adj_irregular_1_good_140,determiner_noun_agreement_with_adj_irregular_1_bad_140,longformer-635_639.parquet,longformer-670_674.parquet,pythia-160m-step100000-600_799.parquet,pythia-160m-step100000-600_799.parquet,-51.59401321411133,-55.57817840576172,8,8
irregular_past_participle_verbs,300,Those people hid away.,Those people hidden away.,irregular_past_participle_verbs_good_300,irregular_past_participle_verbs_bad_300,longformer-50_54.parquet,longformer-95_99.parquet,pythia-160m-step100000-0_199.parquet,pythia-160m-step100000-0_199.parquet,-23.215885162353516,-25.551668167114258,5,5
irregular_past_participle_adjectives,294,The hidden sweater is small.,The hid sweater is small.,irregular_past_participle_adjectives_good_294,irregular_past_participle_adjectives_bad_294,longformer-170_174.parquet,longformer-115_119.parquet,pythia-160m-step100000-0_199.parquet,pythia-160m-step100000-0_199.parquet,-35.81056213378906,-38.705169677734375,6,6
left_branch_island_echo_question,331,The Lutherans have examined what stories?,What have the Lutherans examined stories?,left_branch_island_echo_question_good_331,left_branch_island_echo_question_bad_331,longformer-615_619.parquet,longformer-600_604.parquet,pythia-160m-step100000-600_799.parquet,pythia-160m-step100000-400_599.parquet,-50.037567138671875,-49.72342300415039,7,7
principle_A_reconstruction,481,It's herself that Samantha sounds like.,It's herself that sounds like Samantha.,principle_A_reconstruction_good_481,principle_A_reconstruction_bad_481,longformer-525_529.parquet,longformer-535_539.parquet,pythia-160m-step100000-400_599.parquet,pythia-160m-step100000-400_599.parquet,-49.409751892089844,-42.077545166015625,8,8
drop_argument,196,Paul had sold.,Paul had fired.,drop_argument_good_196,drop_argument_bad_196,longformer-0_4.parquet,longformer-5_9.parquet,pythia-160m-step100000-0_199.parquet,pythia-160m-step100000-0_199.parquet,-18.737438201904297,-17.90658950805664,4,4
determiner_noun_agreement_2,101,Candice admired this jacket.,Candice admired these jacket.,determiner_noun_agreement_2_good_101,determiner_noun_agreement_2_bad_101,longformer-180_184.parquet,longformer-190_194.parquet,pythia-160m-step100000-0_199.parquet,pythia-160m-step100000-200_399.parquet,-31.855958938598633,-38.79180908203125,5,5
regular_plural_subject_verb_agreement_2,501,The essays have hurt Florence.,The essay have hurt Florence.,regular_plural_subject_verb_agreement_2_good_501,regular_plural_subject_verb_agreement_2_bad_501,longformer-235_239.parquet,longformer-205_209.parquet,pythia-160m-step100000-200_399.parquet,pythia-160m-step100000-200_399.parquet,-40.6536750793457,-43.94926834106445,6,6
irregular_plural_subject_verb_agreement_2,326,The children reference Erin.,The child reference Erin.,irregular_plural_subject_verb_agreement_2_good_326,irregular_plural_subject_verb_agreement_2_bad_326,longformer-185_189.parquet,longformer-105_109.parquet,pythia-160m-step100000-0_199.parquet,pythia-160m-step100000-0_199.parquet,-34.6729736328125,-36.14548873901367,5,5
only_npi_licensor_present,383,Only those actresses ever approach Brian.,Even those actresses ever approach Brian.,only_npi_licensor_present_good_383,only_npi_licensor_present_bad_383,longformer-615_619.parquet,longformer-600_604.parquet,pythia-160m-step100000-600_799.parquet,pythia-160m-step100000-600_799.parquet,-50.4259033203125,-51.421905517578125,7,7
matrix_question_npi_licensor_present,359,Will those doctors ever go to every restaurant?,Those doctors will ever go to every restaurant.,matrix_question_npi_licensor_present_good_359,matrix_question_npi_licensor_present_bad_359,longformer-790_794.parquet,longformer-775_779.parquet,pythia-160m-step100000-600_799.parquet,pythia-160m-step100000-600_799.parquet,-49.26044464111328,-46.764278411865234,9,9
principle_A_reconstruction,482,It's herself that Leslie described.,It's herself that described Leslie.,principle_A_reconstruction_good_482,principle_A_reconstruction_bad_482,longformer-430_434.parquet,longformer-420_424.parquet,pythia-160m-step100000-400_599.parquet,pythia-160m-step100000-400_599.parquet,-44.591453552246094,-46.3200569152832,7,7
coordinate_structure_constraint_object_extraction,80,What had Caroline and Robert passed?,What has Caroline passed and Robert?,coordinate_structure_constraint_object_extraction_good_80,coordinate_structure_constraint_object_extraction_bad_80,longformer-435_439.parquet,longformer-450_454.parquet,pythia-160m-step100000-400_599.parquet,pythia-160m-step100000-400_599.parquet,-37.410179138183594,-42.342010498046875,7,7
inchoative,279,That glove should crumple.,That glove should admire.,inchoative_good_279,inchoative_bad_279,longformer-125_129.parquet,longformer-100_104.parquet,pythia-160m-step100000-0_199.parquet,pythia-160m-step100000-0_199.parquet,-34.77372741699219,-35.115604400634766,5,5
left_branch_island_echo_question,330,Mitchell had descended whose mountain?,Whose had Mitchell descended mountain?,left_branch_island_echo_question_good_330,left_branch_island_echo_question_bad_330,longformer-490_494.parquet,longformer-510_514.parquet,pythia-160m-step100000-400_599.parquet,pythia-160m-step100000-400_599.parquet,-44.41825866699219,-56.014137268066406,6,6
sentential_negation_npi_licensor_present,516,That guest has not ever disliked Vincent.,That guest has really ever disliked Vincent.,sentential_negation_npi_licensor_present_good_516,sentential_negation_npi_licensor_present_bad_516,longformer-605_609.parquet,longformer-690_694.parquet,pythia-160m-step100000-600_799.parquet,pythia-160m-step100000-600_799.parquet,-49.01665115356445,-54.59041213989258,8,8
determiner_noun_agreement_irregular_2,123,Every drawing disgusts that man.,Every drawing disgusts those man.,determiner_noun_agreement_irregular_2_good_123,determiner_noun_agreement_irregular_2_bad_123,longformer-285_289.parquet,longformer-330_334.parquet,pythia-160m-step100000-200_399.parquet,pythia-160m-step100000-200_399.parquet,-39.37619400024414,-45.428714752197266,6,6
passive_2,417,Richard wasn't talked about.,Richard wasn't grinned.,passive_2_good_417,passive_2_bad_417,longformer-165_169.parquet,longformer-60_64.parquet,pythia-160m-step100000-0_199.parquet,pythia-160m-step100000-0_199.parquet,-19.068714141845703,-22.859786987304688,6,5
coordinate_structure_constraint_object_extraction,87,Who were Karen and Liam hurting?,Who was Karen hurting and Liam?,coordinate_structure_constraint_object_extraction_good_87,coordinate_structure_constraint_object_extraction_bad_87,longformer-310_314.parquet,longformer-270_274.parquet,pythia-160m-step100000-200_399.parquet,pythia-160m-step100000-200_399.parquet,-41.24037170410156,-50.70475769042969,7,7
determiner_noun_agreement_1,92,Phillip shouldn't walk through those hospitals.,Phillip shouldn't walk through those hospital.,determiner_noun_agreement_1_good_92,determiner_noun_agreement_1_bad_92,longformer-775_779.parquet,longformer-755_759.parquet,pythia-160m-step100000-600_799.parquet,pythia-160m-step100000-600_799.parquet,-46.032310485839844,-51.65962219238281,8,8
determiner_noun_agreement_with_adj_irregular_2,150,The Lutherans care for those hopeful men.,The Lutherans care for that hopeful men.,determiner_noun_agreement_with_adj_irregular_2_good_150,determiner_noun_agreement_with_adj_irregular_2_bad_150,longformer-615_619.parquet,longformer-570_574.parquet,pythia-160m-step100000-600_799.parquet,pythia-160m-step100000-400_599.parquet,-51.276893615722656,-53.358280181884766,8,8
anaphor_number_agreement,28,Dancers hated themselves.,Dancers hated himself.,anaphor_number_agreement_good_28,anaphor_number_agreement_bad_28,longformer-105_109.parquet,longformer-50_54.parquet,pythia-160m-step100000-0_199.parquet,pythia-160m-step100000-0_199.parquet,-29.202417373657227,-32.74552536010742,4,4
anaphor_number_agreement,23,April kissed herself.,April kissed themselves.,anaphor_number_agreement_good_23,anaphor_number_agreement_bad_23,longformer-40_44.parquet,longformer-80_84.parquet,pythia-160m-step100000-0_199.parquet,pythia-160m-step100000-0_199.parquet,-23.790987014770508,-25.610652923583984,4,4
only_npi_licensor_present,385,Only Kendra could ever protest.,Even Kendra could ever protest.,only_npi_licensor_present_good_385,only_npi_licensor_present_bad_385,longformer-270_274.parquet,longformer-255_259.parquet,pythia-160m-step100000-200_399.parquet,pythia-160m-step100000-200_399.parquet,-37.600406646728516,-39.280174255371094,6,6
coordinate_structure_constraint_object_extraction,85,Who could Daniel and Gary sell?,Who can Daniel sell and Gary?,coordinate_structure_constraint_object_extraction_good_85,coordinate_structure_constraint_object_extraction_bad_85,longformer-260_264.parquet,longformer-210_214.parquet,pythia-160m-step100000-200_399.parquet,pythia-160m-step100000-200_399.parquet,-39.47268295288086,-50.751033782958984,7,7
left_branch_island_simple_question,344,What hill had Ann dropped by?,What had Ann dropped by hill?,left_branch_island_simple_question_good_344,left_branch_island_simple_question_bad_344,longformer-215_219.parquet,longformer-200_204.parquet,pythia-160m-step100000-0_199.parquet,pythia-160m-step100000-0_199.parquet,-46.799842834472656,-44.570411682128906,7,7
irregular_plural_subject_verb_agreement_2,324,The child washes.,The children washes.,irregular_plural_subject_verb_agreement_2_good_324,irregular_plural_subject_verb_agreement_2_bad_324,longformer-20_24.parquet,longformer-40_44.parquet,pythia-160m-step100000-0_199.parquet,pythia-160m-step100000-0_199.parquet,-23.07320785522461,-26.774497985839844,4,4
causative,50,Mark would move Stephanie.,Mark would donate Stephanie.,causative_good_50,causative_bad_50,longformer-135_139.parquet,longformer-165_169.parquet,pythia-160m-step100000-0_199.parquet,pythia-160m-step100000-0_199.parquet,-31.77876853942871,-36.19674301147461,5,5
animate_subject_trans,46,Bruce saw Samuel.,That box saw Samuel.,animate_subject_trans_good_46,animate_subject_trans_bad_46,longformer-15_19.parquet,longformer-35_39.parquet,pythia-160m-step100000-0_199.parquet,pythia-160m-step100000-0_199.parquet,-32.83650207519531,-34.16127014160156,4,5
sentential_negation_npi_licensor_present,512,Leslie might not ever escape from Tracy.,Leslie might probably ever escape from Tracy.,sentential_negation_npi_licensor_present_good_512,sentential_negation_npi_licensor_present_bad_512,longformer-555_559.parquet,longformer-730_734.parquet,pythia-160m-step100000-400_599.parquet,pythia-160m-step100000-600_799.parquet,-47.24345397949219,-52.95277404785156,8,8
animate_subject_passive,35,Ann wasn't worked with by some teenager.,Ann wasn't worked with by some hypotheses.,animate_subject_passive_good_35,animate_subject_passive_bad_35,longformer-560_564.parquet,longformer-635_639.parquet,pythia-160m-step100000-400_599.parquet,pythia-160m-step100000-600_799.parquet,-50.008399963378906,-51.46754455566406,9,9
irregular_plural_subject_verb_agreement_1,316,A lot of synopses haven't looked to tighten.,A lot of synopses hasn't looked to tighten.,irregular_plural_subject_verb_agreement_1_good_316,irregular_plural_subject_verb_agreement_1_bad_316,longformer-685_689.parquet,longformer-660_664.parquet,pythia-160m-step100000-600_799.parquet,pythia-160m-step100000-600_799.parquet,-56.14060974121094,-60.50722885131836,10,10
anaphor_gender_agreement,18,Scott had questioned himself.,Scott had questioned herself.,anaphor_gender_agreement_good_18,anaphor_gender_agreement_bad_18,longformer-215_219.parquet,longformer-190_194.parquet,pythia-160m-step100000-200_399.parquet,pythia-160m-step100000-0_199.parquet,-22.085182189941406,-23.293418884277344,5,5
irregular_plural_subject_verb_agreement_2,320,The child leaves Brenda.,The children leaves Brenda.,irregular_plural_subject_verb_agreement_2_good_320,irregular_plural_subject_verb_agreement_2_bad_320,longformer-90_94.parquet,longformer-150_154.parquet,pythia-160m-step100000-0_199.parquet,pythia-160m-step100000-0_199.parquet,-31.294893264770508,-36.678993225097656,5,5
determiner_noun_agreement_with_adjective_1,162,Tiffany should attack that ill adult.,Tiffany should attack that ill adults.,determiner_noun_agreement_with_adjective_1_good_162,determiner_noun_agreement_with_adjective_1_bad_162,longformer-475_479.parquet,longformer-510_514.parquet,pythia-160m-step100000-400_599.parquet,pythia-160m-step100000-400_599.parquet,-56.8823356628418,-57.99000930786133,7,7
transitive,585,A face stunned this cashier.,A face fell this cashier.,transitive_good_585,transitive_bad_585,longformer-180_184.parquet,longformer-110_114.parquet,pythia-160m-step100000-0_199.parquet,pythia-160m-step100000-0_199.parquet,-46.50172424316406,-49.6127815246582,6,6
determiner_noun_agreement_with_adjective_1,168,Nina should remember those upset cashiers.,Nina should remember those upset cashier.,determiner_noun_agreement_with_adjective_1_good_168,determiner_noun_agreement_with_adjective_1_bad_168,longformer-635_639.parquet,longformer-630_634.parquet,pythia-160m-step100000-600_799.parquet,pythia-160m-step100000-600_799.parquet,-56.02415084838867,-58.2961540222168,7,7
wh_vs_that_with_gap,654,Senators know who actresses will conceal.,Senators know that actresses will conceal.,wh_vs_that_with_gap_good_654,wh_vs_that_with_gap_bad_654,longformer-605_609.parquet,longformer-650_654.parquet,pythia-160m-step100000-600_799.parquet,pythia-160m-step100000-600_799.parquet,-55.84428405761719,-53.828102111816406,7,7
superlative_quantifiers_2,554,A dancer is curing at most two cashiers.,No dancer is curing at most two cashiers.,superlative_quantifiers_2_good_554,superlative_quantifiers_2_bad_554,longformer-585_589.parquet,longformer-610_614.parquet,pythia-160m-step100000-400_599.parquet,pythia-160m-step100000-600_799.parquet,-62.39458465576172,-67.09215545654297,9,9
determiner_noun_agreement_with_adj_2,135,Forks aggravate that confident guest.,Forks aggravate those confident guest.,determiner_noun_agreement_with_adj_2_good_135,determiner_noun_agreement_with_adj_2_bad_135,longformer-465_469.parquet,longformer-510_514.parquet,pythia-160m-step100000-400_599.parquet,pythia-160m-step100000-400_599.parquet,-52.29282760620117,-54.392127990722656,6,6
tough_vs_raising_2,572,Jill is certain to boast.,Jill is hard to boast.,tough_vs_raising_2_good_572,tough_vs_raising_2_bad_572,longformer-110_114.parquet,longformer-50_54.parquet,pythia-160m-step100000-0_199.parquet,pythia-160m-step100000-0_199.parquet,-37.057498931884766,-37.02230453491211,6,6
adjunct_island,7,Who was Kendra scaring after insulting Tammy?,Who was Kendra scaring Tammy after insulting?,adjunct_island_good_7,adjunct_island_bad_7,longformer-725_729.parquet,longformer-715_719.parquet,pythia-160m-step100000-600_799.parquet,pythia-160m-step100000-600_799.parquet,-64.32398986816406,-76.17948150634766,8,8
irregular_past_participle_verbs,302,A lot of boys broke this truck.,A lot of boys broken this truck.,irregular_past_participle_verbs_good_302,irregular_past_participle_verbs_bad_302,longformer-250_254.parquet,longformer-280_284.parquet,pythia-160m-step100000-200_399.parquet,pythia-160m-step100000-200_399.parquet,-41.10562515258789,-47.31282043457031,8,8
sentential_negation_npi_licensor_present,514,Martin would not ever remember Irene.,Martin would really ever remember Irene.,sentential_negation_npi_licensor_present_good_514,sentential_negation_npi_licensor_present_bad_514,longformer-480_484.parquet,longformer-580_584.parquet,pythia-160m-step100000-400_599.parquet,pythia-160m-step100000-400_599.parquet,-37.48362731933594,-45.35891342163086,7,7
left_branch_island_echo_question,339,Some men were revealing what children?,What were some men revealing children?,left_branch_island_echo_question_good_339,left_branch_island_echo_question_bad_339,longformer-515_519.parquet,longformer-510_514.parquet,pythia-160m-step100000-400_599.parquet,pythia-160m-step100000-400_599.parquet,-41.4834098815918,-41.10511779785156,7,7
drop_argument,197,Eric saw.,Eric references.,drop_argument_good_197,drop_argument_bad_197,longformer-0_4.parquet,longformer-10_14.parquet,pythia-160m-step100000-0_199.parquet,pythia-160m-step100000-0_199.parquet,-14.24254035949707,-16.595569610595703,3,3
drop_argument,195,Winston Churchill's doctor loves.,Winston Churchill's doctor escapes from.,drop_argument_good_195,drop_argument_bad_195,longformer-320_324.parquet,longformer-580_584.parquet,pythia-160m-step100000-200_399.parquet,pythia-160m-step100000-400_599.parquet,-42.34294509887695,-48.33688735961914,6,7
wh_questions_object_gap,609,Larry sees this wheelbarrow that Michael hid.,Larry sees what Michael hid this wheelbarrow.,wh_questions_object_gap_good_609,wh_questions_object_gap_bad_609,longformer-725_729.parquet,longformer-720_724.parquet,pythia-160m-step100000-600_799.parquet,pythia-160m-step100000-600_799.parquet,-61.514427185058594,-64.45211029052734,8,8
npi_present_2,370,Bethany would really vanish.,Bethany would ever vanish.,npi_present_2_good_370,npi_present_2_bad_370,longformer-165_169.parquet,longformer-125_129.parquet,pythia-160m-step100000-0_199.parquet,pythia-160m-step100000-0_199.parquet,-40.65013885498047,-42.92389678955078,5,5
determiner_noun_agreement_1,96,A lot of skateboards stun that cashier.,A lot of skateboards stun that cashiers.,determiner_noun_agreement_1_good_96,determiner_noun_agreement_1_bad_96,longformer-535_539.parquet,longformer-560_564.parquet,pythia-160m-step100000-400_599.parquet,pythia-160m-step100000-400_599.parquet,-57.75333023071289,-60.63890075683594,8,8
determiner_noun_agreement_with_adjective_1,164,These people think about that popular story.,These people think about that popular stories.,determiner_noun_agreement_with_adjective_1_good_164,determiner_noun_agreement_with_adjective_1_bad_164,longformer-695_699.parquet,longformer-745_749.parquet,pythia-160m-step100000-600_799.parquet,pythia-160m-step100000-600_799.parquet,-40.92625045776367,-43.67497634887695,8,8
existential_there_quantifiers_1,233,There is a child firing Leslie.,There is each child firing Leslie.,existential_there_quantifiers_1_good_233,existential_there_quantifiers_1_bad_233,longformer-255_259.parquet,longformer-370_374.parquet,pythia-160m-step100000-200_399.parquet,pythia-160m-step100000-200_399.parquet,-40.869300842285156,-48.78076934814453,7,7
distractor_agreement_relational_noun,170,The painting of the Lutherans does bother Matt.,The painting of the Lutherans do bother Matt.,distractor_agreement_relational_noun_good_170,distractor_agreement_relational_noun_bad_170,longformer-785_789.parquet,longformer-725_729.parquet,pythia-160m-step100000-600_799.parquet,pythia-160m-step100000-600_799.parquet,-57.397422790527344,-60.33180236816406,9,9
determiner_noun_agreement_with_adj_irregular_2,152,That picture hasn't looked like these big men.,That picture hasn't looked like this big men.,determiner_noun_agreement_with_adj_irregular_2_good_152,determiner_noun_agreement_with_adj_irregular_2_bad_152,longformer-740_744.parquet,longformer-730_734.parquet,pythia-160m-step100000-600_799.parquet,pythia-160m-step100000-600_799.parquet,-47.138553619384766,-49.86156463623047,10,10
principle_A_reconstruction,488,It's herself who Heidi complained about.,It's herself who complained about Heidi.,principle_A_reconstruction_good_488,principle_A_reconstruction_bad_488,longformer-555_559.parquet,longformer-590_594.parquet,pythia-160m-step100000-400_599.parquet,pythia-160m-step100000-400_599.parquet,-47.22184371948242,-47.10332489013672,8,8
irregular_past_participle_verbs,306,Gregory hid those bicycles.,Gregory hidden those bicycles.,irregular_past_participle_verbs_good_306,irregular_past_participle_verbs_bad_306,longformer-135_139.parquet,longformer-245_249.parquet,pythia-160m-step100000-0_199.parquet,pythia-160m-step100000-200_399.parquet,-36.31318664550781,-40.43813705444336,5,5
determiner_noun_agreement_irregular_2,124,Tracy thought about that cactus.,Tracy thought about those cactus.,determiner_noun_agreement_irregular_2_good_124,determiner_noun_agreement_irregular_2_bad_124,longformer-295_299.parquet,longformer-360_364.parquet,pythia-160m-step100000-200_399.parquet,pythia-160m-step100000-200_399.parquet,-39.56690979003906,-42.36287307739258,6,6
determiner_noun_agreement_with_adj_2,139,Stephanie lifted those black rugs.,Stephanie lifted that black rugs.,determiner_noun_agreement_with_adj_2_good_139,determiner_noun_agreement_with_adj_2_bad_139,longformer-375_379.parquet,longformer-340_344.parquet,pythia-160m-step100000-200_399.parquet,pythia-160m-step100000-200_399.parquet,-47.142520904541016,-51.4489631652832,6,6
principle_A_case_2,442,Stacey imagines herself helping boys.,Stacey imagines herself helped boys.,principle_A_case_2_good_442,principle_A_case_2_bad_442,longformer-475_479.parquet,longformer-455_459.parquet,pythia-160m-step100000-400_599.parquet,pythia-160m-step100000-400_599.parquet,-44.379398345947266,-48.633888244628906,6,6
animate_subject_trans,47,Gregory can talk about that senator.,That apple can talk about that senator.,animate_subject_trans_good_47,animate_subject_trans_bad_47,longformer-465_469.parquet,longformer-540_544.parquet,pythia-160m-step100000-400_599.parquet,pythia-160m-step100000-400_599.parquet,-36.54888916015625,-47.28162384033203,7,8
regular_plural_subject_verb_agreement_2,500,The dancers fight.,The dancer fight.,regular_plural_subject_verb_agreement_2_good_500,regular_plural_subject_verb_agreement_2_bad_500,longformer-25_29.parquet,longformer-15_19.parquet,pythia-160m-step100000-0_199.parquet,pythia-160m-step100000-0_199.parquet,-23.997215270996094,-26.131155014038086,4,4
intransitive,282,Jodi responds.,Jodi disagrees with.,intransitive_good_282,intransitive_bad_282,longformer-5_9.parquet,longformer-35_39.parquet,pythia-160m-step100000-0_199.parquet,pythia-160m-step100000-0_199.parquet,-20.614124298095703,-26.548511505126953,3,4
wh_questions_subject_gap,618,Margaret hadn't noticed rice that bores Gina.,Margaret hadn't noticed who rice bores Gina.,wh_questions_subject_gap_good_618,wh_questions_subject_gap_bad_618,longformer-715_719.parquet,longformer-685_689.parquet,pythia-160m-step100000-600_799.parquet,pythia-160m-step100000-600_799.parquet,-70.69397735595703,-74.03547668457031,9,9
irregular_plural_subject_verb_agreement_1,311,A lot of women learn who has argued.,A lot of women learns who has argued.,irregular_plural_subject_verb_agreement_1_good_311,irregular_plural_subject_verb_agreement_1_bad_311,longformer-460_464.parquet,longformer-470_474.parquet,pythia-160m-step100000-400_599.parquet,pythia-160m-step100000-400_599.parquet,-47.19536590576172,-52.365360260009766,9,9
irregular_plural_subject_verb_agreement_2,322,The alumni walk through some art gallery.,The alumnus walk through some art gallery.,irregular_plural_subject_verb_agreement_2_good_322,irregular_plural_subject_verb_agreement_2_bad_322,longformer-610_614.parquet,longformer-645_649.parquet,pythia-160m-step100000-600_799.parquet,pythia-160m-step100000-600_799.parquet,-43.90143966674805,-52.85477066040039,8,8
existential_there_quantifiers_2,248,Each chair is there falling.,There is each chair falling.,existential_there_quantifiers_2_good_248,existential_there_quantifiers_2_bad_248,longformer-190_194.parquet,longformer-160_164.parquet,pythia-160m-step100000-0_199.parquet,pythia-160m-step100000-0_199.parquet,-37.75790786743164,-33.76013946533203,6,6
matrix_question_npi_licensor_present,357,Has Lisa ever joked around?,Lisa has ever joked around.,matrix_question_npi_licensor_present_good_357,matrix_question_npi_licensor_present_bad_357,longformer-155_159.parquet,longformer-145_149.parquet,pythia-160m-step100000-0_199.parquet,pythia-160m-step100000-0_199.parquet,-39.58960723876953,-38.576637268066406,6,6
determiner_noun_agreement_with_adj_irregular_1,147,Jesus can hire that smart man.,Jesus can hire that smart men.,determiner_noun_agreement_with_adj_irregular_1_good_147,determiner_noun_agreement_with_adj_irregular_1_bad_147,longformer-240_244.parquet,longformer-220_224.parquet,pythia-160m-step100000-200_399.parquet,pythia-160m-step100000-200_399.parquet,-35.927947998046875,-39.5853157043457,7,7
transitive,586,Judy hadn't cared for Martin.,Judy hadn't screamed Martin.,transitive_good_586,transitive_bad_586,longformer-220_224.parquet,longformer-160_164.parquet,pythia-160m-step100000-200_399.parquet,pythia-160m-step100000-0_199.parquet,-30.16619873046875,-36.537933349609375,7,6
passive_1,404,Monica's niece isn't hired by Lawrence.,Monica's niece isn't argued by Lawrence.,passive_1_good_404,passive_1_bad_404,longformer-550_554.parquet,longformer-560_564.parquet,pythia-160m-step100000-400_599.parquet,pythia-160m-step100000-400_599.parquet,-50.16563415527344,-56.06793975830078,9,9
regular_plural_subject_verb_agreement_1,497,All glasses disgust Clyde.,All glasses disgusts Clyde.,regular_plural_subject_verb_agreement_1_good_497,regular_plural_subject_verb_agreement_1_bad_497,longformer-115_119.parquet,longformer-140_144.parquet,pythia-160m-step100000-0_199.parquet,pythia-160m-step100000-0_199.parquet,-40.68828582763672,-44.333003997802734,5,5
wh_island,592,What wouldn't Elizabeth learn she dislikes?,What wouldn't Elizabeth learn who dislikes?,wh_island_good_592,wh_island_bad_592,longformer-675_679.parquet,longformer-680_684.parquet,pythia-160m-step100000-600_799.parquet,pythia-160m-step100000-600_799.parquet,-49.103919982910156,-50.63465881347656,8,8
inchoative,277,Gerald was standing up.,Gerald was discussing.,inchoative_good_277,inchoative_bad_277,longformer-65_69.parquet,longformer-50_54.parquet,pythia-160m-step100000-0_199.parquet,pythia-160m-step100000-0_199.parquet,-25.74521255493164,-27.1468448638916,5,4
determiner_noun_agreement_with_adjective_1,165,Mushrooms didn't worry that unlucky actress.,Mushrooms didn't worry that unlucky actresses.,determiner_noun_agreement_with_adjective_1_good_165,determiner_noun_agreement_with_adjective_1_bad_165,longformer-700_704.parquet,longformer-735_739.parquet,pythia-160m-step100000-600_799.parquet,pythia-160m-step100000-600_799.parquet,-57.08745574951172,-61.24287033081055,8,8
principle_A_reconstruction,487,It's themselves that some boys escaped from.,It's themselves that escaped from some boys.,principle_A_reconstruction_good_487,principle_A_reconstruction_bad_487,longformer-700_704.parquet,longformer-680_684.parquet,pythia-160m-step100000-600_799.parquet,pythia-160m-step100000-600_799.parquet,-53.75783920288086,-51.457557678222656,9,9
existential_there_quantifiers_1,232,There was a newspaper article existing.,There was every newspaper article existing.,existential_there_quantifiers_1_good_232,existential_there_quantifiers_1_bad_232,longformer-520_524.parquet,longformer-665_669.parquet,pythia-160m-step100000-400_599.parquet,pythia-160m-step100000-600_799.parquet,-34.15079116821289,-37.89707946777344,7,7
intransitive,281,This computer cracked.,This computer looks like.,intransitive_good_281,intransitive_bad_281,longformer-55_59.parquet,longformer-95_99.parquet,pythia-160m-step100000-0_199.parquet,pythia-160m-step100000-0_199.parquet,-22.366958618164062,-23.16834831237793,4,5
principle_A_reconstruction,483,It's herself that Claire thought about.,It's herself that thought about Claire.,principle_A_reconstruction_good_483,principle_A_reconstruction_bad_483,longformer-545_549.parquet,longformer-550_554.parquet,pythia-160m-step100000-400_599.parquet,pythia-160m-step100000-400_599.parquet,-43.80854797363281,-45.70983123779297,8,8
matrix_question_npi_licensor_present,355,Have some doctors ever shouted?,Some doctors have ever shouted.,matrix_question_npi_licensor_present_good_355,matrix_question_npi_licensor_present_bad_355,longformer-275_279.parquet,longformer-275_279.parquet,pythia-160m-step100000-200_399.parquet,pythia-160m-step100000-200_399.parquet,-38.64737319946289,-34.58175277709961,6,6
coordinate_structure_constraint_object_extraction,82,What had that report and a book disagreed with?,What has that report disagreed with and a book?,coordinate_structure_constraint_object_extraction_good_82,coordinate_structure_constraint_object_extraction_bad_82,longformer-770_774.parquet,longformer-770_774.parquet,pythia-160m-step100000-600_799.parquet,pythia-160m-step100000-600_799.parquet,-54.898406982421875,-55.086219787597656,10,10
causative,53,Sandra wouldn't turn some carriage.,Sandra wouldn't rust some carriage.,causative_good_53,causative_bad_53,longformer-400_404.parquet,longformer-430_434.parquet,pythia-160m-step100000-400_599.parquet,pythia-160m-step100000-400_599.parquet,-52.41725540161133,-57.41646957397461,7,7
regular_plural_subject_verb_agreement_1,495,Those guys aren't bothering Amelia.,Those guys isn't bothering Amelia.,regular_plural_subject_verb_agreement_1_good_495,regular_plural_subject_verb_agreement_1_bad_495,longformer-425_429.parquet,longformer-365_369.parquet,pythia-160m-step100000-400_599.parquet,pythia-160m-step100000-200_399.parquet,-38.09617614746094,-42.21223831176758,7,7
anaphor_gender_agreement,10,Lawrence disturbed himself.,Lawrence disturbed itself.,anaphor_gender_agreement_good_10,anaphor_gender_agreement_bad_10,longformer-155_159.parquet,longformer-125_129.parquet,pythia-160m-step100000-0_199.parquet,pythia-160m-step100000-0_199.parquet,-22.059410095214844,-25.18939208984375,4,4
left_branch_island_simple_question,345,Which guest should Veronica heal?,Which should Veronica heal guest?,left_branch_island_simple_question_good_345,left_branch_island_simple_question_bad_345,longformer-340_344.parquet,longformer-350_354.parquet,pythia-160m-step100000-200_399.parquet,pythia-160m-step100000-200_399.parquet,-49.90399169921875,-47.2651252746582,6,6
inchoative,276,Planes have broken.,Planes have admired.,inchoative_good_276,inchoative_bad_276,longformer-35_39.parquet,longformer-35_39.parquet,pythia-160m-step100000-0_199.parquet,pythia-160m-step100000-0_199.parquet,-22.173025131225586,-28.293777465820312,4,4
principle_A_domain_3,478,Tiffany says William will approach himself.,William says Tiffany will approach himself.,principle_A_domain_3_good_478,principle_A_domain_3_bad_478,longformer-675_679.parquet,longformer-670_674.parquet,pythia-160m-step100000-600_799.parquet,pythia-160m-step100000-600_799.parquet,-46.091453552246094,-44.00008010864258,7,7
wh_island,593,What has Andrew forgotten he doesn't ascend?,What has Andrew forgotten what doesn't ascend?,wh_island_good_593,wh_island_bad_593,longformer-685_689.parquet,longformer-745_749.parquet,pythia-160m-step100000-600_799.parquet,pythia-160m-step100000-600_799.parquet,-54.77372360229492,-55.860355377197266,9,9
irregular_past_participle_verbs,304,Donald broke these cups.,Donald broken these cups.,irregular_past_participle_verbs_good_304,irregular_past_participle_verbs_bad_304,longformer-75_79.parquet,longformer-95_99.parquet,pythia-160m-step100000-0_199.parquet,pythia-160m-step100000-0_199.parquet,-33.08930587768555,-34.68499755859375,5,5
passive_1,405,These mothers of David are helped by teachers.,These mothers of David are flirted by teachers.,passive_1_good_405,passive_1_bad_405,longformer-745_749.parquet,longformer-760_764.parquet,pythia-160m-step100000-600_799.parquet,pythia-160m-step100000-600_799.parquet,-49.76947021484375,-60.5225944519043,9,9
animate_subject_passive,36,Carol is described by some senators.,Carol is described by some chicken.,animate_subject_passive_good_36,animate_subject_passive_bad_36,longformer-435_439.parquet,longformer-415_419.parquet,pythia-160m-step100000-400_599.parquet,pythia-160m-step100000-400_599.parquet,-33.550594329833984,-36.68716049194336,7,7
determiner_noun_agreement_with_adj_2,136,Cindy toured that clean movie theater.,Cindy toured those clean movie theater.,determiner_noun_agreement_with_adj_2_good_136,determiner_noun_agreement_with_adj_2_bad_136,longformer-505_509.parquet,longformer-550_554.parquet,pythia-160m-step100000-400_599.parquet,pythia-160m-step100000-400_599.parquet,-53.46998977661133,-60.13190460205078,7,7
determiner_noun_agreement_irregular_1,115,The cats scare this woman.,The cats scare this women.,determiner_noun_agreement_irregular_1_good_115,determiner_noun_agreement_irregular_1_bad_115,longformer-130_134.parquet,longformer-120_124.parquet,pythia-160m-step100000-0_199.parquet,pythia-160m-step100000-0_199.parquet,-37.17821502685547,-40.06793975830078,6,6
inchoative,278,Some drawings of that truck sell.,Some drawings of that truck clean.,inchoative_good_278,inchoative_bad_278,longformer-355_359.parquet,longformer-380_384.parquet,pythia-160m-step100000-200_399.parquet,pythia-160m-step100000-200_399.parquet,-40.49370574951172,-41.17669677734375,7,7
causative,58,These guests evaporate those rivers.,These guests waste away those rivers.,causative_good_58,causative_bad_58,longformer-450_454.parquet,longformer-480_484.parquet,pythia-160m-step100000-400_599.parquet,pythia-160m-step100000-400_599.parquet,-41.818817138671875,-43.63786315917969,6,7
matrix_question_npi_licensor_present,351,Had every couch ever cracked?,Every couch had ever cracked.,matrix_question_npi_licensor_present_good_351,matrix_question_npi_licensor_present_bad_351,longformer-220_224.parquet,longformer-195_199.parquet,pythia-160m-step100000-200_399.parquet,pythia-160m-step100000-200_399.parquet,-41.13277053833008,-37.06623077392578,6,6
determiner_noun_agreement_irregular_1,118,Most drivers discover these people.,Most drivers discover these person.,determiner_noun_agreement_irregular_1_good_118,determiner_noun_agreement_irregular_1_bad_118,longformer-435_439.parquet,longformer-420_424.parquet,pythia-160m-step100000-400_599.parquet,pythia-160m-step100000-400_599.parquet,-32.72978591918945,-37.35783386230469,6,6
determiner_noun_agreement_with_adj_irregular_1,149,Charles has explored that concealed oasis.,Charles has explored that concealed oases.,determiner_noun_agreement_with_adj_irregular_1_good_149,determiner_noun_agreement_with_adj_irregular_1_bad_149,longformer-660_664.parquet,longformer-655_659.parquet,pythia-160m-step100000-600_799.parquet,pythia-160m-step100000-600_799.parquet,-52.95212173461914,-55.48973846435547,7,7
matrix_question_npi_licensor_present,352,Had a lot of boys ever argued?,A lot of boys had ever argued.,matrix_question_npi_licensor_present_good_352,matrix_question_npi_licensor_present_bad_352,longformer-230_234.parquet,longformer-240_244.parquet,pythia-160m-step100000-200_399.parquet,pythia-160m-step100000-200_399.parquet,-40.520660400390625,-41.200439453125,8,8
determiner_noun_agreement_irregular_2,122,Kristin examined that thesis.,Kristin examined those thesis.,determiner_noun_agreement_irregular_2_good_122,determiner_noun_agreement_irregular_2_bad_122,longformer-220_224.parquet,longformer-230_234.parquet,pythia-160m-step100000-200_399.parquet,pythia-160m-step100000-200_399.parquet,-38.63203811645508,-45.42236328125,5,5
animate_subject_trans,41,Naomi bikes to every closet.,A hill bikes to every closet.,animate_subject_trans_good_41,animate_subject_trans_bad_41,longformer-185_189.parquet,longformer-215_219.parquet,pythia-160m-step100000-0_199.parquet,pythia-160m-step100000-200_399.parquet,-46.92811584472656,-46.03727722167969,6,7
npi_present_2,378,Monica had certainly found some glacier to melt.,Monica had ever found some glacier to melt.,npi_present_2_good_378,npi_present_2_bad_378,longformer-805_809.parquet,longformer-665_669.parquet,pythia-160m-step100000-600_799.parquet,pythia-160m-step100000-600_799.parquet,-53.42401123046875,-53.287174224853516,9,9
tough_vs_raising_1,561,Dawn is fun to reference.,Dawn is apt to reference.,tough_vs_raising_1_good_561,tough_vs_raising_1_bad_561,longformer-100_104.parquet,longformer-115_119.parquet,pythia-160m-step100000-0_199.parquet,pythia-160m-step100000-0_199.parquet,-33.81772232055664,-36.77073287963867,6,6
irregular_past_participle_verbs,305,Adults broke this computer.,Adults broken this computer.,irregular_past_participle_verbs_good_305,irregular_past_participle_verbs_bad_305,longformer-145_149.parquet,longformer-160_164.parquet,pythia-160m-step100000-0_199.parquet,pythia-160m-step100000-0_199.parquet,-36.693603515625,-40.494781494140625,5,5
determiner_noun_agreement_irregular_2,127,Beverly was working with this person.,Beverly was working with these person.,determiner_noun_agreement_irregular_2_good_127,determiner_noun_agreement_irregular_2_bad_127,longformer-480_484.parquet,longformer-485_489.parquet,pythia-160m-step100000-400_599.parquet,pythia-160m-step100000-400_599.parquet,-39.152523040771484,-44.88288116455078,7,7
passive_2,415,Nephews of Amelia weren't hurt.,Nephews of Amelia weren't communicated.,passive_2_good_415,passive_2_bad_415,longformer-275_279.parquet,longformer-530_534.parquet,pythia-160m-step100000-200_399.parquet,pythia-160m-step100000-400_599.parquet,-53.2069091796875,-59.67759323120117,7,7
anaphor_number_agreement,27,Kristen shouldn't heal herself.,Kristen shouldn't heal themselves.,anaphor_number_agreement_good_27,anaphor_number_agreement_bad_27,longformer-245_249.parquet,longformer-370_374.parquet,pythia-160m-step100000-200_399.parquet,pythia-160m-step100000-200_399.parquet,-40.422119140625,-42.06842803955078,6,6
existential_there_subject_raising,251,There isn't bound to be steak blackening.,There isn't pleased to be steak blackening.,existential_there_subject_raising_good_251,existential_there_subject_raising_bad_251,longformer-625_629.parquet,longformer-665_669.parquet,pythia-160m-step100000-600_799.parquet,pythia-160m-step100000-600_799.parquet,-49.25760269165039,-55.6837043762207,9,9
tough_vs_raising_1,560,Laura isn't interesting to cure.,Laura isn't soon to cure.,tough_vs_raising_1_good_560,tough_vs_raising_1_bad_560,longformer-290_294.parquet,longformer-105_109.parquet,pythia-160m-step100000-200_399.parquet,pythia-160m-step100000-0_199.parquet,-46.30754470825195,-44.98044967651367,7,7
intransitive,283,This customer's senators weren't worrying.,This customer's senators weren't curing.,intransitive_good_283,intransitive_bad_283,longformer-640_644.parquet,longformer-565_569.parquet,pythia-160m-step100000-600_799.parquet,pythia-160m-step100000-400_599.parquet,-44.90096664428711,-48.92713165283203,8,8
determiner_noun_agreement_with_adj_irregular_2,154,Gary isn't breaking that white tooth.,Gary isn't breaking those white tooth.,determiner_noun_agreement_with_adj_irregular_2_good_154,determiner_noun_agreement_with_adj_irregular_2_bad_154,longformer-485_489.parquet,longformer-510_514.parquet,pythia-160m-step100000-400_599.parquet,pythia-160m-step100000-400_599.parquet,-43.179012298583984,-48.788211822509766,8,8
determiner_noun_agreement_with_adj_irregular_2,151,Some adults visit this ill man.,Some adults visit these ill man.,determiner_noun_agreement_with_adj_irregular_2_good_151,determiner_noun_agreement_with_adj_irregular_2_bad_151,longformer-265_269.parquet,longformer-290_294.parquet,pythia-160m-step100000-200_399.parquet,pythia-160m-step100000-200_399.parquet,-46.41157531738281,-51.88081741333008,7,7
tough_vs_raising_2,574,All schools aren't soon to collaborate.,All schools aren't boring to collaborate.,tough_vs_raising_2_good_574,tough_vs_raising_2_bad_574,longformer-525_529.parquet,longformer-610_614.parquet,pythia-160m-step100000-400_599.parquet,pythia-160m-step100000-600_799.parquet,-46.44782638549805,-47.21158218383789,8,8
regular_plural_subject_verb_agreement_2,502,The customers buy this art gallery.,The customer buy this art gallery.,regular_plural_subject_verb_agreement_2_good_502,regular_plural_subject_verb_agreement_2_bad_502,longformer-405_409.parquet,longformer-365_369.parquet,pythia-160m-step100000-400_599.parquet,pythia-160m-step100000-200_399.parquet,-38.746925354003906,-39.1728401184082,7,7
only_npi_licensor_present,389,Only the waiters ever retaliated.,Even the waiters ever retaliated.,only_npi_licensor_present_good_389,only_npi_licensor_present_bad_389,longformer-350_354.parquet,longformer-355_359.parquet,pythia-160m-step100000-200_399.parquet,pythia-160m-step100000-200_399.parquet,-38.39814758300781,-39.22950744628906,6,6
irregular_past_participle_verbs,301,A lot of teenagers spoke up.,A lot of teenagers spoken up.,irregular_past_participle_verbs_good_301,irregular_past_participle_verbs_bad_301,longformer-185_189.parquet,longformer-190_194.parquet,pythia-160m-step100000-0_199.parquet,pythia-160m-step100000-0_199.parquet,-29.993633270263672,-33.586631774902344,7,7
existential_there_quantifiers_2,247,Most guys are there learning who exists.,There are most guys learning who exists.,existential_there_quantifiers_2_good_247,existential_there_quantifiers_2_bad_247,longformer-570_574.parquet,longformer-570_574.parquet,pythia-160m-step100000-400_599.parquet,pythia-160m-step100000-400_599.parquet,-45.66159439086914,-44.312679290771484,8,8
existential_there_quantifiers_1,236,There isn't a bike impressing Renee.,There isn't every bike impressing Renee.,existential_there_quantifiers_1_good_236,existential_there_quantifiers_1_bad_236,longformer-445_449.parquet,longformer-575_579.parquet,pythia-160m-step100000-400_599.parquet,pythia-160m-step100000-400_599.parquet,-50.76620101928711,-55.88238525390625,8,8
principle_A_case_1,435,Tara will think that she could love Homer.,Tara will think that herself could love Homer.,principle_A_case_1_good_435,principle_A_case_1_bad_435,longformer-635_639.parquet,longformer-730_734.parquet,pythia-160m-step100000-600_799.parquet,pythia-160m-step100000-600_799.parquet,-50.779258728027344,-57.921875,9,9
existential_there_quantifiers_2,249,Most pictures are there falling.,There are most pictures falling.,existential_there_quantifiers_2_good_249,existential_there_quantifiers_2_bad_249,longformer-285_289.parquet,longformer-310_314.parquet,pythia-160m-step100000-200_399.parquet,pythia-160m-step100000-200_399.parquet,-34.83256149291992,-34.05540084838867,6,6
transitive,581,Most doctors thought about Joseph.,Most doctors grin Joseph.,transitive_good_581,transitive_bad_581,longformer-390_394.parquet,longformer-115_119.parquet,pythia-160m-step100000-200_399.parquet,pythia-160m-step100000-0_199.parquet,-34.738590240478516,-40.57487106323242,6,5
determiner_noun_agreement_1,95,The associations worked with that actor.,The associations worked with that actors.,determiner_noun_agreement_1_good_95,determiner_noun_agreement_1_bad_95,longformer-570_574.parquet,longformer-625_629.parquet,pythia-160m-step100000-400_599.parquet,pythia-160m-step100000-600_799.parquet,-42.5010871887207,-44.52263641357422,7,7
regular_plural_subject_verb_agreement_1,499,Many teenagers forget that boy.,Many teenagers forgets that boy.,regular_plural_subject_verb_agreement_1_good_499,regular_plural_subject_verb_agreement_1_bad_499,longformer-250_254.parquet,longformer-300_304.parquet,pythia-160m-step100000-200_399.parquet,pythia-160m-step100000-200_399.parquet,-32.781089782714844,-39.881256103515625,6,6
anaphor_number_agreement,29,Rose doesn't reveal herself.,Rose doesn't reveal themselves.,anaphor_number_agreement_good_29,anaphor_number_agreement_bad_29,longformer-180_184.parquet,longformer-280_284.parquet,pythia-160m-step100000-0_199.parquet,pythia-160m-step100000-200_399.parquet,-26.441354751586914,-28.566608428955078,6,6
tough_vs_raising_2,570,Some waiters weren't sure to disagree.,Some waiters weren't boring to disagree.,tough_vs_raising_2_good_570,tough_vs_raising_2_bad_570,longformer-505_509.parquet,longformer-565_569.parquet,pythia-160m-step100000-400_599.parquet,pythia-160m-step100000-400_599.parquet,-44.91471481323242,-51.37057876586914,8,8
determiner_noun_agreement_with_adj_irregular_2,156,Julie can boycott those cheap oases.,Julie can boycott that cheap oases.,determiner_noun_agreement_with_adj_irregular_2_good_156,determiner_noun_agreement_with_adj_irregular_2_bad_156,longformer-455_459.parquet,longformer-405_409.parquet,pythia-160m-step100000-400_599.parquet,pythia-160m-step100000-400_599.parquet,-52.94519805908203,-54.911231994628906,7,7
irregular_past_participle_verbs,308,Joel came here.,Joel come here.,irregular_past_participle_verbs_good_308,irregular_past_participle_verbs_bad_308,longformer-5_9.parquet,longformer-5_9.parquet,pythia-160m-step100000-0_199.parquet,pythia-160m-step100000-0_199.parquet,-19.383949279785156,-22.020832061767578,4,4
existential_there_quantifiers_2,244,Every screen is there alarming all governments.,There is every screen alarming all governments.,existential_there_quantifiers_2_good_244,existential_there_quantifiers_2_bad_244,longformer-790_794.parquet,longformer-780_784.parquet,pythia-160m-step100000-600_799.parquet,pythia-160m-step100000-600_799.parquet,-54.009742736816406,-53.52745056152344,8,8
anaphor_number_agreement,20,Some government stuns itself.,Some government stuns themselves.,anaphor_number_agreement_good_20,anaphor_number_agreement_bad_20,longformer-200_204.parquet,longformer-325_329.parquet,pythia-160m-step100000-200_399.parquet,pythia-160m-step100000-200_399.parquet,-31.811498641967773,-32.77955627441406,5,5
left_branch_island_echo_question,334,A skateboard had upset which pedestrians?,Which had a skateboard upset pedestrians?,left_branch_island_echo_question_good_334,left_branch_island_echo_question_bad_334,longformer-605_609.parquet,longformer-630_634.parquet,pythia-160m-step100000-600_799.parquet,pythia-160m-step100000-600_799.parquet,-58.37266159057617,-52.616188049316406,7,7
transitive,589,Laurie was fleeing from most lakes.,Laurie was blinking most lakes.,transitive_good_589,transitive_bad_589,longformer-395_399.parquet,longformer-250_254.parquet,pythia-160m-step100000-400_599.parquet,pythia-160m-step100000-200_399.parquet,-48.68852233886719,-51.75213623046875,7,6
left_branch_island_echo_question,338,Susan is concealing which child?,Which is Susan concealing child?,left_branch_island_echo_question_good_338,left_branch_island_echo_question_bad_338,longformer-280_284.parquet,longformer-300_304.parquet,pythia-160m-step100000-200_399.parquet,pythia-160m-step100000-200_399.parquet,-41.94255447387695,-43.89112091064453,6,6
left_branch_island_simple_question,343,Whose eyes has Theodore sold?,Whose has Theodore sold eyes?,left_branch_island_simple_question_good_343,left_branch_island_simple_question_bad_343,longformer-195_199.parquet,longformer-200_204.parquet,pythia-160m-step100000-200_399.parquet,pythia-160m-step100000-200_399.parquet,-42.06435012817383,-48.25157928466797,6,6
existential_there_quantifiers_2,240,Each face was there boring Natalie.,There was each face boring Natalie.,existential_there_quantifiers_2_good_240,existential_there_quantifiers_2_bad_240,longformer-425_429.parquet,longformer-430_434.parquet,pythia-160m-step100000-400_599.parquet,pythia-160m-step100000-200_399.parquet,-53.25334930419922,-49.24704360961914,7,7
principle_A_reconstruction,486,It's himself who Brett is criticizing.,It's himself who is criticizing Brett.,principle_A_reconstruction_good_486,principle_A_reconstruction_bad_486,longformer-485_489.parquet,longformer-490_494.parquet,pythia-160m-step100000-400_599.parquet,pythia-160m-step100000-400_599.parquet,-45.50955581665039,-40.45551300048828,8,8
principle_A_domain_1,452,Debra hadn't said that Adam remembered her.,Debra hadn't said that Adam remembered herself.,principle_A_domain_1_good_452,principle_A_domain_1_bad_452,longformer-665_669.parquet,longformer-770_774.parquet,pythia-160m-step100000-600_799.parquet,pythia-160m-step100000-600_799.parquet,-46.611473083496094,-52.31772232055664,9,9
