split,pair_id,good_sentence,bad_sentence,good_doc_id,bad_doc_id,good_input_file,bad_input_file,good_output_file,bad_output_file,good_seq_logprob,bad_seq_logprob,good_num_tokens,bad_num_tokens
regular_plural_subject_verb_agreement_1,493,Many documentaries were stunning Maria.,Many documentaries was stunning Maria.,regular_plural_subject_verb_agreement_1_good_493,regular_plural_subject_verb_agreement_1_bad_493,longformer-515_519.parquet,longformer-515_519.parquet,pythia-160m-step70000-400_599.parquet,pythia-160m-step70000-400_599.parquet,-47.01097869873047,-48.951499938964844,6,6
coordinate_structure_constraint_complex_left_branch,75,Whose libraries can Paula clean and Diane mess up?,Whose can Paula clean libraries and Diane mess up?,coordinate_structure_constraint_complex_left_branch_good_75,coordinate_structure_constraint_complex_left_branch_bad_75,longformer-865_869.parquet,longformer-865_869.parquet,pythia-160m-step70000-800_999.parquet,pythia-160m-step70000-800_999.parquet,-71.26170349121094,-78.08405303955078,10,10
existential_there_quantifiers_1,234,There were many computers dropping.,There were all computers dropping.,existential_there_quantifiers_1_good_234,existential_there_quantifiers_1_bad_234,longformer-400_404.parquet,longformer-385_389.parquet,pythia-160m-step70000-400_599.parquet,pythia-160m-step70000-200_399.parquet,-33.28343200683594,-35.217586517333984,6,6
sentential_negation_npi_licensor_present,515,All shoes had not ever flattened.,All shoes had really ever flattened.,sentential_negation_npi_licensor_present_good_515,sentential_negation_npi_licensor_present_bad_515,longformer-345_349.parquet,longformer-465_469.parquet,pythia-160m-step70000-200_399.parquet,pythia-160m-step70000-400_599.parquet,-43.989776611328125,-48.95357131958008,7,7
irregular_plural_subject_verb_agreement_1,312,Those oxen aren't boring Cheryl.,Those oxen wasn't boring Cheryl.,irregular_plural_subject_verb_agreement_1_good_312,irregular_plural_subject_verb_agreement_1_bad_312,longformer-290_294.parquet,longformer-280_284.parquet,pythia-160m-step70000-200_399.parquet,pythia-160m-step70000-200_399.parquet,-47.23734664916992,-50.37403869628906,7,7
animate_subject_passive,34,Wayne wasn't hidden by some drivers.,Wayne wasn't hidden by some sheep.,animate_subject_passive_good_34,animate_subject_passive_bad_34,longformer-460_464.parquet,longformer-360_364.parquet,pythia-160m-step70000-400_599.parquet,pythia-160m-step70000-200_399.parquet,-46.50566101074219,-44.97772979736328,8,8
anaphor_number_agreement,25,All drivers would praise themselves.,All drivers would praise herself.,anaphor_number_agreement_good_25,anaphor_number_agreement_bad_25,longformer-445_449.parquet,longformer-340_344.parquet,pythia-160m-step70000-400_599.parquet,pythia-160m-step70000-200_399.parquet,-35.9531135559082,-40.111717224121094,6,6
drop_argument,193,Tanya runs around.,Tanya lifted.,drop_argument_good_193,drop_argument_bad_193,longformer-25_29.parquet,longformer-0_4.parquet,pythia-160m-step70000-0_199.parquet,pythia-160m-step70000-0_199.parquet,-28.758197784423828,-24.918834686279297,4,3
irregular_plural_subject_verb_agreement_2,321,The men weren't bringing the hospitals.,The man weren't bringing the hospitals.,irregular_plural_subject_verb_agreement_2_good_321,irregular_plural_subject_verb_agreement_2_bad_321,longformer-540_544.parquet,longformer-545_549.parquet,pythia-160m-step70000-400_599.parquet,pythia-160m-step70000-400_599.parquet,-37.967899322509766,-43.350223541259766,8,8
irregular_plural_subject_verb_agreement_1,317,The fungus bores Bethany.,The fungus bore Bethany.,irregular_plural_subject_verb_agreement_1_good_317,irregular_plural_subject_verb_agreement_1_bad_317,longformer-110_114.parquet,longformer-85_89.parquet,pythia-160m-step70000-0_199.parquet,pythia-160m-step70000-0_199.parquet,-40.72151184082031,-40.43644714355469,5,5
determiner_noun_agreement_1,93,Some waiters have known those guests.,Some waiters have known those guest.,determiner_noun_agreement_1_good_93,determiner_noun_agreement_1_bad_93,longformer-475_479.parquet,longformer-460_464.parquet,pythia-160m-step70000-400_599.parquet,pythia-160m-step70000-400_599.parquet,-45.20817565917969,-48.681541442871094,7,7
superlative_quantifiers_1,542,No plane did impress more than nine schools.,No plane did impress at least nine schools.,superlative_quantifiers_1_good_542,superlative_quantifiers_1_bad_542,longformer-685_689.parquet,longformer-660_664.parquet,pythia-160m-step70000-600_799.parquet,pythia-160m-step70000-600_799.parquet,-51.62633514404297,-51.259578704833984,9,9
tough_vs_raising_2,575,Janet was unlikely to leave this lake.,Janet was irritating to leave this lake.,tough_vs_raising_2_good_575,tough_vs_raising_2_bad_575,longformer-495_499.parquet,longformer-595_599.parquet,pythia-160m-step70000-400_599.parquet,pythia-160m-step70000-400_599.parquet,-39.00010299682617,-48.114009857177734,8,8
coordinate_structure_constraint_complex_left_branch,76,Which banks was James boycotting and Jill appreciating?,Which was James boycotting banks and Jill appreciating?,coordinate_structure_constraint_complex_left_branch_good_76,coordinate_structure_constraint_complex_left_branch_bad_76,longformer-980_984.parquet,longformer-985_989.parquet,pythia-160m-step70000-800_999.parquet,pythia-160m-step70000-800_999.parquet,-87.60562133789062,-79.42352294921875,9,9
inchoative,275,Some light has dimmed.,Some light has lifted.,inchoative_good_275,inchoative_bad_275,longformer-55_59.parquet,longformer-55_59.parquet,pythia-160m-step70000-0_199.parquet,pythia-160m-step70000-0_199.parquet,-25.412967681884766,-25.627042770385742,5,5
regular_plural_subject_verb_agreement_2,503,The bird worries Sharon.,The birds worries Sharon.,regular_plural_subject_verb_agreement_2_good_503,regular_plural_subject_verb_agreement_2_bad_503,longformer-90_94.parquet,longformer-110_114.parquet,pythia-160m-step70000-0_199.parquet,pythia-160m-step70000-0_199.parquet,-36.95404815673828,-40.6624870300293,5,5
determiner_noun_agreement_1,91,Thomas can boycott these committees.,Thomas can boycott these committee.,determiner_noun_agreement_1_good_91,determiner_noun_agreement_1_bad_91,longformer-460_464.parquet,longformer-400_404.parquet,pythia-160m-step70000-400_599.parquet,pythia-160m-step70000-400_599.parquet,-36.19532775878906,-40.776641845703125,6,6
irregular_past_participle_adjectives,291,The hidden cars are important.,The hid cars are important.,irregular_past_participle_adjectives_good_291,irregular_past_participle_adjectives_bad_291,longformer-235_239.parquet,longformer-135_139.parquet,pythia-160m-step70000-200_399.parquet,pythia-160m-step70000-0_199.parquet,-30.345365524291992,-34.74911880493164,6,6
principle_A_case_1,439,Kayla thinks that she might drive to this mountain.,Kayla thinks that herself might drive to this mountain.,principle_A_case_1_good_439,principle_A_case_1_bad_439,longformer-890_894.parquet,longformer-990_994.parquet,pythia-160m-step70000-800_999.parquet,pythia-160m-step70000-800_999.parquet,-50.23887252807617,-58.73475646972656,10,10
npi_present_2,379,The Lutherans also salute.,The Lutherans ever salute.,npi_present_2_good_379,npi_present_2_bad_379,longformer-120_124.parquet,longformer-130_134.parquet,pythia-160m-step70000-0_199.parquet,pythia-160m-step70000-0_199.parquet,-34.312225341796875,-36.78352737426758,5,5
wh_questions_subject_gap,612,Every teacher forgot a child that hid most cups.,Every teacher forgot what a child hid most cups.,wh_questions_subject_gap_good_612,wh_questions_subject_gap_bad_612,longformer-795_799.parquet,longformer-815_819.parquet,pythia-160m-step70000-600_799.parquet,pythia-160m-step70000-800_999.parquet,-67.994873046875,-67.65641021728516,10,10
determiner_noun_agreement_1,98,Benjamin isn't praising these cashiers.,Benjamin isn't praising these cashier.,determiner_noun_agreement_1_good_98,determiner_noun_agreement_1_bad_98,longformer-520_524.parquet,longformer-515_519.parquet,pythia-160m-step70000-400_599.parquet,pythia-160m-step70000-400_599.parquet,-41.626564025878906,-46.40324401855469,7,7
npi_present_2,375,Natalie has really forgotten about who has read.,Natalie has ever forgotten about who has read.,npi_present_2_good_375,npi_present_2_bad_375,longformer-805_809.parquet,longformer-750_754.parquet,pythia-160m-step70000-800_999.parquet,pythia-160m-step70000-600_799.parquet,-54.32771301269531,-57.37847900390625,9,9
irregular_past_participle_adjectives,293,The broken carriages were bad.,The broke carriages were bad.,irregular_past_participle_adjectives_good_293,irregular_past_participle_adjectives_bad_293,longformer-240_244.parquet,longformer-195_199.parquet,pythia-160m-step70000-200_399.parquet,pythia-160m-step70000-200_399.parquet,-35.8621826171875,-39.880977630615234,6,6
coordinate_structure_constraint_object_extraction,86,Who could Derek and Nina observe?,Who can Derek observe and Nina?,coordinate_structure_constraint_object_extraction_good_86,coordinate_structure_constraint_object_extraction_bad_86,longformer-325_329.parquet,longformer-255_259.parquet,pythia-160m-step70000-200_399.parquet,pythia-160m-step70000-200_399.parquet,-42.95415496826172,-56.39324188232422,7,7
irregular_plural_subject_verb_agreement_2,328,The feet aren't falling.,The foot aren't falling.,irregular_plural_subject_verb_agreement_2_good_328,irregular_plural_subject_verb_agreement_2_bad_328,longformer-75_79.parquet,longformer-85_89.parquet,pythia-160m-step70000-0_199.parquet,pythia-160m-step70000-0_199.parquet,-26.673507690429688,-31.65153694152832,6,6
anaphor_gender_agreement,12,Martin admires himself.,Martin admires herself.,anaphor_gender_agreement_good_12,anaphor_gender_agreement_bad_12,longformer-60_64.parquet,longformer-60_64.parquet,pythia-160m-step70000-0_199.parquet,pythia-160m-step70000-0_199.parquet,-22.39358901977539,-25.45811653137207,4,4
determiner_noun_agreement_irregular_2,126,Most teachers escape from these men.,Most teachers escape from this men.,determiner_noun_agreement_irregular_2_good_126,determiner_noun_agreement_irregular_2_bad_126,longformer-445_449.parquet,longformer-410_414.parquet,pythia-160m-step70000-400_599.parquet,pythia-160m-step70000-400_599.parquet,-37.94489288330078,-41.70159912109375,7,7
determiner_noun_agreement_with_adjective_1,163,Some adults care for this serious guy.,Some adults care for this serious guys.,determiner_noun_agreement_with_adjective_1_good_163,determiner_noun_agreement_with_adjective_1_bad_163,longformer-490_494.parquet,longformer-530_534.parquet,pythia-160m-step70000-400_599.parquet,pythia-160m-step70000-400_599.parquet,-39.50896453857422,-44.51945495605469,8,8
irregular_plural_subject_verb_agreement_1,310,Some oasis alarms Brett.,Some oasis alarm Brett.,irregular_plural_subject_verb_agreement_1_good_310,irregular_plural_subject_verb_agreement_1_bad_310,longformer-85_89.parquet,longformer-70_74.parquet,pythia-160m-step70000-0_199.parquet,pythia-160m-step70000-0_199.parquet,-43.512718200683594,-43.851348876953125,5,5
principle_A_domain_2,461,Many teenagers explain Valerie reveals herself.,Many teenagers explain Valerie reveals themselves.,principle_A_domain_2_good_461,principle_A_domain_2_bad_461,longformer-785_789.parquet,longformer-880_884.parquet,pythia-160m-step70000-600_799.parquet,pythia-160m-step70000-800_999.parquet,-55.57676696777344,-58.90009307861328,7,7
tough_vs_raising_1,563,Kenneth wasn't fun to cure.,Kenneth wasn't likely to cure.,tough_vs_raising_1_good_563,tough_vs_raising_1_bad_563,longformer-145_149.parquet,longformer-245_249.parquet,pythia-160m-step70000-0_199.parquet,pythia-160m-step70000-200_399.parquet,-37.24992370605469,-34.31524658203125,7,7
determiner_noun_agreement_irregular_1,119,Carrie had aggravated those alumni.,Carrie had aggravated those alumnus.,determiner_noun_agreement_irregular_1_good_119,determiner_noun_agreement_irregular_1_bad_119,longformer-430_434.parquet,longformer-440_444.parquet,pythia-160m-step70000-400_599.parquet,pythia-160m-step70000-400_599.parquet,-49.474708557128906,-52.6010856628418,6,6
superlative_quantifiers_1,549,No senator drops by more than four grocery stores.,No senator drops by at least four grocery stores.,superlative_quantifiers_1_good_549,superlative_quantifiers_1_bad_549,longformer-850_854.parquet,longformer-825_829.parquet,pythia-160m-step70000-800_999.parquet,pythia-160m-step70000-800_999.parquet,-52.87859344482422,-50.87471008300781,10,10
only_npi_licensor_present,380,Only Carol ever argued about Brad.,Even Carol ever argued about Brad.,only_npi_licensor_present_good_380,only_npi_licensor_present_bad_380,longformer-375_379.parquet,longformer-385_389.parquet,pythia-160m-step70000-200_399.parquet,pythia-160m-step70000-200_399.parquet,-49.16693115234375,-52.163978576660156,7,7
distractor_agreement_relative_clause,181,All teachers that helped Jason disturb Regina.,All teachers that helped Jason disturbs Regina.,distractor_agreement_relative_clause_good_181,distractor_agreement_relative_clause_bad_181,longformer-755_759.parquet,longformer-775_779.parquet,pythia-160m-step70000-600_799.parquet,pythia-160m-step70000-600_799.parquet,-60.62857437133789,-62.850257873535156,8,8
distractor_agreement_relational_noun,172,The print of many doctors hasn't upset Wendy.,The print of many doctors haven't upset Wendy.,distractor_agreement_relational_noun_good_172,distractor_agreement_relational_noun_bad_172,longformer-705_709.parquet,longformer-740_744.parquet,pythia-160m-step70000-600_799.parquet,pythia-160m-step70000-600_799.parquet,-62.406646728515625,-64.64339447021484,10,10
existential_there_object_raising,227,An adult is declaring there to be a rug vanishing.,An adult is badgering there to be a rug vanishing.,existential_there_object_raising_good_227,existential_there_object_raising_bad_227,longformer-870_874.parquet,longformer-855_859.parquet,pythia-160m-step70000-800_999.parquet,pythia-160m-step70000-800_999.parquet,-65.85279083251953,-72.9322509765625,11,11
drop_argument,194,William wasn't helping.,William wasn't boasting about.,drop_argument_good_194,drop_argument_bad_194,longformer-70_74.parquet,longformer-245_249.parquet,pythia-160m-step70000-0_199.parquet,pythia-160m-step70000-200_399.parquet,-17.97736167907715,-27.296924591064453,5,6
principle_A_domain_1,459,Lucille imagined that rice was impressing her.,Lucille imagined that rice was impressing herself.,principle_A_domain_1_good_459,principle_A_domain_1_bad_459,longformer-760_764.parquet,longformer-870_874.parquet,pythia-160m-step70000-600_799.parquet,pythia-160m-step70000-800_999.parquet,-48.029273986816406,-53.47512435913086,8,8
principle_A_domain_3,477,Kathleen imagines Benjamin shouldn't admire himself.,Benjamin imagines Kathleen shouldn't admire himself.,principle_A_domain_3_good_477,principle_A_domain_3_bad_477,longformer-905_909.parquet,longformer-905_909.parquet,pythia-160m-step70000-800_999.parquet,pythia-160m-step70000-800_999.parquet,-65.5066909790039,-62.514930725097656,8,8
principle_A_c_command,421,Many essays that bore Michelle scared themselves.,Many essays that bore Michelle scared herself.,principle_A_c_command_good_421,principle_A_c_command_bad_421,longformer-840_844.parquet,longformer-750_754.parquet,pythia-160m-step70000-800_999.parquet,pythia-160m-step70000-600_799.parquet,-59.47003173828125,-55.81657409667969,8,8
npi_present_2,374,Catherine has also refused to swallow.,Catherine has ever refused to swallow.,npi_present_2_good_374,npi_present_2_bad_374,longformer-505_509.parquet,longformer-495_499.parquet,pythia-160m-step70000-400_599.parquet,pythia-160m-step70000-400_599.parquet,-42.05665969848633,-43.955326080322266,7,7
wh_vs_that_with_gap,658,Derek is figuring out what an alumnus walks through.,Derek is figuring out that an alumnus walks through.,wh_vs_that_with_gap_good_658,wh_vs_that_with_gap_bad_658,longformer-915_919.parquet,longformer-920_924.parquet,pythia-160m-step70000-800_999.parquet,pythia-160m-step70000-800_999.parquet,-60.9097785949707,-63.14866638183594,10,10
npi_present_1,364,Even David had often talked.,Even David had ever talked.,npi_present_1_good_364,npi_present_1_bad_364,longformer-175_179.parquet,longformer-150_154.parquet,pythia-160m-step70000-0_199.parquet,pythia-160m-step70000-0_199.parquet,-33.970008850097656,-34.58635711669922,6,6
causative,52,Carl has turned that carriage.,Carl has vanished that carriage.,causative_good_52,causative_bad_52,longformer-230_234.parquet,longformer-305_309.parquet,pythia-160m-step70000-200_399.parquet,pythia-160m-step70000-200_399.parquet,-34.15552520751953,-38.309661865234375,6,6
wh_vs_that_with_gap,659,Alexander wasn't revealing what girls hadn't worn.,Alexander wasn't revealing that girls hadn't worn.,wh_vs_that_with_gap_good_659,wh_vs_that_with_gap_bad_659,longformer-880_884.parquet,longformer-875_879.parquet,pythia-160m-step70000-800_999.parquet,pythia-160m-step70000-800_999.parquet,-48.7492561340332,-53.45365524291992,10,10
determiner_noun_agreement_with_adjective_1,161,The rug had irritated those small banks.,The rug had irritated those small bank.,determiner_noun_agreement_with_adjective_1_good_161,determiner_noun_agreement_with_adjective_1_bad_161,longformer-565_569.parquet,longformer-520_524.parquet,pythia-160m-step70000-400_599.parquet,pythia-160m-step70000-400_599.parquet,-55.91568374633789,-59.53091049194336,8,8
principle_A_c_command,422,The senators that had hugged Deanna cured themselves.,The senators that had hugged Deanna cured herself.,principle_A_c_command_good_422,principle_A_c_command_bad_422,longformer-925_929.parquet,longformer-860_864.parquet,pythia-160m-step70000-800_999.parquet,pythia-160m-step70000-800_999.parquet,-63.298465728759766,-64.2580795288086,9,9
animate_subject_trans,40,Every man had cured all teachers.,This skateboard had cured all teachers.,animate_subject_trans_good_40,animate_subject_trans_bad_40,longformer-345_349.parquet,longformer-550_554.parquet,pythia-160m-step70000-200_399.parquet,pythia-160m-step70000-400_599.parquet,-44.036216735839844,-48.67881774902344,7,7
passive_2,419,Renee's employees are referenced.,Renee's employees are profited.,passive_2_good_419,passive_2_bad_419,longformer-360_364.parquet,longformer-260_264.parquet,pythia-160m-step70000-200_399.parquet,pythia-160m-step70000-200_399.parquet,-41.17080307006836,-44.46582794189453,6,6
animate_subject_trans,44,Cynthia had all stairs.,Politics had all stairs.,animate_subject_trans_good_44,animate_subject_trans_bad_44,longformer-60_64.parquet,longformer-75_79.parquet,pythia-160m-step70000-0_199.parquet,pythia-160m-step70000-0_199.parquet,-40.032894134521484,-30.82402229309082,5,5
animate_subject_trans,48,The libraries weren't referencing Bethany.,Those steps weren't referencing Bethany.,animate_subject_trans_good_48,animate_subject_trans_bad_48,longformer-640_644.parquet,longformer-580_584.parquet,pythia-160m-step70000-600_799.parquet,pythia-160m-step70000-400_599.parquet,-48.55354690551758,-44.25322341918945,7,7
existential_there_quantifiers_1,238,There wasn't a cucumber going bad.,There wasn't each cucumber going bad.,existential_there_quantifiers_1_good_238,existential_there_quantifiers_1_bad_238,longformer-375_379.parquet,longformer-480_484.parquet,pythia-160m-step70000-200_399.parquet,pythia-160m-step70000-400_599.parquet,-36.6778678894043,-49.63322830200195,8,8
tough_vs_raising_1,568,Anne wasn't enjoyable to conceal.,Anne wasn't certain to conceal.,tough_vs_raising_1_good_568,tough_vs_raising_1_bad_568,longformer-320_324.parquet,longformer-255_259.parquet,pythia-160m-step70000-200_399.parquet,pythia-160m-step70000-200_399.parquet,-38.51643371582031,-34.65169143676758,7,7
superlative_quantifiers_1,548,No company might dislike more than ten books.,No company might dislike at least ten books.,superlative_quantifiers_1_good_548,superlative_quantifiers_1_bad_548,longformer-710_714.parquet,longformer-695_699.parquet,pythia-160m-step70000-600_799.parquet,pythia-160m-step70000-600_799.parquet,-51.45446014404297,-53.62892532348633,9,9
determiner_noun_agreement_with_adj_2,133,Katherine might attack these unemployed waitresses.,Katherine might attack this unemployed waitresses.,determiner_noun_agreement_with_adj_2_good_133,determiner_noun_agreement_with_adj_2_bad_133,longformer-890_894.parquet,longformer-865_869.parquet,pythia-160m-step70000-800_999.parquet,pythia-160m-step70000-800_999.parquet,-56.26744842529297,-60.706546783447266,7,7
intransitive,287,A lot of boys can cook.,A lot of boys can find.,intransitive_good_287,intransitive_bad_287,longformer-65_69.parquet,longformer-70_74.parquet,pythia-160m-step70000-0_199.parquet,pythia-160m-step70000-0_199.parquet,-31.615474700927734,-33.167118072509766,7,7
irregular_past_participle_verbs,303,Melissa ate.,Melissa eaten.,irregular_past_participle_verbs_good_303,irregular_past_participle_verbs_bad_303,longformer-0_4.parquet,longformer-5_9.parquet,pythia-160m-step70000-0_199.parquet,pythia-160m-step70000-0_199.parquet,-19.121850967407227,-22.20660972595215,3,3
wh_questions_object_gap,608,Tonya researched some books that Kevin does find.,Tonya researched what Kevin does find some books.,wh_questions_object_gap_good_608,wh_questions_object_gap_bad_608,longformer-840_844.parquet,longformer-830_834.parquet,pythia-160m-step70000-800_999.parquet,pythia-160m-step70000-800_999.parquet,-61.551570892333984,-68.27586364746094,9,9
regular_plural_subject_verb_agreement_1,491,Carlos has talked about Anna.,Carlos have talked about Anna.,regular_plural_subject_verb_agreement_1_good_491,regular_plural_subject_verb_agreement_1_bad_491,longformer-220_224.parquet,longformer-235_239.parquet,pythia-160m-step70000-200_399.parquet,pythia-160m-step70000-200_399.parquet,-29.992406845092773,-31.633888244628906,6,6
determiner_noun_agreement_irregular_2,120,Colleen wasn't returning to this woman.,Colleen wasn't returning to these woman.,determiner_noun_agreement_irregular_2_good_120,determiner_noun_agreement_irregular_2_bad_120,longformer-525_529.parquet,longformer-580_584.parquet,pythia-160m-step70000-400_599.parquet,pythia-160m-step70000-400_599.parquet,-42.038021087646484,-48.16010284423828,8,8
irregular_plural_subject_verb_agreement_1,314,The synthesis astounds Tiffany.,The synthesis astound Tiffany.,irregular_plural_subject_verb_agreement_1_good_314,irregular_plural_subject_verb_agreement_1_bad_314,longformer-265_269.parquet,longformer-235_239.parquet,pythia-160m-step70000-200_399.parquet,pythia-160m-step70000-200_399.parquet,-53.99120330810547,-56.984195709228516,5,5
npi_present_1,367,Even a lot of teenagers certainly see.,Even a lot of teenagers ever see.,npi_present_1_good_367,npi_present_1_bad_367,longformer-490_494.parquet,longformer-330_334.parquet,pythia-160m-step70000-400_599.parquet,pythia-160m-step70000-200_399.parquet,-41.77490997314453,-36.525917053222656,8,8
determiner_noun_agreement_2,100,Stacey hasn't escaped from these teachers.,Stacey hasn't escaped from this teachers.,determiner_noun_agreement_2_good_100,determiner_noun_agreement_2_bad_100,longformer-655_659.parquet,longformer-600_604.parquet,pythia-160m-step70000-600_799.parquet,pythia-160m-step70000-600_799.parquet,-46.75042724609375,-51.84590148925781,8,8
principle_A_case_2,444,David thinks about himself questioning Amelia.,David thinks about himself questions Amelia.,principle_A_case_2_good_444,principle_A_case_2_bad_444,longformer-730_734.parquet,longformer-695_699.parquet,pythia-160m-step70000-600_799.parquet,pythia-160m-step70000-600_799.parquet,-47.29621505737305,-48.88853454589844,7,7
anaphor_number_agreement,21,Many patients will visit themselves.,Many patients will visit himself.,anaphor_number_agreement_good_21,anaphor_number_agreement_bad_21,longformer-445_449.parquet,longformer-335_339.parquet,pythia-160m-step70000-400_599.parquet,pythia-160m-step70000-200_399.parquet,-27.48270606994629,-31.38811683654785,6,6
determiner_noun_agreement_irregular_1,116,Some women arrived at those oases.,Some women arrived at those oasis.,determiner_noun_agreement_irregular_1_good_116,determiner_noun_agreement_irregular_1_bad_116,longformer-380_384.parquet,longformer-370_374.parquet,pythia-160m-step70000-200_399.parquet,pythia-160m-step70000-200_399.parquet,-41.20537185668945,-38.31117248535156,7,7
adjunct_island,3,Who might Benjamin alarm before listening to Paul?,Who might Benjamin alarm Paul before listening to?,adjunct_island_good_3,adjunct_island_bad_3,longformer-850_854.parquet,longformer-875_879.parquet,pythia-160m-step70000-800_999.parquet,pythia-160m-step70000-800_999.parquet,-57.09737014770508,-63.40317153930664,9,9
left_branch_island_simple_question,340,Whose stairs might Galileo descend?,Whose might Galileo descend stairs?,left_branch_island_simple_question_good_340,left_branch_island_simple_question_bad_340,longformer-420_424.parquet,longformer-405_409.parquet,pythia-160m-step70000-400_599.parquet,pythia-160m-step70000-400_599.parquet,-49.1427001953125,-52.730682373046875,6,6
existential_there_quantifiers_1,231,There isn't a lake alarming Keith.,There isn't each lake alarming Keith.,existential_there_quantifiers_1_good_231,existential_there_quantifiers_1_bad_231,longformer-370_374.parquet,longformer-470_474.parquet,pythia-160m-step70000-200_399.parquet,pythia-160m-step70000-400_599.parquet,-47.08138656616211,-60.25630187988281,8,8
wh_island,594,What hadn't William learned he isn't exiting?,What hadn't William learned who isn't exiting?,wh_island_good_594,wh_island_bad_594,longformer-720_724.parquet,longformer-755_759.parquet,pythia-160m-step70000-600_799.parquet,pythia-160m-step70000-600_799.parquet,-58.31314468383789,-61.854942321777344,10,10
left_branch_island_echo_question,333,Irene has escaped from which men?,Which has Irene escaped from men?,left_branch_island_echo_question_good_333,left_branch_island_echo_question_bad_333,longformer-340_344.parquet,longformer-320_324.parquet,pythia-160m-step70000-200_399.parquet,pythia-160m-step70000-200_399.parquet,-52.31361389160156,-44.29985809326172,7,7
intransitive,280,Chad wasn't hiding.,Chad wasn't biking to.,intransitive_good_280,intransitive_bad_280,longformer-30_34.parquet,longformer-60_64.parquet,pythia-160m-step70000-0_199.parquet,pythia-160m-step70000-0_199.parquet,-27.066463470458984,-39.58333206176758,5,6
determiner_noun_agreement_with_adj_irregular_1,146,Derek can't care for this employed child.,Derek can't care for this employed children.,determiner_noun_agreement_with_adj_irregular_1_good_146,determiner_noun_agreement_with_adj_irregular_1_bad_146,longformer-620_624.parquet,longformer-690_694.parquet,pythia-160m-step70000-600_799.parquet,pythia-160m-step70000-600_799.parquet,-47.395591735839844,-50.2480583190918,9,9
determiner_noun_agreement_with_adj_irregular_1,148,Rachelle has hidden this concealed mouse.,Rachelle has hidden this concealed mice.,determiner_noun_agreement_with_adj_irregular_1_good_148,determiner_noun_agreement_with_adj_irregular_1_bad_148,longformer-620_624.parquet,longformer-555_559.parquet,pythia-160m-step70000-600_799.parquet,pythia-160m-step70000-400_599.parquet,-58.518253326416016,-60.434104919433594,7,7
distractor_agreement_relational_noun,171,The photograph of actresses does hurt Cynthia.,The photograph of actresses do hurt Cynthia.,distractor_agreement_relational_noun_good_171,distractor_agreement_relational_noun_bad_171,longformer-760_764.parquet,longformer-695_699.parquet,pythia-160m-step70000-600_799.parquet,pythia-160m-step70000-600_799.parquet,-58.1291389465332,-59.63884353637695,8,8
superlative_quantifiers_2,558,Every art gallery is embarrassing at most two adults.,No art gallery is embarrassing at most two adults.,superlative_quantifiers_2_good_558,superlative_quantifiers_2_bad_558,longformer-930_934.parquet,longformer-875_879.parquet,pythia-160m-step70000-800_999.parquet,pythia-160m-step70000-800_999.parquet,-56.31853485107422,-59.63996887207031,10,10
sentential_negation_npi_licensor_present,517,Caroline had not ever kissed Jessica.,Caroline had fortunately ever kissed Jessica.,sentential_negation_npi_licensor_present_good_517,sentential_negation_npi_licensor_present_bad_517,longformer-475_479.parquet,longformer-710_714.parquet,pythia-160m-step70000-400_599.parquet,pythia-160m-step70000-600_799.parquet,-38.083335876464844,-52.45140075683594,7,7
npi_present_1,365,Even girls will certainly look to joke around.,Even girls will ever look to joke around.,npi_present_1_good_365,npi_present_1_bad_365,longformer-745_749.parquet,longformer-600_604.parquet,pythia-160m-step70000-600_799.parquet,pythia-160m-step70000-600_799.parquet,-46.699462890625,-47.143890380859375,9,9
determiner_noun_agreement_2,103,The customers alarm that cashier.,The customers alarm those cashier.,determiner_noun_agreement_2_good_103,determiner_noun_agreement_2_bad_103,longformer-335_339.parquet,longformer-375_379.parquet,pythia-160m-step70000-200_399.parquet,pythia-160m-step70000-200_399.parquet,-46.306095123291016,-49.566795349121094,6,6
left_branch_island_echo_question,335,Most actors are escaping from what high school?,What are most actors escaping from high school?,left_branch_island_echo_question_good_335,left_branch_island_echo_question_bad_335,longformer-765_769.parquet,longformer-770_774.parquet,pythia-160m-step70000-600_799.parquet,pythia-160m-step70000-600_799.parquet,-50.483821868896484,-46.39046859741211,9,9
animate_subject_trans,45,Suzanne should lift many stairs.,The cake should lift many stairs.,animate_subject_trans_good_45,animate_subject_trans_bad_45,longformer-300_304.parquet,longformer-330_334.parquet,pythia-160m-step70000-200_399.parquet,pythia-160m-step70000-200_399.parquet,-48.80340576171875,-42.18359375,6,7
passive_1,408,A lot of peppers were admired by the brother of Kendra.,A lot of peppers were rotted by the brother of Kendra.,passive_1_good_408,passive_1_bad_408,longformer-990_994.parquet,longformer-955_959.parquet,pythia-160m-step70000-800_999.parquet,pythia-160m-step70000-800_999.parquet,-62.737022399902344,-68.02478790283203,12,12
wh_island,596,Who had Brian forgotten he knows?,Who had Brian forgotten who knows?,wh_island_good_596,wh_island_bad_596,longformer-315_319.parquet,longformer-395_399.parquet,pythia-160m-step70000-200_399.parquet,pythia-160m-step70000-200_399.parquet,-47.038673400878906,-50.03898620605469,7,7
wh_island,599,What hasn't Julia remembered she hadn't returned to?,What hasn't Julia remembered who hadn't returned to?,wh_island_good_599,wh_island_bad_599,longformer-915_919.parquet,longformer-920_924.parquet,pythia-160m-step70000-800_999.parquet,pythia-160m-step70000-800_999.parquet,-58.742427825927734,-64.149169921875,11,11
superlative_quantifiers_1,546,No waitress saw more than two waitresses.,No waitress saw at least two waitresses.,superlative_quantifiers_1_good_546,superlative_quantifiers_1_bad_546,longformer-630_634.parquet,longformer-585_589.parquet,pythia-160m-step70000-600_799.parquet,pythia-160m-step70000-400_599.parquet,-44.547096252441406,-46.67109298706055,8,8
irregular_plural_subject_verb_agreement_1,313,The radius has bored that customer.,The radius have bored that customer.,irregular_plural_subject_verb_agreement_1_good_313,irregular_plural_subject_verb_agreement_1_bad_313,longformer-395_399.parquet,longformer-445_449.parquet,pythia-160m-step70000-400_599.parquet,pythia-160m-step70000-400_599.parquet,-47.599002838134766,-50.506813049316406,7,7
determiner_noun_agreement_irregular_1,111,Maria lifted those fungi.,Maria lifted those fungus.,determiner_noun_agreement_irregular_1_good_111,determiner_noun_agreement_irregular_1_bad_111,longformer-100_104.parquet,longformer-125_129.parquet,pythia-160m-step70000-0_199.parquet,pythia-160m-step70000-0_199.parquet,-33.479278564453125,-37.552001953125,5,5
determiner_noun_agreement_with_adj_irregular_2,155,Marcus won't bike to this white oasis.,Marcus won't bike to these white oasis.,determiner_noun_agreement_with_adj_irregular_2_good_155,determiner_noun_agreement_with_adj_irregular_2_bad_155,longformer-505_509.parquet,longformer-545_549.parquet,pythia-160m-step70000-400_599.parquet,pythia-160m-step70000-400_599.parquet,-55.45673370361328,-57.70539093017578,9,9
animate_subject_trans,49,A lot of guests are listening to Cheryl.,Many cars are listening to Cheryl.,animate_subject_trans_good_49,animate_subject_trans_bad_49,longformer-590_594.parquet,longformer-390_394.parquet,pythia-160m-step70000-400_599.parquet,pythia-160m-step70000-200_399.parquet,-41.323486328125,-39.30742263793945,9,7
wh_questions_object_gap,605,These adults notice the ladies that Beth found.,These adults notice who Beth found the ladies.,wh_questions_object_gap_good_605,wh_questions_object_gap_bad_605,longformer-785_789.parquet,longformer-750_754.parquet,pythia-160m-step70000-600_799.parquet,pythia-160m-step70000-600_799.parquet,-58.409366607666016,-61.88677215576172,9,9
distractor_agreement_relative_clause,184,All teenagers that bother Allison litter.,All teenagers that bother Allison litters.,distractor_agreement_relative_clause_good_184,distractor_agreement_relative_clause_bad_184,longformer-625_629.parquet,longformer-645_649.parquet,pythia-160m-step70000-600_799.parquet,pythia-160m-step70000-600_799.parquet,-56.71298599243164,-59.42408752441406,7,7
principle_A_domain_1,455,Ronald said that Alicia alarmed him.,Ronald said that Alicia alarmed himself.,principle_A_domain_1_good_455,principle_A_domain_1_bad_455,longformer-450_454.parquet,longformer-565_569.parquet,pythia-160m-step70000-400_599.parquet,pythia-160m-step70000-400_599.parquet,-49.604644775390625,-56.591487884521484,7,7
only_npi_licensor_present,384,Only Sabrina has ever cheered.,Even Sabrina has ever cheered.,only_npi_licensor_present_good_384,only_npi_licensor_present_bad_384,longformer-225_229.parquet,longformer-225_229.parquet,pythia-160m-step70000-200_399.parquet,pythia-160m-step70000-200_399.parquet,-42.930973052978516,-41.72772979736328,6,6
superlative_quantifiers_2,557,This hospital scared at most ten legislatures.,No hospital scared at most ten legislatures.,superlative_quantifiers_2_good_557,superlative_quantifiers_2_bad_557,longformer-750_754.parquet,longformer-700_704.parquet,pythia-160m-step70000-600_799.parquet,pythia-160m-step70000-600_799.parquet,-67.77235412597656,-63.3165397644043,8,8
left_branch_island_simple_question,347,What slopes was Peter climbing down?,What was Peter climbing down slopes?,left_branch_island_simple_question_good_347,left_branch_island_simple_question_bad_347,longformer-450_454.parquet,longformer-465_469.parquet,pythia-160m-step70000-400_599.parquet,pythia-160m-step70000-400_599.parquet,-49.15132141113281,-42.25953674316406,7,7
determiner_noun_agreement_irregular_1,114,Karen hated these synopses.,Karen hated these synopsis.,determiner_noun_agreement_irregular_1_good_114,determiner_noun_agreement_irregular_1_bad_114,longformer-150_154.parquet,longformer-155_159.parquet,pythia-160m-step70000-0_199.parquet,pythia-160m-step70000-0_199.parquet,-42.78647994995117,-45.69481658935547,5,5
irregular_past_participle_verbs,307,Most girls wrote.,Most girls written.,irregular_past_participle_verbs_good_307,irregular_past_participle_verbs_bad_307,longformer-20_24.parquet,longformer-30_34.parquet,pythia-160m-step70000-0_199.parquet,pythia-160m-step70000-0_199.parquet,-24.306774139404297,-27.311107635498047,4,4
left_branch_island_echo_question,332,Many teachers had helped which patient?,Which had many teachers helped patient?,left_branch_island_echo_question_good_332,left_branch_island_echo_question_bad_332,longformer-525_529.parquet,longformer-540_544.parquet,pythia-160m-step70000-400_599.parquet,pythia-160m-step70000-400_599.parquet,-45.223663330078125,-49.164085388183594,7,7
distractor_agreement_relative_clause,188,Some boys that stunned Christina don't shrug.,Some boys that stunned Christina doesn't shrug.,distractor_agreement_relative_clause_good_188,distractor_agreement_relative_clause_bad_188,longformer-725_729.parquet,longformer-765_769.parquet,pythia-160m-step70000-600_799.parquet,pythia-160m-step70000-600_799.parquet,-57.92118835449219,-59.91958236694336,9,9
passive_2,411,Most banks weren't alarmed.,Most banks weren't collaborated.,passive_2_good_411,passive_2_bad_411,longformer-140_144.parquet,longformer-310_314.parquet,pythia-160m-step70000-0_199.parquet,pythia-160m-step70000-200_399.parquet,-30.13999366760254,-38.17934799194336,6,6
left_branch_island_echo_question,337,Gerald can criticize which child?,Which can Gerald criticize child?,left_branch_island_echo_question_good_337,left_branch_island_echo_question_bad_337,longformer-350_354.parquet,longformer-335_339.parquet,pythia-160m-step70000-200_399.parquet,pythia-160m-step70000-200_399.parquet,-50.01087951660156,-48.881317138671875,6,6
irregular_past_participle_verbs,309,Many boys woke up.,Many boys woken up.,irregular_past_participle_verbs_good_309,irregular_past_participle_verbs_bad_309,longformer-25_29.parquet,longformer-30_34.parquet,pythia-160m-step70000-0_199.parquet,pythia-160m-step70000-0_199.parquet,-23.581478118896484,-27.082178115844727,5,5
determiner_noun_agreement_with_adjective_1,160,The rug had embarrassed these nice pedestrians.,The rug had embarrassed these nice pedestrian.,determiner_noun_agreement_with_adjective_1_good_160,determiner_noun_agreement_with_adjective_1_bad_160,longformer-795_799.parquet,longformer-755_759.parquet,pythia-160m-step70000-600_799.parquet,pythia-160m-step70000-600_799.parquet,-56.54805374145508,-62.66339111328125,8,8
regular_plural_subject_verb_agreement_2,508,The waiters discuss this boy.,The waiter discuss this boy.,regular_plural_subject_verb_agreement_2_good_508,regular_plural_subject_verb_agreement_2_bad_508,longformer-195_199.parquet,longformer-170_174.parquet,pythia-160m-step70000-200_399.parquet,pythia-160m-step70000-0_199.parquet,-41.34148406982422,-41.393672943115234,6,6
principle_A_case_2,443,Melinda has thought about herself concealing Marla.,Melinda has thought about herself concealed Marla.,principle_A_case_2_good_443,principle_A_case_2_bad_443,longformer-890_894.parquet,longformer-860_864.parquet,pythia-160m-step70000-800_999.parquet,pythia-160m-step70000-800_999.parquet,-59.045467376708984,-61.11080551147461,8,8
wh_island,591,What is Emily investigating she has skated around?,What is Emily investigating who has skated around?,wh_island_good_591,wh_island_bad_591,longformer-860_864.parquet,longformer-855_859.parquet,pythia-160m-step70000-800_999.parquet,pythia-160m-step70000-800_999.parquet,-62.42070388793945,-61.211830139160156,9,9
inchoative,274,A lot of planes turned.,A lot of planes cleaned.,inchoative_good_274,inchoative_bad_274,longformer-70_74.parquet,longformer-90_94.parquet,pythia-160m-step70000-0_199.parquet,pythia-160m-step70000-0_199.parquet,-30.14502716064453,-32.583805084228516,6,6
distractor_agreement_relational_noun,177,The friend of the teenagers was firing Lawrence.,The friend of the teenagers were firing Lawrence.,distractor_agreement_relational_noun_good_177,distractor_agreement_relational_noun_bad_177,longformer-800_804.parquet,longformer-835_839.parquet,pythia-160m-step70000-800_999.parquet,pythia-160m-step70000-800_999.parquet,-55.3483772277832,-57.23329544067383,9,9
anaphor_number_agreement,22,Waiters concealed themselves.,Waiters concealed itself.,anaphor_number_agreement_good_22,anaphor_number_agreement_bad_22,longformer-205_209.parquet,longformer-115_119.parquet,pythia-160m-step70000-0_199.parquet,pythia-160m-step70000-0_199.parquet,-24.439762115478516,-29.4130859375,4,4
inchoative,270,A scarf shrinks.,A scarf finds.,inchoative_good_270,inchoative_bad_270,longformer-10_14.parquet,longformer-0_4.parquet,pythia-160m-step70000-0_199.parquet,pythia-160m-step70000-0_199.parquet,-28.755483627319336,-30.365140914916992,4,4
irregular_past_participle_adjectives,297,The broken window was small.,The broke window was small.,irregular_past_participle_adjectives_good_297,irregular_past_participle_adjectives_bad_297,longformer-180_184.parquet,longformer-160_164.parquet,pythia-160m-step70000-0_199.parquet,pythia-160m-step70000-0_199.parquet,-26.732666015625,-29.323650360107422,6,6
drop_argument,192,Stephanie's colleague climbs down.,Stephanie's colleague disagrees with.,drop_argument_good_192,drop_argument_bad_192,longformer-390_394.parquet,longformer-475_479.parquet,pythia-160m-step70000-200_399.parquet,pythia-160m-step70000-400_599.parquet,-41.44321060180664,-41.492401123046875,6,6
animate_subject_passive,30,Nina wasn't known by the ladies.,Nina wasn't known by the synthesis.,animate_subject_passive_good_30,animate_subject_passive_bad_30,longformer-315_319.parquet,longformer-425_429.parquet,pythia-160m-step70000-200_399.parquet,pythia-160m-step70000-400_599.parquet,-40.412384033203125,-49.65433120727539,8,8
principle_A_reconstruction,485,It's himself that Joseph escaped from.,It's himself that escaped from Joseph.,principle_A_reconstruction_good_485,principle_A_reconstruction_bad_485,longformer-500_504.parquet,longformer-485_489.parquet,pythia-160m-step70000-400_599.parquet,pythia-160m-step70000-400_599.parquet,-47.563419342041016,-43.54885482788086,8,8
superlative_quantifiers_1,541,No teacher loves fewer than six senators.,No teacher loves at most six senators.,superlative_quantifiers_1_good_541,superlative_quantifiers_1_bad_541,longformer-610_614.parquet,longformer-500_504.parquet,pythia-160m-step70000-600_799.parquet,pythia-160m-step70000-400_599.parquet,-52.29098129272461,-61.11275100708008,8,8
determiner_noun_agreement_2,104,Many pedestrians lifted those movie theaters.,Many pedestrians lifted that movie theaters.,determiner_noun_agreement_2_good_104,determiner_noun_agreement_2_bad_104,longformer-715_719.parquet,longformer-680_684.parquet,pythia-160m-step70000-600_799.parquet,pythia-160m-step70000-600_799.parquet,-48.75568771362305,-49.57774353027344,7,7
animate_subject_trans,42,David discovered this ice cream.,Every hospital discovered this ice cream.,animate_subject_trans_good_42,animate_subject_trans_bad_42,longformer-305_309.parquet,longformer-620_624.parquet,pythia-160m-step70000-200_399.parquet,pythia-160m-step70000-600_799.parquet,-31.631999969482422,-39.126304626464844,6,7
npi_present_2,371,Rose clearly imagines Sherry couldn't eat.,Rose ever imagines Sherry couldn't eat.,npi_present_2_good_371,npi_present_2_bad_371,longformer-655_659.parquet,longformer-550_554.parquet,pythia-160m-step70000-600_799.parquet,pythia-160m-step70000-400_599.parquet,-53.406497955322266,-51.9183235168457,8,8
animate_subject_trans,43,Nancy is talking about Lucille.,This pie is talking about Lucille.,animate_subject_trans_good_43,animate_subject_trans_bad_43,longformer-275_279.parquet,longformer-365_369.parquet,pythia-160m-step70000-200_399.parquet,pythia-160m-step70000-200_399.parquet,-36.489784240722656,-39.71464538574219,6,7
transitive,583,Theodore remembers Rachelle.,Theodore complained Rachelle.,transitive_good_583,transitive_bad_583,longformer-170_174.parquet,longformer-215_219.parquet,pythia-160m-step70000-0_199.parquet,pythia-160m-step70000-0_199.parquet,-39.46654510498047,-47.133811950683594,4,4
regular_plural_subject_verb_agreement_1,490,Steven talks to Florence.,Steven talk to Florence.,regular_plural_subject_verb_agreement_1_good_490,regular_plural_subject_verb_agreement_1_bad_490,longformer-105_109.parquet,longformer-90_94.parquet,pythia-160m-step70000-0_199.parquet,pythia-160m-step70000-0_199.parquet,-26.47376251220703,-28.05541229248047,5,5
intransitive,289,Some box closes.,Some box scared.,intransitive_good_289,intransitive_bad_289,longformer-10_14.parquet,longformer-10_14.parquet,pythia-160m-step70000-0_199.parquet,pythia-160m-step70000-0_199.parquet,-21.944889068603516,-25.18778419494629,4,4
irregular_plural_subject_verb_agreement_2,327,The man is insulting Susan.,The men is insulting Susan.,irregular_plural_subject_verb_agreement_2_good_327,irregular_plural_subject_verb_agreement_2_bad_327,longformer-150_154.parquet,longformer-135_139.parquet,pythia-160m-step70000-0_199.parquet,pythia-160m-step70000-0_199.parquet,-31.90896224975586,-39.53923034667969,6,6
determiner_noun_agreement_1,99,A banana embarrassed those actresses.,A banana embarrassed those actress.,determiner_noun_agreement_1_good_99,determiner_noun_agreement_1_bad_99,longformer-465_469.parquet,longformer-410_414.parquet,pythia-160m-step70000-400_599.parquet,pythia-160m-step70000-400_599.parquet,-48.90123748779297,-50.80663299560547,6,6
anaphor_gender_agreement,13,Ruth returns to herself.,Ruth returns to itself.,anaphor_gender_agreement_good_13,anaphor_gender_agreement_bad_13,longformer-80_84.parquet,longformer-65_69.parquet,pythia-160m-step70000-0_199.parquet,pythia-160m-step70000-0_199.parquet,-29.34580421447754,-33.40806579589844,5,5
transitive,587,This teacher's partners stunned Walter.,This teacher's partners fall Walter.,transitive_good_587,transitive_bad_587,longformer-525_529.parquet,longformer-460_464.parquet,pythia-160m-step70000-400_599.parquet,pythia-160m-step70000-400_599.parquet,-54.838443756103516,-58.578495025634766,7,7
determiner_noun_agreement_with_adj_2,132,Those ladies work with these lucky actors.,Those ladies work with this lucky actors.,determiner_noun_agreement_with_adj_2_good_132,determiner_noun_agreement_with_adj_2_bad_132,longformer-650_654.parquet,longformer-630_634.parquet,pythia-160m-step70000-600_799.parquet,pythia-160m-step70000-600_799.parquet,-45.258018493652344,-50.64838409423828,8,8
determiner_noun_agreement_irregular_1,112,Susan won't notice these fungi.,Susan won't notice these fungus.,determiner_noun_agreement_irregular_1_good_112,determiner_noun_agreement_irregular_1_bad_112,longformer-265_269.parquet,longformer-310_314.parquet,pythia-160m-step70000-200_399.parquet,pythia-160m-step70000-200_399.parquet,-40.180625915527344,-41.765655517578125,7,7
left_branch_island_simple_question,342,Which ladies has Erin observed?,Which has Erin observed ladies?,left_branch_island_simple_question_good_342,left_branch_island_simple_question_bad_342,longformer-245_249.parquet,longformer-270_274.parquet,pythia-160m-step70000-200_399.parquet,pythia-160m-step70000-200_399.parquet,-51.62383270263672,-46.33611297607422,6,6
irregular_past_participle_adjectives,298,The worn scarves aren't concealed.,The wore scarves aren't concealed.,irregular_past_participle_adjectives_good_298,irregular_past_participle_adjectives_bad_298,longformer-380_384.parquet,longformer-390_394.parquet,pythia-160m-step70000-200_399.parquet,pythia-160m-step70000-200_399.parquet,-42.59490966796875,-43.843074798583984,7,7
wh_questions_object_gap,601,Joel couldn't forget most cashiers that the guys hugged.,Joel couldn't forget who the guys hugged most cashiers.,wh_questions_object_gap_good_601,wh_questions_object_gap_bad_601,longformer-990_994.parquet,longformer-970_974.parquet,pythia-160m-step70000-800_999.parquet,pythia-160m-step70000-800_999.parquet,-77.45309448242188,-72.80584716796875,11,11
adjunct_island,2,What is Larry dropping by after lifting a grocery store?,What is Larry dropping by a grocery store after lifting?,adjunct_island_good_2,adjunct_island_bad_2,longformer-990_994.parquet,longformer-995_999.parquet,pythia-160m-step70000-800_999.parquet,pythia-160m-step70000-800_999.parquet,-61.44863510131836,-65.06876373291016,11,11
determiner_noun_agreement_with_adj_irregular_1,144,Most photographs look like those clever children.,Most photographs look like those clever child.,determiner_noun_agreement_with_adj_irregular_1_good_144,determiner_noun_agreement_with_adj_irregular_1_bad_144,longformer-840_844.parquet,longformer-740_744.parquet,pythia-160m-step70000-800_999.parquet,pythia-160m-step70000-600_799.parquet,-46.57435989379883,-52.24745559692383,8,8
irregular_plural_subject_verb_agreement_2,325,The women haven't hired Candice.,The woman haven't hired Candice.,irregular_plural_subject_verb_agreement_2_good_325,irregular_plural_subject_verb_agreement_2_bad_325,longformer-290_294.parquet,longformer-305_309.parquet,pythia-160m-step70000-200_399.parquet,pythia-160m-step70000-200_399.parquet,-44.208457946777344,-46.57087707519531,7,7
sentential_subject_island,532,Who will a legislature's aggravating Anna hurt.,Who will a legislature's aggravating hurt Anna.,sentential_subject_island_good_532,sentential_subject_island_bad_532,longformer-760_764.parquet,longformer-785_789.parquet,pythia-160m-step70000-600_799.parquet,pythia-160m-step70000-600_799.parquet,-75.13491821289062,-76.0853271484375,9,9
coordinate_structure_constraint_object_extraction,81,What have April and a lot of customers insulted?,What had April insulted and a lot of customers?,coordinate_structure_constraint_object_extraction_good_81,coordinate_structure_constraint_object_extraction_bad_81,longformer-800_804.parquet,longformer-765_769.parquet,pythia-160m-step70000-800_999.parquet,pythia-160m-step70000-600_799.parquet,-61.06864547729492,-54.86577224731445,10,10
regular_plural_subject_verb_agreement_2,505,The cup tips over.,The cups tips over.,regular_plural_subject_verb_agreement_2_good_505,regular_plural_subject_verb_agreement_2_bad_505,longformer-25_29.parquet,longformer-35_39.parquet,pythia-160m-step70000-0_199.parquet,pythia-160m-step70000-0_199.parquet,-31.83257293701172,-35.44293212890625,5,5
causative,51,Mary folded every skirt.,Mary vanished every skirt.,causative_good_51,causative_bad_51,longformer-75_79.parquet,longformer-130_134.parquet,pythia-160m-step70000-0_199.parquet,pythia-160m-step70000-0_199.parquet,-32.763404846191406,-36.85548782348633,5,5
superlative_quantifiers_2,551,A museum insulted at most two doctors.,No museum insulted at most two doctors.,superlative_quantifiers_2_good_551,superlative_quantifiers_2_bad_551,longformer-495_499.parquet,longformer-530_534.parquet,pythia-160m-step70000-400_599.parquet,pythia-160m-step70000-400_599.parquet,-55.33708953857422,-57.63947296142578,8,8
adjunct_island,9,What had Sally remembered without insulting the report?,What had Sally remembered the report without insulting?,adjunct_island_good_9,adjunct_island_bad_9,longformer-985_989.parquet,longformer-975_979.parquet,pythia-160m-step70000-800_999.parquet,pythia-160m-step70000-800_999.parquet,-57.33173751831055,-61.98568344116211,9,9
npi_present_2,376,Vanessa did also care for George.,Vanessa did ever care for George.,npi_present_2_good_376,npi_present_2_bad_376,longformer-335_339.parquet,longformer-345_349.parquet,pythia-160m-step70000-200_399.parquet,pythia-160m-step70000-200_399.parquet,-37.154510498046875,-40.30449676513672,7,7
determiner_noun_agreement_with_adj_irregular_2,158,Those cashiers buy those smooth lice.,Those cashiers buy that smooth lice.,determiner_noun_agreement_with_adj_irregular_2_good_158,determiner_noun_agreement_with_adj_irregular_2_bad_158,longformer-480_484.parquet,longformer-440_444.parquet,pythia-160m-step70000-400_599.parquet,pythia-160m-step70000-400_599.parquet,-55.319393157958984,-53.51680374145508,7,7
passive_1,402,Kenneth's partner wasn't aggravated by every play.,Kenneth's partner wasn't concurred by every play.,passive_1_good_402,passive_1_bad_402,longformer-875_879.parquet,longformer-840_844.parquet,pythia-160m-step70000-800_999.parquet,pythia-160m-step70000-800_999.parquet,-58.151241302490234,-64.59024047851562,10,10
tough_vs_raising_2,576,A lot of drivers are soon to clash.,A lot of drivers are irritating to clash.,tough_vs_raising_2_good_576,tough_vs_raising_2_bad_576,longformer-405_409.parquet,longformer-615_619.parquet,pythia-160m-step70000-400_599.parquet,pythia-160m-step70000-600_799.parquet,-42.630210876464844,-48.3421745300293,9,9
determiner_noun_agreement_2,106,Most universities describe those movies.,Most universities describe that movies.,determiner_noun_agreement_2_good_106,determiner_noun_agreement_2_bad_106,longformer-585_589.parquet,longformer-520_524.parquet,pythia-160m-step70000-400_599.parquet,pythia-160m-step70000-400_599.parquet,-39.870811462402344,-40.74101257324219,6,6
passive_2,416,The grandsons of Kenneth aren't disgusted.,The grandsons of Kenneth aren't gotten fired.,passive_2_good_416,passive_2_bad_416,longformer-645_649.parquet,longformer-715_719.parquet,pythia-160m-step70000-600_799.parquet,pythia-160m-step70000-600_799.parquet,-51.205291748046875,-58.37116241455078,8,9
principle_A_case_2,440,Matt was imagining himself disturbing Kevin.,Matt was imagining himself disturbs Kevin.,principle_A_case_2_good_440,principle_A_case_2_bad_440,longformer-685_689.parquet,longformer-650_654.parquet,pythia-160m-step70000-600_799.parquet,pythia-160m-step70000-600_799.parquet,-44.12909698486328,-54.0463752746582,7,7
principle_A_domain_3,472,Bruce thinks Jodi visits herself.,Jodi thinks Bruce visits herself.,principle_A_domain_3_good_472,principle_A_domain_3_bad_472,longformer-325_329.parquet,longformer-330_334.parquet,pythia-160m-step70000-200_399.parquet,pythia-160m-step70000-200_399.parquet,-50.91707229614258,-48.041778564453125,6,6
inchoative,272,A sock had stretched.,A sock had concealed.,inchoative_good_272,inchoative_bad_272,longformer-40_44.parquet,longformer-45_49.parquet,pythia-160m-step70000-0_199.parquet,pythia-160m-step70000-0_199.parquet,-32.382266998291016,-34.876731872558594,5,5
principle_A_case_1,433,Charles wasn't saying that he climbs up ladders.,Charles wasn't saying that himself climbs up ladders.,principle_A_case_1_good_433,principle_A_case_1_bad_433,longformer-805_809.parquet,longformer-935_939.parquet,pythia-160m-step70000-800_999.parquet,pythia-160m-step70000-800_999.parquet,-50.55210494995117,-57.09697723388672,10,10
distractor_agreement_relational_noun,176,A pamphlet about the Lutherans does alarm Nicole.,A pamphlet about the Lutherans do alarm Nicole.,distractor_agreement_relational_noun_good_176,distractor_agreement_relational_noun_bad_176,longformer-830_834.parquet,longformer-795_799.parquet,pythia-160m-step70000-800_999.parquet,pythia-160m-step70000-600_799.parquet,-65.34765625,-68.4521484375,9,9
principle_A_domain_2,469,Sherry says jackets will distract themselves.,Sherry says jackets will distract herself.,principle_A_domain_2_good_469,principle_A_domain_2_bad_469,longformer-725_729.parquet,longformer-640_644.parquet,pythia-160m-step70000-600_799.parquet,pythia-160m-step70000-600_799.parquet,-52.438079833984375,-55.43744659423828,7,7
animate_subject_passive,32,The boy isn't investigated by some senator.,The boy isn't investigated by some medium.,animate_subject_passive_good_32,animate_subject_passive_bad_32,longformer-670_674.parquet,longformer-640_644.parquet,pythia-160m-step70000-600_799.parquet,pythia-160m-step70000-600_799.parquet,-50.87852478027344,-48.640594482421875,9,9
principle_A_domain_3,475,Lucille shouldn't say Timothy observes himself.,Timothy shouldn't say Lucille observes himself.,principle_A_domain_3_good_475,principle_A_domain_3_bad_475,longformer-785_789.parquet,longformer-780_784.parquet,pythia-160m-step70000-600_799.parquet,pythia-160m-step70000-600_799.parquet,-53.17985534667969,-58.641151428222656,8,8
tough_vs_raising_2,579,Douglas wasn't certain to lift some cats.,Douglas wasn't exciting to lift some cats.,tough_vs_raising_2_good_579,tough_vs_raising_2_bad_579,longformer-620_624.parquet,longformer-645_649.parquet,pythia-160m-step70000-600_799.parquet,pythia-160m-step70000-600_799.parquet,-53.13017272949219,-54.398048400878906,9,9
sentential_negation_npi_licensor_present,511,The couches did not ever slip.,The couches did probably ever slip.,sentential_negation_npi_licensor_present_good_511,sentential_negation_npi_licensor_present_bad_511,longformer-230_234.parquet,longformer-435_439.parquet,pythia-160m-step70000-200_399.parquet,pythia-160m-step70000-400_599.parquet,-41.275020599365234,-51.96931457519531,7,7
principle_A_reconstruction,480,It's himself that Larry is kissing.,It's himself that is kissing Larry.,principle_A_reconstruction_good_480,principle_A_reconstruction_bad_480,longformer-395_399.parquet,longformer-420_424.parquet,pythia-160m-step70000-400_599.parquet,pythia-160m-step70000-400_599.parquet,-47.23394012451172,-44.09410858154297,8,8
distractor_agreement_relational_noun,175,The movie about the Borgias wasn't embarrassing Eva.,The movie about the Borgias weren't embarrassing Eva.,distractor_agreement_relational_noun_good_175,distractor_agreement_relational_noun_bad_175,longformer-900_904.parquet,longformer-935_939.parquet,pythia-160m-step70000-800_999.parquet,pythia-160m-step70000-800_999.parquet,-60.775848388671875,-64.34164428710938,10,10
transitive,584,Janet visits the hill.,Janet copes the hill.,transitive_good_584,transitive_bad_584,longformer-55_59.parquet,longformer-40_44.parquet,pythia-160m-step70000-0_199.parquet,pythia-160m-step70000-0_199.parquet,-30.56658172607422,-39.71196746826172,5,5
passive_2,418,Deanna's teacher is cared for.,Deanna's teacher is smiled.,passive_2_good_418,passive_2_bad_418,longformer-225_229.parquet,longformer-150_154.parquet,pythia-160m-step70000-200_399.parquet,pythia-160m-step70000-0_199.parquet,-40.6821174621582,-41.81100082397461,7,6
principle_A_reconstruction,489,It's herself that Carmen won't stun.,It's herself that won't stun Carmen.,principle_A_reconstruction_good_489,principle_A_reconstruction_bad_489,longformer-455_459.parquet,longformer-440_444.parquet,pythia-160m-step70000-400_599.parquet,pythia-160m-step70000-400_599.parquet,-57.19031524658203,-51.99364471435547,9,9
anaphor_gender_agreement,14,Rose has shocked herself.,Rose has shocked itself.,anaphor_gender_agreement_good_14,anaphor_gender_agreement_bad_14,longformer-100_104.parquet,longformer-80_84.parquet,pythia-160m-step70000-0_199.parquet,pythia-160m-step70000-0_199.parquet,-26.40532875061035,-26.435043334960938,5,5
regular_plural_subject_verb_agreement_1,494,Dana descends this ladder.,Dana descend this ladder.,regular_plural_subject_verb_agreement_1_good_494,regular_plural_subject_verb_agreement_1_bad_494,longformer-120_124.parquet,longformer-105_109.parquet,pythia-160m-step70000-0_199.parquet,pythia-160m-step70000-0_199.parquet,-39.55012893676758,-36.02021408081055,5,5
causative,56,Many senators hadn't washed Jodi.,Many senators hadn't fallen Jodi.,causative_good_56,causative_bad_56,longformer-355_359.parquet,longformer-345_349.parquet,pythia-160m-step70000-200_399.parquet,pythia-160m-step70000-200_399.parquet,-53.92584228515625,-54.59980392456055,7,7
anaphor_gender_agreement,11,Stephanie is returning to herself.,Stephanie is returning to itself.,anaphor_gender_agreement_good_11,anaphor_gender_agreement_bad_11,longformer-380_384.parquet,longformer-355_359.parquet,pythia-160m-step70000-200_399.parquet,pythia-160m-step70000-200_399.parquet,-31.94351577758789,-35.015655517578125,6,6
npi_present_2,377,Tonya clearly disgusted Randolf.,Tonya ever disgusted Randolf.,npi_present_2_good_377,npi_present_2_bad_377,longformer-305_309.parquet,longformer-210_214.parquet,pythia-160m-step70000-200_399.parquet,pythia-160m-step70000-200_399.parquet,-49.93000793457031,-52.778526306152344,5,5
npi_present_2,372,Liam had also failed to conspire.,Liam had ever failed to conspire.,npi_present_2_good_372,npi_present_2_bad_372,longformer-330_334.parquet,longformer-360_364.parquet,pythia-160m-step70000-200_399.parquet,pythia-160m-step70000-200_399.parquet,-45.99382019042969,-48.719032287597656,7,7
coordinate_structure_constraint_object_extraction,88,Who can Rodney and Cindy take?,Who might Rodney take and Cindy?,coordinate_structure_constraint_object_extraction_good_88,coordinate_structure_constraint_object_extraction_bad_88,longformer-240_244.parquet,longformer-300_304.parquet,pythia-160m-step70000-200_399.parquet,pythia-160m-step70000-200_399.parquet,-43.29521560668945,-49.75946807861328,7,7
determiner_noun_agreement_with_adj_irregular_2,157,Deborah had fled from that important woman.,Deborah had fled from those important woman.,determiner_noun_agreement_with_adj_irregular_2_good_157,determiner_noun_agreement_with_adj_irregular_2_bad_157,longformer-660_664.parquet,longformer-695_699.parquet,pythia-160m-step70000-600_799.parquet,pythia-160m-step70000-600_799.parquet,-48.590152740478516,-56.07784652709961,8,8
matrix_question_npi_licensor_present,353,Have most chairs ever tipped over?,Most chairs have ever tipped over.,matrix_question_npi_licensor_present_good_353,matrix_question_npi_licensor_present_bad_353,longformer-385_389.parquet,longformer-375_379.parquet,pythia-160m-step70000-200_399.parquet,pythia-160m-step70000-200_399.parquet,-47.18318176269531,-40.95848846435547,7,7
determiner_noun_agreement_with_adj_irregular_1,145,Carla went to that rough oasis.,Carla went to that rough oases.,determiner_noun_agreement_with_adj_irregular_1_good_145,determiner_noun_agreement_with_adj_irregular_1_bad_145,longformer-270_274.parquet,longformer-255_259.parquet,pythia-160m-step70000-200_399.parquet,pythia-160m-step70000-200_399.parquet,-44.61907196044922,-52.473670959472656,7,7
tough_vs_raising_1,569,Most waiters aren't easy to fire.,Most waiters aren't soon to fire.,tough_vs_raising_1_good_569,tough_vs_raising_1_bad_569,longformer-355_359.parquet,longformer-340_344.parquet,pythia-160m-step70000-200_399.parquet,pythia-160m-step70000-200_399.parquet,-37.20449447631836,-44.31937789916992,8,8
determiner_noun_agreement_with_adj_2,137,This waiter hasn't scanned that long book.,This waiter hasn't scanned those long book.,determiner_noun_agreement_with_adj_2_good_137,determiner_noun_agreement_with_adj_2_bad_137,longformer-635_639.parquet,longformer-670_674.parquet,pythia-160m-step70000-600_799.parquet,pythia-160m-step70000-600_799.parquet,-51.0622673034668,-56.10304260253906,9,9
determiner_noun_agreement_2,108,Some actors astounded those banks.,Some actors astounded that banks.,determiner_noun_agreement_2_good_108,determiner_noun_agreement_2_bad_108,longformer-395_399.parquet,longformer-325_329.parquet,pythia-160m-step70000-200_399.parquet,pythia-160m-step70000-200_399.parquet,-45.12229919433594,-49.14195251464844,6,6
regular_plural_subject_verb_agreement_2,506,The guys swallow.,The guy swallow.,regular_plural_subject_verb_agreement_2_good_506,regular_plural_subject_verb_agreement_2_bad_506,longformer-15_19.parquet,longformer-10_14.parquet,pythia-160m-step70000-0_199.parquet,pythia-160m-step70000-0_199.parquet,-25.310596466064453,-25.463245391845703,4,4
principle_A_domain_3,474,Anna will explain Thomas couldn't hurt himself.,Thomas will explain Anna couldn't hurt himself.,principle_A_domain_3_good_474,principle_A_domain_3_bad_474,longformer-760_764.parquet,longformer-780_784.parquet,pythia-160m-step70000-600_799.parquet,pythia-160m-step70000-600_799.parquet,-49.867496490478516,-52.57542037963867,9,9
passive_1,401,Heather is insulted by Ann.,Heather is murmured by Ann.,passive_1_good_401,passive_1_bad_401,longformer-160_164.parquet,longformer-145_149.parquet,pythia-160m-step70000-0_199.parquet,pythia-160m-step70000-0_199.parquet,-38.512657165527344,-41.0844612121582,6,6
drop_argument,191,Those fathers of Maria skate around.,Those fathers of Maria cured.,drop_argument_good_191,drop_argument_bad_191,longformer-455_459.parquet,longformer-200_204.parquet,pythia-160m-step70000-400_599.parquet,pythia-160m-step70000-0_199.parquet,-49.68164825439453,-43.65432357788086,7,6
wh_vs_that_with_gap,653,Karen isn't learning who some boy was referencing.,Karen isn't learning that some boy was referencing.,wh_vs_that_with_gap_good_653,wh_vs_that_with_gap_bad_653,longformer-860_864.parquet,longformer-895_899.parquet,pythia-160m-step70000-800_999.parquet,pythia-160m-step70000-800_999.parquet,-70.08609008789062,-70.05337524414062,10,10
determiner_noun_agreement_1,94,Sara kissed this cashier.,Sara kissed this cashiers.,determiner_noun_agreement_1_good_94,determiner_noun_agreement_1_bad_94,longformer-95_99.parquet,longformer-120_124.parquet,pythia-160m-step70000-0_199.parquet,pythia-160m-step70000-0_199.parquet,-40.15650939941406,-48.78752899169922,5,5
distractor_agreement_relative_clause,180,Most guys that confuse the government have succeeded.,Most guys that confuse the government has succeeded.,distractor_agreement_relative_clause_good_180,distractor_agreement_relative_clause_bad_180,longformer-940_944.parquet,longformer-920_924.parquet,pythia-160m-step70000-800_999.parquet,pythia-160m-step70000-800_999.parquet,-47.68022537231445,-49.42997741699219,9,9
determiner_noun_agreement_2,107,Kathleen buys this book.,Kathleen buys these book.,determiner_noun_agreement_2_good_107,determiner_noun_agreement_2_bad_107,longformer-85_89.parquet,longformer-90_94.parquet,pythia-160m-step70000-0_199.parquet,pythia-160m-step70000-0_199.parquet,-35.09513473510742,-43.26845932006836,5,5
principle_A_domain_2,468,Many pedestrians say Frank won't criticize himself.,Many pedestrians say Frank won't criticize themselves.,principle_A_domain_2_good_468,principle_A_domain_2_bad_468,longformer-885_889.parquet,longformer-965_969.parquet,pythia-160m-step70000-800_999.parquet,pythia-160m-step70000-800_999.parquet,-57.47490692138672,-59.383304595947266,9,9
npi_present_1,366,Even the pedestrians often swallow.,Even the pedestrians ever swallow.,npi_present_1_good_366,npi_present_1_bad_366,longformer-425_429.parquet,longformer-385_389.parquet,pythia-160m-step70000-200_399.parquet,pythia-160m-step70000-200_399.parquet,-36.85750198364258,-43.67427444458008,6,6
irregular_plural_subject_verb_agreement_1,315,The theses are shocking Irene.,The theses is shocking Irene.,irregular_plural_subject_verb_agreement_1_good_315,irregular_plural_subject_verb_agreement_1_bad_315,longformer-230_234.parquet,longformer-210_214.parquet,pythia-160m-step70000-200_399.parquet,pythia-160m-step70000-200_399.parquet,-51.243202209472656,-52.745262145996094,6,6
existential_there_quantifiers_1,235,There is a cashier grinning.,There is every cashier grinning.,existential_there_quantifiers_1_good_235,existential_there_quantifiers_1_bad_235,longformer-185_189.parquet,longformer-300_304.parquet,pythia-160m-step70000-0_199.parquet,pythia-160m-step70000-200_399.parquet,-32.06671142578125,-42.32849884033203,6,6
existential_there_quantifiers_1,237,There is a niece of Andrea leaving.,There is each niece of Andrea leaving.,existential_there_quantifiers_1_good_237,existential_there_quantifiers_1_bad_237,longformer-400_404.parquet,longformer-495_499.parquet,pythia-160m-step70000-400_599.parquet,pythia-160m-step70000-400_599.parquet,-43.401458740234375,-51.52529525756836,8,8
intransitive,284,That door should close.,That door should look like.,intransitive_good_284,intransitive_bad_284,longformer-70_74.parquet,longformer-140_144.parquet,pythia-160m-step70000-0_199.parquet,pythia-160m-step70000-0_199.parquet,-22.747417449951172,-27.815494537353516,5,6
wh_vs_that_with_gap,655,Katherine knows who the associations can't fire.,Katherine knows that the associations can't fire.,wh_vs_that_with_gap_good_655,wh_vs_that_with_gap_bad_655,longformer-805_809.parquet,longformer-830_834.parquet,pythia-160m-step70000-800_999.parquet,pythia-160m-step70000-800_999.parquet,-59.40523910522461,-56.93333435058594,9,9
only_npi_licensor_present,382,Only Jessica had ever talked about Gary.,Even Jessica had ever talked about Gary.,only_npi_licensor_present_good_382,only_npi_licensor_present_bad_382,longformer-585_589.parquet,longformer-575_579.parquet,pythia-160m-step70000-400_599.parquet,pythia-160m-step70000-400_599.parquet,-40.826202392578125,-43.57587814331055,8,8
npi_present_1,368,Even that fork should often look like a sketch.,Even that fork should ever look like a sketch.,npi_present_1_good_368,npi_present_1_bad_368,longformer-775_779.parquet,longformer-735_739.parquet,pythia-160m-step70000-600_799.parquet,pythia-160m-step70000-600_799.parquet,-53.5721549987793,-53.1976203918457,10,10
superlative_quantifiers_1,540,No eggplant looked like fewer than seven pictures.,No eggplant looked like at most seven pictures.,superlative_quantifiers_1_good_540,superlative_quantifiers_1_bad_540,longformer-850_854.parquet,longformer-775_779.parquet,pythia-160m-step70000-800_999.parquet,pythia-160m-step70000-600_799.parquet,-60.16273498535156,-64.5863037109375,9,9
wh_questions_subject_gap,611,Valerie questions a library that listened to Beth.,Valerie questions who a library listened to Beth.,wh_questions_subject_gap_good_611,wh_questions_subject_gap_bad_611,longformer-870_874.parquet,longformer-825_829.parquet,pythia-160m-step70000-800_999.parquet,pythia-160m-step70000-800_999.parquet,-64.8916244506836,-70.48167419433594,9,9
irregular_plural_subject_verb_agreement_2,329,The child conceals some door.,The children conceals some door.,irregular_plural_subject_verb_agreement_2_good_329,irregular_plural_subject_verb_agreement_2_bad_329,longformer-205_209.parquet,longformer-290_294.parquet,pythia-160m-step70000-200_399.parquet,pythia-160m-step70000-200_399.parquet,-41.356056213378906,-44.72825622558594,6,6
determiner_noun_agreement_with_adj_irregular_1,142,Some prints shock this standing person.,Some prints shock this standing people.,determiner_noun_agreement_with_adj_irregular_1_good_142,determiner_noun_agreement_with_adj_irregular_1_bad_142,longformer-535_539.parquet,longformer-535_539.parquet,pythia-160m-step70000-400_599.parquet,pythia-160m-step70000-400_599.parquet,-50.27110290527344,-49.06196212768555,7,7
principle_A_domain_3,473,Kristin's grandson explains Erin likes herself.,Erin explains Kristin's grandson likes herself.,principle_A_domain_3_good_473,principle_A_domain_3_bad_473,longformer-790_794.parquet,longformer-770_774.parquet,pythia-160m-step70000-600_799.parquet,pythia-160m-step70000-600_799.parquet,-66.41287994384766,-66.94331359863281,8,8
determiner_noun_agreement_2,109,Raymond has gone to these schools.,Raymond has gone to this schools.,determiner_noun_agreement_2_good_109,determiner_noun_agreement_2_bad_109,longformer-365_369.parquet,longformer-350_354.parquet,pythia-160m-step70000-200_399.parquet,pythia-160m-step70000-200_399.parquet,-32.12453842163086,-36.3021240234375,7,7
causative,57,Some cashier hadn't burned that pasta.,Some cashier hadn't appeared that pasta.,causative_good_57,causative_bad_57,longformer-500_504.parquet,longformer-560_564.parquet,pythia-160m-step70000-400_599.parquet,pythia-160m-step70000-400_599.parquet,-50.18409729003906,-57.04408645629883,8,8
irregular_past_participle_adjectives,295,The taken oases weren't blue.,The took oases weren't blue.,irregular_past_participle_adjectives_good_295,irregular_past_participle_adjectives_bad_295,longformer-205_209.parquet,longformer-175_179.parquet,pythia-160m-step70000-0_199.parquet,pythia-160m-step70000-0_199.parquet,-47.840232849121094,-51.510032653808594,7,7
coordinate_structure_constraint_complex_left_branch,71,What books would some child scan and Travis research?,What would some child scan books and Travis research?,coordinate_structure_constraint_complex_left_branch_good_71,coordinate_structure_constraint_complex_left_branch_bad_71,longformer-945_949.parquet,longformer-940_944.parquet,pythia-160m-step70000-800_999.parquet,pythia-160m-step70000-800_999.parquet,-71.18997192382812,-68.22594451904297,10,10
existential_there_subject_raising,250,There happened to be a shoe drying.,There hoped to be a shoe drying.,existential_there_subject_raising_good_250,existential_there_subject_raising_bad_250,longformer-420_424.parquet,longformer-295_299.parquet,pythia-160m-step70000-400_599.parquet,pythia-160m-step70000-200_399.parquet,-37.34794998168945,-43.5723991394043,8,8
passive_2,410,Karen was aggravated.,Karen was screamed.,passive_2_good_410,passive_2_bad_410,longformer-45_49.parquet,longformer-30_34.parquet,pythia-160m-step70000-0_199.parquet,pythia-160m-step70000-0_199.parquet,-28.477680206298828,-30.020912170410156,4,4
intransitive,286,All mushrooms wouldn't grow.,All mushrooms wouldn't look like.,intransitive_good_286,intransitive_bad_286,longformer-170_174.parquet,longformer-315_319.parquet,pythia-160m-step70000-0_199.parquet,pythia-160m-step70000-200_399.parquet,-29.425024032592773,-38.63379669189453,6,7
drop_argument,199,Melissa isn't exploring.,Melissa isn't firing.,drop_argument_good_199,drop_argument_bad_199,longformer-80_84.parquet,longformer-50_54.parquet,pythia-160m-step70000-0_199.parquet,pythia-160m-step70000-0_199.parquet,-29.210426330566406,-27.303119659423828,5,5
npi_present_1,362,Even Brenda clearly manages to forget Christopher.,Even Brenda ever manages to forget Christopher.,npi_present_1_good_362,npi_present_1_bad_362,longformer-855_859.parquet,longformer-780_784.parquet,pythia-160m-step70000-800_999.parquet,pythia-160m-step70000-600_799.parquet,-53.003265380859375,-52.01742935180664,8,8
animate_subject_passive,39,Most hills are driven to by some senators.,Most hills are driven to by some carriages.,animate_subject_passive_good_39,animate_subject_passive_bad_39,longformer-650_654.parquet,longformer-660_664.parquet,pythia-160m-step70000-600_799.parquet,pythia-160m-step70000-600_799.parquet,-52.21409225463867,-52.25566101074219,9,9
determiner_noun_agreement_irregular_2,129,Many customers question this man.,Many customers question these man.,determiner_noun_agreement_irregular_2_good_129,determiner_noun_agreement_irregular_2_bad_129,longformer-320_324.parquet,longformer-380_384.parquet,pythia-160m-step70000-200_399.parquet,pythia-160m-step70000-200_399.parquet,-34.98894119262695,-41.32490539550781,6,6
principle_A_case_1,438,Lissa doesn't say that she can't appreciate Donald.,Lissa doesn't say that herself can't appreciate Donald.,principle_A_case_1_good_438,principle_A_case_1_bad_438,longformer-880_884.parquet,longformer-975_979.parquet,pythia-160m-step70000-800_999.parquet,pythia-160m-step70000-800_999.parquet,-54.41451644897461,-64.79469299316406,11,11
anaphor_number_agreement,26,Eric shouldn't aggravate himself.,Eric shouldn't aggravate themselves.,anaphor_number_agreement_good_26,anaphor_number_agreement_bad_26,longformer-315_319.parquet,longformer-455_459.parquet,pythia-160m-step70000-200_399.parquet,pythia-160m-step70000-400_599.parquet,-29.511276245117188,-31.6013126373291,6,6
determiner_noun_agreement_1,90,Lisa was hiding this nose.,Lisa was hiding this noses.,determiner_noun_agreement_1_good_90,determiner_noun_agreement_1_bad_90,longformer-130_134.parquet,longformer-140_144.parquet,pythia-160m-step70000-0_199.parquet,pythia-160m-step70000-0_199.parquet,-41.711448669433594,-47.55337142944336,6,6
determiner_noun_agreement_with_adj_irregular_2,153,Alan wasn't returning to those blue oases.,Alan wasn't returning to that blue oases.,determiner_noun_agreement_with_adj_irregular_2_good_153,determiner_noun_agreement_with_adj_irregular_2_bad_153,longformer-655_659.parquet,longformer-595_599.parquet,pythia-160m-step70000-600_799.parquet,pythia-160m-step70000-400_599.parquet,-50.223854064941406,-52.56344985961914,9,9
determiner_noun_agreement_2,105,Natalie had boasted about these newspaper articles.,Natalie had boasted about this newspaper articles.,determiner_noun_agreement_2_good_105,determiner_noun_agreement_2_bad_105,longformer-880_884.parquet,longformer-860_864.parquet,pythia-160m-step70000-800_999.parquet,pythia-160m-step70000-800_999.parquet,-51.58291244506836,-54.994327545166016,8,8
existential_there_quantifiers_2,245,Every computer wasn't there shocking that actress.,There wasn't every computer shocking that actress.,existential_there_quantifiers_2_good_245,existential_there_quantifiers_2_bad_245,longformer-850_854.parquet,longformer-855_859.parquet,pythia-160m-step70000-800_999.parquet,pythia-160m-step70000-800_999.parquet,-60.63225173950195,-55.876434326171875,9,9
passive_2,413,Martin's dermatologists are hugged.,Martin's dermatologists are chatted.,passive_2_good_413,passive_2_bad_413,longformer-435_439.parquet,longformer-450_454.parquet,pythia-160m-step70000-400_599.parquet,pythia-160m-step70000-400_599.parquet,-45.19654083251953,-46.76089096069336,6,6
determiner_noun_agreement_with_adj_irregular_1,143,Timothy walked through these new oases.,Timothy walked through these new oasis.,determiner_noun_agreement_with_adj_irregular_1_good_143,determiner_noun_agreement_with_adj_irregular_1_bad_143,longformer-540_544.parquet,longformer-545_549.parquet,pythia-160m-step70000-400_599.parquet,pythia-160m-step70000-400_599.parquet,-44.34844207763672,-43.2399787902832,7,7
matrix_question_npi_licensor_present,356,Will Brenda ever hate Christopher?,Brenda will ever hate Christopher.,matrix_question_npi_licensor_present_good_356,matrix_question_npi_licensor_present_bad_356,longformer-390_394.parquet,longformer-385_389.parquet,pythia-160m-step70000-200_399.parquet,pythia-160m-step70000-200_399.parquet,-43.56199645996094,-48.13060760498047,6,6
anaphor_gender_agreement,15,Susan hid herself.,Susan hid itself.,anaphor_gender_agreement_good_15,anaphor_gender_agreement_bad_15,longformer-25_29.parquet,longformer-20_24.parquet,pythia-160m-step70000-0_199.parquet,pythia-160m-step70000-0_199.parquet,-24.051156997680664,-32.04131317138672,4,4
superlative_quantifiers_2,550,Some adult does clean at most six chairs.,No adult does clean at most six chairs.,superlative_quantifiers_2_good_550,superlative_quantifiers_2_bad_550,longformer-625_629.parquet,longformer-530_534.parquet,pythia-160m-step70000-400_599.parquet,pythia-160m-step70000-400_599.parquet,-62.33967971801758,-63.844825744628906,9,9
anaphor_number_agreement,24,Many people bothered themselves.,Many people bothered itself.,anaphor_number_agreement_good_24,anaphor_number_agreement_bad_24,longformer-295_299.parquet,longformer-175_179.parquet,pythia-160m-step70000-200_399.parquet,pythia-160m-step70000-0_199.parquet,-23.681413650512695,-28.05659294128418,5,5
sentential_negation_npi_licensor_present,510,Homer might not ever skate around the lakes.,Homer might fortunately ever skate around the lakes.,sentential_negation_npi_licensor_present_good_510,sentential_negation_npi_licensor_present_bad_510,longformer-705_709.parquet,longformer-925_929.parquet,pythia-160m-step70000-600_799.parquet,pythia-160m-step70000-800_999.parquet,-54.420143127441406,-68.21836853027344,9,9
irregular_past_participle_adjectives,290,The forgotten analyses are bad.,The forgot analyses are bad.,irregular_past_participle_adjectives_good_290,irregular_past_participle_adjectives_bad_290,longformer-250_254.parquet,longformer-185_189.parquet,pythia-160m-step70000-200_399.parquet,pythia-160m-step70000-0_199.parquet,-38.281593322753906,-41.02246856689453,6,6
matrix_question_npi_licensor_present,358,Has this photograph ever worried Regina?,This photograph has ever worried Regina.,matrix_question_npi_licensor_present_good_358,matrix_question_npi_licensor_present_bad_358,longformer-555_559.parquet,longformer-580_584.parquet,pythia-160m-step70000-400_599.parquet,pythia-160m-step70000-400_599.parquet,-51.88399124145508,-45.69087219238281,7,7
principle_A_domain_2,463,Helen has said Noah hid himself.,Helen has said Noah hid herself.,principle_A_domain_2_good_463,principle_A_domain_2_bad_463,longformer-280_284.parquet,longformer-295_299.parquet,pythia-160m-step70000-200_399.parquet,pythia-160m-step70000-200_399.parquet,-42.26367950439453,-46.70805740356445,7,7
determiner_noun_agreement_2,102,Those projectors aggravate this girl.,Those projectors aggravate these girl.,determiner_noun_agreement_2_good_102,determiner_noun_agreement_2_bad_102,longformer-470_474.parquet,longformer-500_504.parquet,pythia-160m-step70000-400_599.parquet,pythia-160m-step70000-400_599.parquet,-45.054019927978516,-51.33454132080078,6,6
left_branch_island_echo_question,336,Stacy has questioned which cashier?,Which has Stacy questioned cashier?,left_branch_island_echo_question_good_336,left_branch_island_echo_question_bad_336,longformer-410_414.parquet,longformer-415_419.parquet,pythia-160m-step70000-400_599.parquet,pythia-160m-step70000-400_599.parquet,-46.953216552734375,-51.36045837402344,6,6
superlative_quantifiers_1,547,No bike has bothered more than seven adults.,No bike has bothered at least seven adults.,superlative_quantifiers_1_good_547,superlative_quantifiers_1_bad_547,longformer-705_709.parquet,longformer-675_679.parquet,pythia-160m-step70000-600_799.parquet,pythia-160m-step70000-600_799.parquet,-53.46025085449219,-51.88222885131836,9,9
left_branch_island_simple_question,349,Which dancers did that skirt annoy?,Which did that skirt annoy dancers?,left_branch_island_simple_question_good_349,left_branch_island_simple_question_bad_349,longformer-415_419.parquet,longformer-405_409.parquet,pythia-160m-step70000-400_599.parquet,pythia-160m-step70000-400_599.parquet,-53.32184600830078,-48.4330940246582,7,7
inchoative,273,All closets shut.,All closets conceal.,inchoative_good_273,inchoative_bad_273,longformer-15_19.parquet,longformer-40_44.parquet,pythia-160m-step70000-0_199.parquet,pythia-160m-step70000-0_199.parquet,-28.512245178222656,-34.08677673339844,4,4
determiner_noun_agreement_with_adjective_1,166,Kayla can't observe those hidden drivers.,Kayla can't observe those hidden driver.,determiner_noun_agreement_with_adjective_1_good_166,determiner_noun_agreement_with_adjective_1_bad_166,longformer-595_599.parquet,longformer-555_559.parquet,pythia-160m-step70000-600_799.parquet,pythia-160m-step70000-400_599.parquet,-51.22003173828125,-55.71137237548828,8,8
sentential_negation_npi_licensor_present,518,Valerie does not ever manage to like some coats.,Valerie does probably ever manage to like some coats.,sentential_negation_npi_licensor_present_good_518,sentential_negation_npi_licensor_present_bad_518,longformer-810_814.parquet,longformer-935_939.parquet,pythia-160m-step70000-800_999.parquet,pythia-160m-step70000-800_999.parquet,-61.58571243286133,-67.77346801757812,10,10
passive_2,412,Judy's handyman isn't referenced.,Judy's handyman isn't nodded.,passive_2_good_412,passive_2_bad_412,longformer-335_339.parquet,longformer-210_214.parquet,pythia-160m-step70000-200_399.parquet,pythia-160m-step70000-200_399.parquet,-42.6915168762207,-45.53722381591797,7,7
determiner_noun_agreement_irregular_1,110,Those waiters discover those phenomena.,Those waiters discover those phenomenon.,determiner_noun_agreement_irregular_1_good_110,determiner_noun_agreement_irregular_1_bad_110,longformer-535_539.parquet,longformer-590_594.parquet,pythia-160m-step70000-400_599.parquet,pythia-160m-step70000-400_599.parquet,-43.98624801635742,-46.351966857910156,6,6
existential_there_quantifiers_2,243,Every chair was there astounding Jill.,There was every chair astounding Jill.,existential_there_quantifiers_2_good_243,existential_there_quantifiers_2_bad_243,longformer-495_499.parquet,longformer-500_504.parquet,pythia-160m-step70000-400_599.parquet,pythia-160m-step70000-400_599.parquet,-50.20796585083008,-50.93443298339844,7,7
npi_present_1,369,Even every shoe often folded.,Even every shoe ever folded.,npi_present_1_good_369,npi_present_1_bad_369,longformer-210_214.parquet,longformer-165_169.parquet,pythia-160m-step70000-200_399.parquet,pythia-160m-step70000-0_199.parquet,-40.888938903808594,-35.939674377441406,6,6
coordinate_structure_constraint_object_extraction,83,Who are many mushrooms and Carol disgusting?,Who were many mushrooms disgusting and Carol?,coordinate_structure_constraint_object_extraction_good_83,coordinate_structure_constraint_object_extraction_bad_83,longformer-690_694.parquet,longformer-720_724.parquet,pythia-160m-step70000-600_799.parquet,pythia-160m-step70000-600_799.parquet,-55.65059280395508,-63.477535247802734,8,8
regular_plural_subject_verb_agreement_1,498,This pedestrian escapes from a lot of movie theaters.,This pedestrian escape from a lot of movie theaters.,regular_plural_subject_verb_agreement_1_good_498,regular_plural_subject_verb_agreement_1_bad_498,longformer-945_949.parquet,longformer-915_919.parquet,pythia-160m-step70000-800_999.parquet,pythia-160m-step70000-800_999.parquet,-45.56306838989258,-47.22431182861328,10,10
regular_plural_subject_verb_agreement_1,496,Laura has messed up that chair.,Laura have messed up that chair.,regular_plural_subject_verb_agreement_1_good_496,regular_plural_subject_verb_agreement_1_bad_496,longformer-250_254.parquet,longformer-305_309.parquet,pythia-160m-step70000-200_399.parquet,pythia-160m-step70000-200_399.parquet,-43.932987213134766,-46.5579948425293,7,7
left_branch_island_simple_question,341,Whose closet had Phillip noticed?,Whose had Phillip noticed closet?,left_branch_island_simple_question_good_341,left_branch_island_simple_question_bad_341,longformer-360_364.parquet,longformer-350_354.parquet,pythia-160m-step70000-200_399.parquet,pythia-160m-step70000-200_399.parquet,-46.46178436279297,-55.43517303466797,6,6
determiner_noun_agreement_with_adj_irregular_2,159,Guys hurts that smart man.,Guys hurts those smart man.,determiner_noun_agreement_with_adj_irregular_2_good_159,determiner_noun_agreement_with_adj_irregular_2_bad_159,longformer-120_124.parquet,longformer-145_149.parquet,pythia-160m-step70000-0_199.parquet,pythia-160m-step70000-0_199.parquet,-38.15382385253906,-45.746803283691406,6,6
sentential_subject_island,538,Who is this lamp's stunning some lady alarming.,Who is this lamp's stunning alarming some lady.,sentential_subject_island_good_538,sentential_subject_island_bad_538,longformer-765_769.parquet,longformer-780_784.parquet,pythia-160m-step70000-600_799.parquet,pythia-160m-step70000-600_799.parquet,-72.4974136352539,-70.11422729492188,10,10
tough_vs_raising_1,565,That river wasn't interesting to drive to.,That river wasn't about to drive to.,tough_vs_raising_1_good_565,tough_vs_raising_1_bad_565,longformer-640_644.parquet,longformer-440_444.parquet,pythia-160m-step70000-600_799.parquet,pythia-160m-step70000-400_599.parquet,-40.3856086730957,-46.112667083740234,9,9
left_branch_island_simple_question,348,Whose hypotheses has Rachel argued about?,Whose has Rachel argued about hypotheses?,left_branch_island_simple_question_good_348,left_branch_island_simple_question_bad_348,longformer-600_604.parquet,longformer-615_619.parquet,pythia-160m-step70000-600_799.parquet,pythia-160m-step70000-600_799.parquet,-55.11628723144531,-57.052547454833984,7,7
irregular_past_participle_adjectives,296,The forgotten waitress isn't concealed.,The forgot waitress isn't concealed.,irregular_past_participle_adjectives_good_296,irregular_past_participle_adjectives_bad_296,longformer-530_534.parquet,longformer-440_444.parquet,pythia-160m-step70000-400_599.parquet,pythia-160m-step70000-400_599.parquet,-44.843544006347656,-48.82990646362305,7,7
distractor_agreement_relative_clause,182,The doctor that has impressed these teachers laughs.,The doctor that has impressed these teachers laugh.,distractor_agreement_relative_clause_good_182,distractor_agreement_relative_clause_bad_182,longformer-900_904.parquet,longformer-885_889.parquet,pythia-160m-step70000-800_999.parquet,pythia-160m-step70000-800_999.parquet,-55.272972106933594,-56.72646713256836,9,9
determiner_noun_agreement_irregular_2,125,Some men discover these fungi.,Some men discover this fungi.,determiner_noun_agreement_irregular_2_good_125,determiner_noun_agreement_irregular_2_bad_125,longformer-225_229.parquet,longformer-200_204.parquet,pythia-160m-step70000-200_399.parquet,pythia-160m-step70000-200_399.parquet,-34.6009635925293,-36.50825500488281,6,6
existential_there_subject_raising,257,There isn't bound to be a teenager exploring a lake.,There isn't ready to be a teenager exploring a lake.,existential_there_subject_raising_good_257,existential_there_subject_raising_bad_257,longformer-925_929.parquet,longformer-910_914.parquet,pythia-160m-step70000-800_999.parquet,pythia-160m-step70000-800_999.parquet,-52.442543029785156,-51.34375762939453,12,12
superlative_quantifiers_2,553,That driver was researching at most four documentaries.,No driver was researching at most four documentaries.,superlative_quantifiers_2_good_553,superlative_quantifiers_2_bad_553,longformer-980_984.parquet,longformer-940_944.parquet,pythia-160m-step70000-800_999.parquet,pythia-160m-step70000-800_999.parquet,-59.857215881347656,-61.215843200683594,9,9
principle_A_domain_1,451,Rose isn't thinking that Theodore did visit her.,Rose isn't thinking that Theodore did visit herself.,principle_A_domain_1_good_451,principle_A_domain_1_bad_451,longformer-800_804.parquet,longformer-910_914.parquet,pythia-160m-step70000-800_999.parquet,pythia-160m-step70000-800_999.parquet,-54.510093688964844,-61.20022964477539,10,10
coordinate_structure_constraint_complex_left_branch,77,Which women might those boxes bother and the guys see?,Which might those boxes bother women and the guys see?,coordinate_structure_constraint_complex_left_branch_good_77,coordinate_structure_constraint_complex_left_branch_bad_77,longformer-955_959.parquet,longformer-960_964.parquet,pythia-160m-step70000-800_999.parquet,pythia-160m-step70000-800_999.parquet,-70.43885803222656,-66.8187484741211,11,11
passive_1,407,Brenda wasn't criticized by Paul.,Brenda wasn't shrugged by Paul.,passive_1_good_407,passive_1_bad_407,longformer-345_349.parquet,longformer-260_264.parquet,pythia-160m-step70000-200_399.parquet,pythia-160m-step70000-200_399.parquet,-44.71971893310547,-50.82897186279297,7,7
sentential_subject_island,531,Who will those libraries' aggravating Tara distract.,Who will those libraries' aggravating distract Tara.,sentential_subject_island_good_531,sentential_subject_island_bad_531,longformer-915_919.parquet,longformer-915_919.parquet,pythia-160m-step70000-800_999.parquet,pythia-160m-step70000-800_999.parquet,-78.65228271484375,-79.01414489746094,9,9
irregular_past_participle_adjectives,299,The broken chairs aren't whole.,The broke chairs aren't whole.,irregular_past_participle_adjectives_good_299,irregular_past_participle_adjectives_bad_299,longformer-265_269.parquet,longformer-240_244.parquet,pythia-160m-step70000-200_399.parquet,pythia-160m-step70000-200_399.parquet,-39.89597702026367,-44.70393371582031,7,7
determiner_noun_agreement_irregular_2,128,Ann will lift those geese.,Ann will lift that geese.,determiner_noun_agreement_irregular_2_good_128,determiner_noun_agreement_irregular_2_bad_128,longformer-125_129.parquet,longformer-100_104.parquet,pythia-160m-step70000-0_199.parquet,pythia-160m-step70000-0_199.parquet,-42.369380950927734,-42.589256286621094,6,6
determiner_noun_agreement_with_adj_2,131,This bread astounded these concealed customers.,This bread astounded this concealed customers.,determiner_noun_agreement_with_adj_2_good_131,determiner_noun_agreement_with_adj_2_bad_131,longformer-795_799.parquet,longformer-750_754.parquet,pythia-160m-step70000-600_799.parquet,pythia-160m-step70000-600_799.parquet,-60.52859878540039,-63.81077194213867,7,7
determiner_noun_agreement_irregular_2,121,Senators mess up those feet.,Senators mess up that feet.,determiner_noun_agreement_irregular_2_good_121,determiner_noun_agreement_irregular_2_bad_121,longformer-170_174.parquet,longformer-140_144.parquet,pythia-160m-step70000-0_199.parquet,pythia-160m-step70000-0_199.parquet,-38.73544692993164,-41.58466339111328,6,6
anaphor_gender_agreement,16,Barbara is noticing herself.,Barbara is noticing himself.,anaphor_gender_agreement_good_16,anaphor_gender_agreement_bad_16,longformer-190_194.parquet,longformer-180_184.parquet,pythia-160m-step70000-0_199.parquet,pythia-160m-step70000-0_199.parquet,-31.961753845214844,-32.538230895996094,5,5
drop_argument,190,Jill's French teacher had observed.,Jill's French teacher had looked like.,drop_argument_good_190,drop_argument_bad_190,longformer-400_404.parquet,longformer-490_494.parquet,pythia-160m-step70000-400_599.parquet,pythia-160m-step70000-400_599.parquet,-45.138797760009766,-53.733917236328125,7,8
determiner_noun_agreement_with_adj_2,134,Many actresses care for those delighted senators.,Many actresses care for that delighted senators.,determiner_noun_agreement_with_adj_2_good_134,determiner_noun_agreement_with_adj_2_bad_134,longformer-835_839.parquet,longformer-820_824.parquet,pythia-160m-step70000-800_999.parquet,pythia-160m-step70000-800_999.parquet,-53.17591094970703,-54.28187561035156,8,8
principle_A_domain_3,471,Valerie says Marcus couldn't escape from himself.,Marcus says Valerie couldn't escape from himself.,principle_A_domain_3_good_471,principle_A_domain_3_bad_471,longformer-840_844.parquet,longformer-835_839.parquet,pythia-160m-step70000-800_999.parquet,pythia-160m-step70000-800_999.parquet,-52.90483474731445,-48.7173957824707,9,9
sentential_subject_island,539,Who did most legislatures' talking about Stephen upset.,Who did most legislatures' talking about upset Stephen.,sentential_subject_island_good_539,sentential_subject_island_bad_539,longformer-980_984.parquet,longformer-985_989.parquet,pythia-160m-step70000-800_999.parquet,pythia-160m-step70000-800_999.parquet,-74.56820678710938,-72.66728973388672,10,10
only_npi_licensor_present,387,Only Julie ever respects Elaine.,Even Julie ever respects Elaine.,only_npi_licensor_present_good_387,only_npi_licensor_present_bad_387,longformer-285_289.parquet,longformer-285_289.parquet,pythia-160m-step70000-200_399.parquet,pythia-160m-step70000-200_399.parquet,-44.65818786621094,-45.039100646972656,6,6
wh_questions_object_gap,600,The senators question the boys that Travis hid.,The senators question who Travis hid the boys.,wh_questions_object_gap_good_600,wh_questions_object_gap_bad_600,longformer-765_769.parquet,longformer-735_739.parquet,pythia-160m-step70000-600_799.parquet,pythia-160m-step70000-600_799.parquet,-63.47736358642578,-65.4621353149414,9,9
principle_A_domain_3,476,Sara says Chad's brother notices himself.,Chad's brother says Sara notices himself.,principle_A_domain_3_good_476,principle_A_domain_3_bad_476,longformer-625_629.parquet,longformer-595_599.parquet,pythia-160m-step70000-600_799.parquet,pythia-160m-step70000-600_799.parquet,-56.41981506347656,-54.23666000366211,8,8
intransitive,285,All guests are hiding away.,All guests are disagreeing with.,intransitive_good_285,intransitive_bad_285,longformer-155_159.parquet,longformer-295_299.parquet,pythia-160m-step70000-0_199.parquet,pythia-160m-step70000-200_399.parquet,-34.936676025390625,-36.52239227294922,6,6
animate_subject_passive,33,Some newspaper articles weren't examined by the actor.,Some newspaper articles weren't examined by the nuclei.,animate_subject_passive_good_33,animate_subject_passive_bad_33,longformer-950_954.parquet,longformer-965_969.parquet,pythia-160m-step70000-800_999.parquet,pythia-160m-step70000-800_999.parquet,-47.92550277709961,-54.78281784057617,10,10
adjunct_island,6,Who did Emily leave without curing Alan?,Who did Emily leave Alan without curing?,adjunct_island_good_6,adjunct_island_bad_6,longformer-575_579.parquet,longformer-590_594.parquet,pythia-160m-step70000-400_599.parquet,pythia-160m-step70000-400_599.parquet,-54.836021423339844,-54.509464263916016,8,8
tough_vs_raising_1,562,Every guest's podiatrist isn't difficult to fire.,Every guest's podiatrist isn't soon to fire.,tough_vs_raising_1_good_562,tough_vs_raising_1_bad_562,longformer-845_849.parquet,longformer-705_709.parquet,pythia-160m-step70000-800_999.parquet,pythia-160m-step70000-600_799.parquet,-55.4169807434082,-61.03473663330078,10,10
determiner_noun_agreement_with_adj_2,138,Deborah couldn't remember this concealed high school.,Deborah couldn't remember these concealed high school.,determiner_noun_agreement_with_adj_2_good_138,determiner_noun_agreement_with_adj_2_bad_138,longformer-945_949.parquet,longformer-950_954.parquet,pythia-160m-step70000-800_999.parquet,pythia-160m-step70000-800_999.parquet,-61.91790008544922,-66.78352355957031,9,9
principle_A_reconstruction,484,It's herself who Amanda might criticize.,It's herself who might criticize Amanda.,principle_A_reconstruction_good_484,principle_A_reconstruction_bad_484,longformer-575_579.parquet,longformer-570_574.parquet,pythia-160m-step70000-400_599.parquet,pythia-160m-step70000-400_599.parquet,-52.560760498046875,-49.781593322753906,8,8
animate_subject_passive,37,Many ladders weren't climbed down by some child.,Many ladders weren't climbed down by some tooth.,animate_subject_passive_good_37,animate_subject_passive_bad_37,longformer-795_799.parquet,longformer-820_824.parquet,pythia-160m-step70000-800_999.parquet,pythia-160m-step70000-800_999.parquet,-57.546424865722656,-65.50665283203125,10,10
principle_A_domain_2,467,April imagines Clyde cures himself.,April imagines Clyde cures herself.,principle_A_domain_2_good_467,principle_A_domain_2_bad_467,longformer-425_429.parquet,longformer-415_419.parquet,pythia-160m-step70000-400_599.parquet,pythia-160m-step70000-400_599.parquet,-53.797279357910156,-55.53205108642578,6,6
passive_1,403,Larry's oncologists aren't helped by Spain.,Larry's oncologists aren't struggled by Spain.,passive_1_good_403,passive_1_bad_403,longformer-675_679.parquet,longformer-745_749.parquet,pythia-160m-step70000-600_799.parquet,pythia-160m-step70000-600_799.parquet,-56.408531188964844,-65.78311157226562,9,9
transitive,582,Amy's cousins distracts a lot of women.,Amy's cousins reply a lot of women.,transitive_good_582,transitive_bad_582,longformer-540_544.parquet,longformer-410_414.parquet,pythia-160m-step70000-400_599.parquet,pythia-160m-step70000-400_599.parquet,-56.34474182128906,-58.728126525878906,9,9
wh_vs_that_with_gap,651,Holly conceals what the patients are driving to.,Holly conceals that the patients are driving to.,wh_vs_that_with_gap_good_651,wh_vs_that_with_gap_bad_651,longformer-815_819.parquet,longformer-810_814.parquet,pythia-160m-step70000-800_999.parquet,pythia-160m-step70000-800_999.parquet,-55.365020751953125,-60.56471252441406,9,9
drop_argument,198,Every teenager isn't descending.,Every teenager isn't dropping by.,drop_argument_good_198,drop_argument_bad_198,longformer-315_319.parquet,longformer-325_329.parquet,pythia-160m-step70000-200_399.parquet,pythia-160m-step70000-200_399.parquet,-34.17203903198242,-34.218505859375,6,7
tough_vs_raising_2,573,Melinda's guests aren't about to yearn to sit down.,Melinda's guests aren't unpleasant to yearn to sit down.,tough_vs_raising_2_good_573,tough_vs_raising_2_bad_573,longformer-890_894.parquet,longformer-1000_1004.parquet,pythia-160m-step70000-800_999.parquet,pythia-160m-step70000-800_999.parquet,-61.41048049926758,-73.13127136230469,12,12
inchoative,271,Some car is crashing.,Some car is looking like.,inchoative_good_271,inchoative_bad_271,longformer-45_49.parquet,longformer-95_99.parquet,pythia-160m-step70000-0_199.parquet,pythia-160m-step70000-0_199.parquet,-23.031394958496094,-28.267837524414062,5,6
irregular_plural_subject_verb_agreement_2,323,The woman drinks.,The women drinks.,irregular_plural_subject_verb_agreement_2_good_323,irregular_plural_subject_verb_agreement_2_bad_323,longformer-20_24.parquet,longformer-15_19.parquet,pythia-160m-step70000-0_199.parquet,pythia-160m-step70000-0_199.parquet,-20.80982780456543,-24.314544677734375,4,4
tough_vs_raising_1,566,Some oasis isn't boring to escape from.,Some oasis isn't about to escape from.,tough_vs_raising_1_good_566,tough_vs_raising_1_bad_566,longformer-545_549.parquet,longformer-515_519.parquet,pythia-160m-step70000-400_599.parquet,pythia-160m-step70000-400_599.parquet,-48.9854621887207,-43.99605178833008,9,9
regular_plural_subject_verb_agreement_2,509,The bank hasn't resembled this sketch.,The banks hasn't resembled this sketch.,regular_plural_subject_verb_agreement_2_good_509,regular_plural_subject_verb_agreement_2_bad_509,longformer-485_489.parquet,longformer-520_524.parquet,pythia-160m-step70000-400_599.parquet,pythia-160m-step70000-400_599.parquet,-45.897705078125,-51.722679138183594,8,8
existential_there_subject_raising,258,There turns out to be an essay boring Holly.,There wishes to be an essay boring Holly.,existential_there_subject_raising_good_258,existential_there_subject_raising_bad_258,longformer-690_694.parquet,longformer-595_599.parquet,pythia-160m-step70000-600_799.parquet,pythia-160m-step70000-600_799.parquet,-52.13312530517578,-57.78251647949219,10,9
regular_plural_subject_verb_agreement_1,492,Actors examine the plays.,Actors examines the plays.,regular_plural_subject_verb_agreement_1_good_492,regular_plural_subject_verb_agreement_1_bad_492,longformer-110_114.parquet,longformer-130_134.parquet,pythia-160m-step70000-0_199.parquet,pythia-160m-step70000-0_199.parquet,-39.00717544555664,-38.673587799072266,5,5
adjunct_island,5,Who could Marie think about before referencing James?,Who could Marie think about James before referencing?,adjunct_island_good_5,adjunct_island_bad_5,longformer-945_949.parquet,longformer-930_934.parquet,pythia-160m-step70000-800_999.parquet,pythia-160m-step70000-800_999.parquet,-61.50061798095703,-67.73020935058594,9,9
passive_1,409,Theresa was forgotten by every son of Joseph.,Theresa was concurred by every son of Joseph.,passive_1_good_409,passive_1_bad_409,longformer-710_714.parquet,longformer-720_724.parquet,pythia-160m-step70000-600_799.parquet,pythia-160m-step70000-600_799.parquet,-52.833187103271484,-59.13854217529297,9,9
causative,54,Eva wasn't evaporating some icicle.,Eva wasn't falling some icicle.,causative_good_54,causative_bad_54,longformer-410_414.parquet,longformer-260_264.parquet,pythia-160m-step70000-400_599.parquet,pythia-160m-step70000-200_399.parquet,-57.232940673828125,-51.92274475097656,7,7
left_branch_island_simple_question,346,Which offspring did Florence leave?,Which did Florence leave offspring?,left_branch_island_simple_question_good_346,left_branch_island_simple_question_bad_346,longformer-415_419.parquet,longformer-430_434.parquet,pythia-160m-step70000-400_599.parquet,pythia-160m-step70000-400_599.parquet,-45.367393493652344,-42.30339050292969,6,6
sentential_subject_island,537,Who will the convertible's confusing those women worry.,Who will the convertible's confusing worry those women.,sentential_subject_island_good_537,sentential_subject_island_bad_537,longformer-970_974.parquet,longformer-980_984.parquet,pythia-160m-step70000-800_999.parquet,pythia-160m-step70000-800_999.parquet,-81.31646728515625,-76.6368179321289,10,10
wh_island,598,Who hasn't Kristin learned she can care for?,Who hasn't Kristin learned who can care for?,wh_island_good_598,wh_island_bad_598,longformer-680_684.parquet,longformer-700_704.parquet,pythia-160m-step70000-600_799.parquet,pythia-160m-step70000-600_799.parquet,-52.413055419921875,-57.49210739135742,10,10
existential_there_quantifiers_2,242,Most carriages weren't there impressing Patricia.,There weren't most carriages impressing Patricia.,existential_there_quantifiers_2_good_242,existential_there_quantifiers_2_bad_242,longformer-845_849.parquet,longformer-835_839.parquet,pythia-160m-step70000-800_999.parquet,pythia-160m-step70000-800_999.parquet,-62.9537239074707,-61.07712936401367,8,8
animate_subject_passive,31,That mirror wasn't broken by some girls.,That mirror wasn't broken by some newspaper article.,animate_subject_passive_good_31,animate_subject_passive_bad_31,longformer-560_564.parquet,longformer-905_909.parquet,pythia-160m-step70000-400_599.parquet,pythia-160m-step70000-800_999.parquet,-46.82356262207031,-47.644813537597656,9,10
superlative_quantifiers_1,544,No book does confuse more than four doctors.,No book does confuse at least four doctors.,superlative_quantifiers_1_good_544,superlative_quantifiers_1_bad_544,longformer-690_694.parquet,longformer-675_679.parquet,pythia-160m-step70000-600_799.parquet,pythia-160m-step70000-600_799.parquet,-52.91715621948242,-57.4879150390625,9,9
regular_plural_subject_verb_agreement_2,504,The scarves shrink.,The scarf shrink.,regular_plural_subject_verb_agreement_2_good_504,regular_plural_subject_verb_agreement_2_bad_504,longformer-30_34.parquet,longformer-20_24.parquet,pythia-160m-step70000-0_199.parquet,pythia-160m-step70000-0_199.parquet,-27.39719009399414,-29.300668716430664,4,4
principle_A_domain_1,456,Alicia has thought that Edward hides her.,Alicia has thought that Edward hides herself.,principle_A_domain_1_good_456,principle_A_domain_1_bad_456,longformer-610_614.parquet,longformer-710_714.parquet,pythia-160m-step70000-600_799.parquet,pythia-160m-step70000-600_799.parquet,-57.65889358520508,-62.125186920166016,8,8
principle_A_case_1,431,Tamara thinks that she praised every story.,Tamara thinks that herself praised every story.,principle_A_case_1_good_431,principle_A_case_1_bad_431,longformer-670_674.parquet,longformer-790_794.parquet,pythia-160m-step70000-600_799.parquet,pythia-160m-step70000-600_799.parquet,-54.52768325805664,-58.69239044189453,8,8
wh_island,590,What have a lot of cashiers concealed they found?,What have a lot of cashiers concealed who found?,wh_island_good_590,wh_island_bad_590,longformer-830_834.parquet,longformer-805_809.parquet,pythia-160m-step70000-800_999.parquet,pythia-160m-step70000-800_999.parquet,-61.4869270324707,-68.87461853027344,10,10
regular_plural_subject_verb_agreement_2,507,The cashier has bought the ice cream.,The cashiers has bought the ice cream.,regular_plural_subject_verb_agreement_2_good_507,regular_plural_subject_verb_agreement_2_bad_507,longformer-470_474.parquet,longformer-505_509.parquet,pythia-160m-step70000-400_599.parquet,pythia-160m-step70000-400_599.parquet,-37.618370056152344,-46.70001983642578,8,8
passive_2,414,The boy isn't disturbed.,The boy isn't grinned.,passive_2_good_414,passive_2_bad_414,longformer-80_84.parquet,longformer-55_59.parquet,pythia-160m-step70000-0_199.parquet,pythia-160m-step70000-0_199.parquet,-26.253843307495117,-32.36979675292969,6,6
wh_vs_that_no_gap,635,This dancer knows that the teenagers question Cindy.,This dancer knows who the teenagers question Cindy.,wh_vs_that_no_gap_good_635,wh_vs_that_no_gap_bad_635,longformer-900_904.parquet,longformer-895_899.parquet,pythia-160m-step70000-800_999.parquet,pythia-160m-step70000-800_999.parquet,-64.13394165039062,-70.13556671142578,9,9
determiner_noun_agreement_irregular_1,113,Suzanne doesn't think about those syntheses.,Suzanne doesn't think about those synthesis.,determiner_noun_agreement_irregular_1_good_113,determiner_noun_agreement_irregular_1_bad_113,longformer-700_704.parquet,longformer-680_684.parquet,pythia-160m-step70000-600_799.parquet,pythia-160m-step70000-600_799.parquet,-53.49162292480469,-57.53999328613281,8,8
causative,55,Paula heals Larry's grandson.,Paula bakes Larry's grandson.,causative_good_55,causative_bad_55,longformer-215_219.parquet,longformer-195_199.parquet,pythia-160m-step70000-200_399.parquet,pythia-160m-step70000-200_399.parquet,-51.74991989135742,-48.7971076965332,6,6
principle_A_domain_1,453,Maria explained that those guys won't respect her.,Maria explained that those guys won't respect herself.,principle_A_domain_1_good_453,principle_A_domain_1_bad_453,longformer-850_854.parquet,longformer-955_959.parquet,pythia-160m-step70000-800_999.parquet,pythia-160m-step70000-800_999.parquet,-44.23859786987305,-49.8350715637207,10,10
principle_A_domain_2,464,The Clintons imagine Rose wasn't healing herself.,The Clintons imagine Rose wasn't healing themselves.,principle_A_domain_2_good_464,principle_A_domain_2_bad_464,longformer-825_829.parquet,longformer-905_909.parquet,pythia-160m-step70000-800_999.parquet,pythia-160m-step70000-800_999.parquet,-61.28779602050781,-63.31299591064453,9,9
principle_A_c_command,426,That car that annoyed waitresses can upset itself.,That car that annoyed waitresses can upset themselves.,principle_A_c_command_good_426,principle_A_c_command_bad_426,longformer-855_859.parquet,longformer-960_964.parquet,pythia-160m-step70000-800_999.parquet,pythia-160m-step70000-800_999.parquet,-66.30322265625,-64.84724426269531,9,9
complex_NP_island,69,Who wouldn't Stephen's mother who will like Sarah stun?,Who wouldn't Sarah stun Stephen's mother who will like?,complex_NP_island_good_69,complex_NP_island_bad_69,longformer-985_989.parquet,longformer-985_989.parquet,pythia-160m-step70000-800_999.parquet,pythia-160m-step70000-800_999.parquet,-78.11782836914062,-80.445556640625,12,12
irregular_past_participle_adjectives,292,The known cashier is delighted.,The knew cashier is delighted.,irregular_past_participle_adjectives_good_292,irregular_past_participle_adjectives_bad_292,longformer-275_279.parquet,longformer-225_229.parquet,pythia-160m-step70000-200_399.parquet,pythia-160m-step70000-200_399.parquet,-41.40410232543945,-45.950748443603516,6,6
anaphor_gender_agreement,19,Diane had concealed herself.,Diane had concealed himself.,anaphor_gender_agreement_good_19,anaphor_gender_agreement_bad_19,longformer-175_179.parquet,longformer-175_179.parquet,pythia-160m-step70000-0_199.parquet,pythia-160m-step70000-0_199.parquet,-34.093605041503906,-34.30354309082031,5,5
wh_vs_that_with_gap,652,Some teenagers remember who this sketch looks like.,Some teenagers remember that this sketch looks like.,wh_vs_that_with_gap_good_652,wh_vs_that_with_gap_bad_652,longformer-895_899.parquet,longformer-925_929.parquet,pythia-160m-step70000-800_999.parquet,pythia-160m-step70000-800_999.parquet,-46.329566955566406,-50.659400939941406,9,9
causative,59,The teenagers fade all screens.,The teenagers waste away all screens.,causative_good_59,causative_bad_59,longformer-265_269.parquet,longformer-470_474.parquet,pythia-160m-step70000-200_399.parquet,pythia-160m-step70000-400_599.parquet,-47.24883270263672,-44.696109771728516,6,7
superlative_quantifiers_2,556,That government could praise at least eight ladies.,No government could praise at least eight ladies.,superlative_quantifiers_2_good_556,superlative_quantifiers_2_bad_556,longformer-900_904.parquet,longformer-845_849.parquet,pythia-160m-step70000-800_999.parquet,pythia-160m-step70000-800_999.parquet,-52.690826416015625,-58.85881805419922,9,9
existential_there_quantifiers_2,241,All convertibles weren't there existing.,There weren't all convertibles existing.,existential_there_quantifiers_2_good_241,existential_there_quantifiers_2_bad_241,longformer-575_579.parquet,longformer-565_569.parquet,pythia-160m-step70000-400_599.parquet,pythia-160m-step70000-400_599.parquet,-47.1185188293457,-39.27077865600586,7,7
principle_A_case_2,448,The Lutherans think about themselves questioning Janice.,The Lutherans think about themselves questioned Janice.,principle_A_case_2_good_448,principle_A_case_2_bad_448,longformer-1000_1004.parquet,longformer-970_974.parquet,pythia-160m-step70000-800_999.parquet,pythia-160m-step70000-800_999.parquet,-60.36784744262695,-61.619049072265625,8,8
only_npi_licensor_present,381,Only Paula ever intends to escape from Carrie.,Even Paula ever intends to escape from Carrie.,only_npi_licensor_present_good_381,only_npi_licensor_present_bad_381,longformer-755_759.parquet,longformer-735_739.parquet,pythia-160m-step70000-600_799.parquet,pythia-160m-step70000-600_799.parquet,-54.93134689331055,-56.76350021362305,9,9
intransitive,288,These associations are profiting.,These associations are concealing.,intransitive_good_288,intransitive_bad_288,longformer-320_324.parquet,longformer-365_369.parquet,pythia-160m-step70000-200_399.parquet,pythia-160m-step70000-200_399.parquet,-31.815454483032227,-28.94109344482422,5,5
superlative_quantifiers_2,552,A waitress does dislike at most two women.,No waitress does dislike at most two women.,superlative_quantifiers_2_good_552,superlative_quantifiers_2_bad_552,longformer-630_634.parquet,longformer-665_669.parquet,pythia-160m-step70000-600_799.parquet,pythia-160m-step70000-600_799.parquet,-62.127471923828125,-65.53244018554688,9,9
coordinate_structure_constraint_complex_left_branch,72,What guests will Mary respect and Spain worry?,What will Mary respect guests and Spain worry?,coordinate_structure_constraint_complex_left_branch_good_72,coordinate_structure_constraint_complex_left_branch_bad_72,longformer-730_734.parquet,longformer-735_739.parquet,pythia-160m-step70000-600_799.parquet,pythia-160m-step70000-600_799.parquet,-72.87902069091797,-71.44608306884766,9,9
animate_subject_passive,38,Most actresses weren't discussed by some offspring.,Most actresses weren't discussed by some ladder.,animate_subject_passive_good_38,animate_subject_passive_bad_38,longformer-880_884.parquet,longformer-810_814.parquet,pythia-160m-step70000-800_999.parquet,pythia-160m-step70000-800_999.parquet,-54.028663635253906,-56.450775146484375,9,9
principle_A_case_2,447,Frank thinks about himself researching a lot of plays.,Frank thinks about himself researches a lot of plays.,principle_A_case_2_good_447,principle_A_case_2_bad_447,longformer-950_954.parquet,longformer-940_944.parquet,pythia-160m-step70000-800_999.parquet,pythia-160m-step70000-800_999.parquet,-52.61404037475586,-57.01228332519531,10,10
coordinate_structure_constraint_object_extraction,84,What were Nancy and Rhonda curing?,What is Nancy curing and Rhonda?,coordinate_structure_constraint_object_extraction_good_84,coordinate_structure_constraint_object_extraction_bad_84,longformer-370_374.parquet,longformer-310_314.parquet,pythia-160m-step70000-200_399.parquet,pythia-160m-step70000-200_399.parquet,-47.753173828125,-53.90436935424805,7,7
existential_there_subject_raising,256,There wasn't certain to be spinach going bad.,There wasn't unhappy to be spinach going bad.,existential_there_subject_raising_good_256,existential_there_subject_raising_bad_256,longformer-705_709.parquet,longformer-710_714.parquet,pythia-160m-step70000-600_799.parquet,pythia-160m-step70000-600_799.parquet,-49.685569763183594,-57.86566162109375,10,10
tough_vs_raising_2,571,This patient wasn't about to dislike Gary.,This patient wasn't easy to dislike Gary.,tough_vs_raising_2_good_571,tough_vs_raising_2_bad_571,longformer-655_659.parquet,longformer-605_609.parquet,pythia-160m-step70000-600_799.parquet,pythia-160m-step70000-600_799.parquet,-47.70603942871094,-51.06755065917969,9,9
irregular_plural_subject_verb_agreement_1,318,This medium upsets some school.,This medium upset some school.,irregular_plural_subject_verb_agreement_1_good_318,irregular_plural_subject_verb_agreement_1_bad_318,longformer-270_274.parquet,longformer-235_239.parquet,pythia-160m-step70000-200_399.parquet,pythia-160m-step70000-200_399.parquet,-43.6926155090332,-42.07737350463867,6,6
npi_present_2,373,Thomas also drops by Spain.,Thomas ever drops by Spain.,npi_present_2_good_373,npi_present_2_bad_373,longformer-155_159.parquet,longformer-135_139.parquet,pythia-160m-step70000-0_199.parquet,pythia-160m-step70000-0_199.parquet,-39.33074188232422,-41.364925384521484,6,6
determiner_noun_agreement_with_adjective_1,167,Catherine fixes this dirty cup.,Catherine fixes this dirty cups.,determiner_noun_agreement_with_adjective_1_good_167,determiner_noun_agreement_with_adjective_1_bad_167,longformer-260_264.parquet,longformer-285_289.parquet,pythia-160m-step70000-200_399.parquet,pythia-160m-step70000-200_399.parquet,-47.8280029296875,-53.15971374511719,6,6
only_npi_licensor_present,388,Only Raymond ever plays.,Even Raymond ever plays.,only_npi_licensor_present_good_388,only_npi_licensor_present_bad_388,longformer-85_89.parquet,longformer-75_79.parquet,pythia-160m-step70000-0_199.parquet,pythia-160m-step70000-0_199.parquet,-33.51374435424805,-34.63356018066406,5,5
anaphor_gender_agreement,17,Amelia heals herself.,Amelia heals himself.,anaphor_gender_agreement_good_17,anaphor_gender_agreement_bad_17,longformer-45_49.parquet,longformer-45_49.parquet,pythia-160m-step70000-0_199.parquet,pythia-160m-step70000-0_199.parquet,-29.613059997558594,-30.041536331176758,4,4
tough_vs_raising_1,564,All art galleries are annoying to respect.,All art galleries are certain to respect.,tough_vs_raising_1_good_564,tough_vs_raising_1_bad_564,longformer-645_649.parquet,longformer-620_624.parquet,pythia-160m-step70000-600_799.parquet,pythia-160m-step70000-600_799.parquet,-46.77975845336914,-41.953895568847656,8,8
determiner_noun_agreement_1,97,Most patients had forgotten those actors.,Most patients had forgotten those actor.,determiner_noun_agreement_1_good_97,determiner_noun_agreement_1_bad_97,longformer-605_609.parquet,longformer-585_589.parquet,pythia-160m-step70000-600_799.parquet,pythia-160m-step70000-400_599.parquet,-44.79285430908203,-50.09257507324219,7,7
determiner_noun_agreement_irregular_1,117,Claire has those geese.,Claire has those goose.,determiner_noun_agreement_irregular_1_good_117,determiner_noun_agreement_irregular_1_bad_117,longformer-65_69.parquet,longformer-65_69.parquet,pythia-160m-step70000-0_199.parquet,pythia-160m-step70000-0_199.parquet,-37.47783660888672,-40.10743713378906,5,5
existential_there_subject_raising,254,There appears to be an eggplant annoying Patricia.,There needs to be an eggplant annoying Patricia.,existential_there_subject_raising_good_254,existential_there_subject_raising_bad_254,longformer-865_869.parquet,longformer-810_814.parquet,pythia-160m-step70000-800_999.parquet,pythia-160m-step70000-800_999.parquet,-56.61492919921875,-63.47001647949219,9,9
irregular_plural_subject_verb_agreement_1,319,Most crises distract Cheryl.,Most crises distracts Cheryl.,irregular_plural_subject_verb_agreement_1_good_319,irregular_plural_subject_verb_agreement_1_bad_319,longformer-165_169.parquet,longformer-205_209.parquet,pythia-160m-step70000-0_199.parquet,pythia-160m-step70000-200_399.parquet,-43.45042419433594,-48.05824279785156,5,5
adjunct_island,4,Who might that actor hide before hiding Russell?,Who might that actor hide Russell before hiding?,adjunct_island_good_4,adjunct_island_bad_4,longformer-800_804.parquet,longformer-820_824.parquet,pythia-160m-step70000-800_999.parquet,pythia-160m-step70000-800_999.parquet,-60.65812683105469,-62.805885314941406,9,9
determiner_noun_agreement_with_adj_irregular_1,140,John can't aggravate those excited alumni.,John can't aggravate those excited alumnus.,determiner_noun_agreement_with_adj_irregular_1_good_140,determiner_noun_agreement_with_adj_irregular_1_bad_140,longformer-635_639.parquet,longformer-670_674.parquet,pythia-160m-step70000-600_799.parquet,pythia-160m-step70000-600_799.parquet,-55.380592346191406,-59.97527313232422,8,8
irregular_past_participle_verbs,300,Those people hid away.,Those people hidden away.,irregular_past_participle_verbs_good_300,irregular_past_participle_verbs_bad_300,longformer-50_54.parquet,longformer-95_99.parquet,pythia-160m-step70000-0_199.parquet,pythia-160m-step70000-0_199.parquet,-24.77235984802246,-26.080280303955078,5,5
irregular_past_participle_adjectives,294,The hidden sweater is small.,The hid sweater is small.,irregular_past_participle_adjectives_good_294,irregular_past_participle_adjectives_bad_294,longformer-170_174.parquet,longformer-115_119.parquet,pythia-160m-step70000-0_199.parquet,pythia-160m-step70000-0_199.parquet,-35.55152893066406,-39.366024017333984,6,6
left_branch_island_echo_question,331,The Lutherans have examined what stories?,What have the Lutherans examined stories?,left_branch_island_echo_question_good_331,left_branch_island_echo_question_bad_331,longformer-615_619.parquet,longformer-600_604.parquet,pythia-160m-step70000-600_799.parquet,pythia-160m-step70000-600_799.parquet,-50.671302795410156,-51.158382415771484,7,7
principle_A_reconstruction,481,It's herself that Samantha sounds like.,It's herself that sounds like Samantha.,principle_A_reconstruction_good_481,principle_A_reconstruction_bad_481,longformer-525_529.parquet,longformer-535_539.parquet,pythia-160m-step70000-400_599.parquet,pythia-160m-step70000-400_599.parquet,-47.96034622192383,-41.97932052612305,8,8
drop_argument,196,Paul had sold.,Paul had fired.,drop_argument_good_196,drop_argument_bad_196,longformer-0_4.parquet,longformer-5_9.parquet,pythia-160m-step70000-0_199.parquet,pythia-160m-step70000-0_199.parquet,-18.409839630126953,-18.377914428710938,4,4
determiner_noun_agreement_2,101,Candice admired this jacket.,Candice admired these jacket.,determiner_noun_agreement_2_good_101,determiner_noun_agreement_2_bad_101,longformer-180_184.parquet,longformer-190_194.parquet,pythia-160m-step70000-0_199.parquet,pythia-160m-step70000-0_199.parquet,-34.07896041870117,-39.73041534423828,5,5
regular_plural_subject_verb_agreement_2,501,The essays have hurt Florence.,The essay have hurt Florence.,regular_plural_subject_verb_agreement_2_good_501,regular_plural_subject_verb_agreement_2_bad_501,longformer-235_239.parquet,longformer-205_209.parquet,pythia-160m-step70000-200_399.parquet,pythia-160m-step70000-0_199.parquet,-41.51495361328125,-46.478248596191406,6,6
sentential_subject_island,530,Who had some drivers' returning to Colleen impressed.,Who had some drivers' returning to impressed Colleen.,sentential_subject_island_good_530,sentential_subject_island_bad_530,longformer-940_944.parquet,longformer-930_934.parquet,pythia-160m-step70000-800_999.parquet,pythia-160m-step70000-800_999.parquet,-71.55725860595703,-72.78192138671875,10,10
irregular_plural_subject_verb_agreement_2,326,The children reference Erin.,The child reference Erin.,irregular_plural_subject_verb_agreement_2_good_326,irregular_plural_subject_verb_agreement_2_bad_326,longformer-185_189.parquet,longformer-105_109.parquet,pythia-160m-step70000-0_199.parquet,pythia-160m-step70000-0_199.parquet,-35.23678207397461,-35.356197357177734,5,5
only_npi_licensor_present,383,Only those actresses ever approach Brian.,Even those actresses ever approach Brian.,only_npi_licensor_present_good_383,only_npi_licensor_present_bad_383,longformer-615_619.parquet,longformer-600_604.parquet,pythia-160m-step70000-600_799.parquet,pythia-160m-step70000-600_799.parquet,-48.77067184448242,-50.553768157958984,7,7
matrix_question_npi_licensor_present,359,Will those doctors ever go to every restaurant?,Those doctors will ever go to every restaurant.,matrix_question_npi_licensor_present_good_359,matrix_question_npi_licensor_present_bad_359,longformer-790_794.parquet,longformer-775_779.parquet,pythia-160m-step70000-600_799.parquet,pythia-160m-step70000-600_799.parquet,-48.784603118896484,-46.721397399902344,9,9
principle_A_reconstruction,482,It's herself that Leslie described.,It's herself that described Leslie.,principle_A_reconstruction_good_482,principle_A_reconstruction_bad_482,longformer-430_434.parquet,longformer-420_424.parquet,pythia-160m-step70000-200_399.parquet,pythia-160m-step70000-400_599.parquet,-43.82441711425781,-45.536277770996094,7,7
coordinate_structure_constraint_object_extraction,80,What had Caroline and Robert passed?,What has Caroline passed and Robert?,coordinate_structure_constraint_object_extraction_good_80,coordinate_structure_constraint_object_extraction_bad_80,longformer-435_439.parquet,longformer-450_454.parquet,pythia-160m-step70000-400_599.parquet,pythia-160m-step70000-400_599.parquet,-38.218284606933594,-41.00034713745117,7,7
inchoative,279,That glove should crumple.,That glove should admire.,inchoative_good_279,inchoative_bad_279,longformer-125_129.parquet,longformer-100_104.parquet,pythia-160m-step70000-0_199.parquet,pythia-160m-step70000-0_199.parquet,-35.05952835083008,-35.15613555908203,5,5
left_branch_island_echo_question,330,Mitchell had descended whose mountain?,Whose had Mitchell descended mountain?,left_branch_island_echo_question_good_330,left_branch_island_echo_question_bad_330,longformer-490_494.parquet,longformer-510_514.parquet,pythia-160m-step70000-400_599.parquet,pythia-160m-step70000-400_599.parquet,-43.13356018066406,-53.42566680908203,6,6
sentential_negation_npi_licensor_present,516,That guest has not ever disliked Vincent.,That guest has really ever disliked Vincent.,sentential_negation_npi_licensor_present_good_516,sentential_negation_npi_licensor_present_bad_516,longformer-605_609.parquet,longformer-690_694.parquet,pythia-160m-step70000-600_799.parquet,pythia-160m-step70000-600_799.parquet,-50.71730041503906,-55.28145980834961,8,8
determiner_noun_agreement_irregular_2,123,Every drawing disgusts that man.,Every drawing disgusts those man.,determiner_noun_agreement_irregular_2_good_123,determiner_noun_agreement_irregular_2_bad_123,longformer-285_289.parquet,longformer-330_334.parquet,pythia-160m-step70000-200_399.parquet,pythia-160m-step70000-200_399.parquet,-38.7054443359375,-44.664825439453125,6,6
principle_A_domain_3,470,Emily might say Gary's nephew can't stun himself.,Gary's nephew might say Emily can't stun himself.,principle_A_domain_3_good_470,principle_A_domain_3_bad_470,longformer-825_829.parquet,longformer-845_849.parquet,pythia-160m-step70000-800_999.parquet,pythia-160m-step70000-800_999.parquet,-74.45216369628906,-64.79438018798828,11,11
passive_2,417,Richard wasn't talked about.,Richard wasn't grinned.,passive_2_good_417,passive_2_bad_417,longformer-165_169.parquet,longformer-60_64.parquet,pythia-160m-step70000-0_199.parquet,pythia-160m-step70000-0_199.parquet,-19.928401947021484,-24.292919158935547,6,5
coordinate_structure_constraint_object_extraction,87,Who were Karen and Liam hurting?,Who was Karen hurting and Liam?,coordinate_structure_constraint_object_extraction_good_87,coordinate_structure_constraint_object_extraction_bad_87,longformer-310_314.parquet,longformer-270_274.parquet,pythia-160m-step70000-200_399.parquet,pythia-160m-step70000-200_399.parquet,-42.59308624267578,-50.102108001708984,7,7
determiner_noun_agreement_1,92,Phillip shouldn't walk through those hospitals.,Phillip shouldn't walk through those hospital.,determiner_noun_agreement_1_good_92,determiner_noun_agreement_1_bad_92,longformer-775_779.parquet,longformer-755_759.parquet,pythia-160m-step70000-600_799.parquet,pythia-160m-step70000-600_799.parquet,-45.10542678833008,-50.22646713256836,8,8
determiner_noun_agreement_with_adj_irregular_2,150,The Lutherans care for those hopeful men.,The Lutherans care for that hopeful men.,determiner_noun_agreement_with_adj_irregular_2_good_150,determiner_noun_agreement_with_adj_irregular_2_bad_150,longformer-615_619.parquet,longformer-570_574.parquet,pythia-160m-step70000-600_799.parquet,pythia-160m-step70000-400_599.parquet,-50.18671417236328,-52.979393005371094,8,8
anaphor_number_agreement,28,Dancers hated themselves.,Dancers hated himself.,anaphor_number_agreement_good_28,anaphor_number_agreement_bad_28,longformer-105_109.parquet,longformer-50_54.parquet,pythia-160m-step70000-0_199.parquet,pythia-160m-step70000-0_199.parquet,-29.87247085571289,-32.91551208496094,4,4
anaphor_number_agreement,23,April kissed herself.,April kissed themselves.,anaphor_number_agreement_good_23,anaphor_number_agreement_bad_23,longformer-40_44.parquet,longformer-80_84.parquet,pythia-160m-step70000-0_199.parquet,pythia-160m-step70000-0_199.parquet,-25.150867462158203,-26.794153213500977,4,4
only_npi_licensor_present,385,Only Kendra could ever protest.,Even Kendra could ever protest.,only_npi_licensor_present_good_385,only_npi_licensor_present_bad_385,longformer-270_274.parquet,longformer-255_259.parquet,pythia-160m-step70000-200_399.parquet,pythia-160m-step70000-200_399.parquet,-38.37126541137695,-41.352439880371094,6,6
coordinate_structure_constraint_object_extraction,85,Who could Daniel and Gary sell?,Who can Daniel sell and Gary?,coordinate_structure_constraint_object_extraction_good_85,coordinate_structure_constraint_object_extraction_bad_85,longformer-260_264.parquet,longformer-210_214.parquet,pythia-160m-step70000-200_399.parquet,pythia-160m-step70000-0_199.parquet,-39.973331451416016,-48.52912139892578,7,7
left_branch_island_simple_question,344,What hill had Ann dropped by?,What had Ann dropped by hill?,left_branch_island_simple_question_good_344,left_branch_island_simple_question_bad_344,longformer-215_219.parquet,longformer-200_204.parquet,pythia-160m-step70000-200_399.parquet,pythia-160m-step70000-200_399.parquet,-47.90139389038086,-43.54137420654297,7,7
irregular_plural_subject_verb_agreement_2,324,The child washes.,The children washes.,irregular_plural_subject_verb_agreement_2_good_324,irregular_plural_subject_verb_agreement_2_bad_324,longformer-20_24.parquet,longformer-40_44.parquet,pythia-160m-step70000-0_199.parquet,pythia-160m-step70000-0_199.parquet,-24.048538208007812,-26.74422264099121,4,4
causative,50,Mark would move Stephanie.,Mark would donate Stephanie.,causative_good_50,causative_bad_50,longformer-135_139.parquet,longformer-165_169.parquet,pythia-160m-step70000-0_199.parquet,pythia-160m-step70000-0_199.parquet,-32.2558708190918,-36.23561477661133,5,5
animate_subject_trans,46,Bruce saw Samuel.,That box saw Samuel.,animate_subject_trans_good_46,animate_subject_trans_bad_46,longformer-15_19.parquet,longformer-35_39.parquet,pythia-160m-step70000-0_199.parquet,pythia-160m-step70000-0_199.parquet,-32.924007415771484,-34.147926330566406,4,5
sentential_negation_npi_licensor_present,512,Leslie might not ever escape from Tracy.,Leslie might probably ever escape from Tracy.,sentential_negation_npi_licensor_present_good_512,sentential_negation_npi_licensor_present_bad_512,longformer-555_559.parquet,longformer-730_734.parquet,pythia-160m-step70000-400_599.parquet,pythia-160m-step70000-600_799.parquet,-48.3353271484375,-53.95045471191406,8,8
animate_subject_passive,35,Ann wasn't worked with by some teenager.,Ann wasn't worked with by some hypotheses.,animate_subject_passive_good_35,animate_subject_passive_bad_35,longformer-560_564.parquet,longformer-635_639.parquet,pythia-160m-step70000-400_599.parquet,pythia-160m-step70000-600_799.parquet,-49.514556884765625,-53.23963165283203,9,9
irregular_plural_subject_verb_agreement_1,316,A lot of synopses haven't looked to tighten.,A lot of synopses hasn't looked to tighten.,irregular_plural_subject_verb_agreement_1_good_316,irregular_plural_subject_verb_agreement_1_bad_316,longformer-685_689.parquet,longformer-660_664.parquet,pythia-160m-step70000-600_799.parquet,pythia-160m-step70000-600_799.parquet,-53.22270584106445,-56.74617385864258,10,10
anaphor_gender_agreement,18,Scott had questioned himself.,Scott had questioned herself.,anaphor_gender_agreement_good_18,anaphor_gender_agreement_bad_18,longformer-215_219.parquet,longformer-190_194.parquet,pythia-160m-step70000-0_199.parquet,pythia-160m-step70000-200_399.parquet,-22.5455265045166,-23.811229705810547,5,5
sentential_subject_island,535,Who has a college campus's irritating Guy disgusted.,Who has a college campus's irritating disgusted Guy.,sentential_subject_island_good_535,sentential_subject_island_bad_535,longformer-910_914.parquet,longformer-925_929.parquet,pythia-160m-step70000-800_999.parquet,pythia-160m-step70000-800_999.parquet,-78.74578857421875,-80.97746276855469,10,10
irregular_plural_subject_verb_agreement_2,320,The child leaves Brenda.,The children leaves Brenda.,irregular_plural_subject_verb_agreement_2_good_320,irregular_plural_subject_verb_agreement_2_bad_320,longformer-90_94.parquet,longformer-150_154.parquet,pythia-160m-step70000-0_199.parquet,pythia-160m-step70000-0_199.parquet,-32.35430145263672,-38.096885681152344,5,5
determiner_noun_agreement_with_adjective_1,162,Tiffany should attack that ill adult.,Tiffany should attack that ill adults.,determiner_noun_agreement_with_adjective_1_good_162,determiner_noun_agreement_with_adjective_1_bad_162,longformer-475_479.parquet,longformer-510_514.parquet,pythia-160m-step70000-400_599.parquet,pythia-160m-step70000-400_599.parquet,-58.16927719116211,-57.10361099243164,7,7
transitive,585,A face stunned this cashier.,A face fell this cashier.,transitive_good_585,transitive_bad_585,longformer-180_184.parquet,longformer-110_114.parquet,pythia-160m-step70000-0_199.parquet,pythia-160m-step70000-0_199.parquet,-48.463191986083984,-49.718284606933594,6,6
determiner_noun_agreement_with_adjective_1,168,Nina should remember those upset cashiers.,Nina should remember those upset cashier.,determiner_noun_agreement_with_adjective_1_good_168,determiner_noun_agreement_with_adjective_1_bad_168,longformer-635_639.parquet,longformer-630_634.parquet,pythia-160m-step70000-600_799.parquet,pythia-160m-step70000-600_799.parquet,-53.961814880371094,-56.133663177490234,7,7
wh_vs_that_with_gap,654,Senators know who actresses will conceal.,Senators know that actresses will conceal.,wh_vs_that_with_gap_good_654,wh_vs_that_with_gap_bad_654,longformer-605_609.parquet,longformer-650_654.parquet,pythia-160m-step70000-400_599.parquet,pythia-160m-step70000-600_799.parquet,-54.21907043457031,-51.01048278808594,7,7
superlative_quantifiers_2,554,A dancer is curing at most two cashiers.,No dancer is curing at most two cashiers.,superlative_quantifiers_2_good_554,superlative_quantifiers_2_bad_554,longformer-585_589.parquet,longformer-610_614.parquet,pythia-160m-step70000-400_599.parquet,pythia-160m-step70000-600_799.parquet,-62.70980453491211,-64.55009460449219,9,9
distractor_agreement_relational_noun,173,The commentaries about Galileo don't disgust Lori.,The commentaries about Galileo doesn't disgust Lori.,distractor_agreement_relational_noun_good_173,distractor_agreement_relational_noun_bad_173,longformer-875_879.parquet,longformer-910_914.parquet,pythia-160m-step70000-800_999.parquet,pythia-160m-step70000-800_999.parquet,-63.21162414550781,-66.4278335571289,9,9
determiner_noun_agreement_with_adj_2,135,Forks aggravate that confident guest.,Forks aggravate those confident guest.,determiner_noun_agreement_with_adj_2_good_135,determiner_noun_agreement_with_adj_2_bad_135,longformer-465_469.parquet,longformer-510_514.parquet,pythia-160m-step70000-400_599.parquet,pythia-160m-step70000-400_599.parquet,-53.928489685058594,-54.7609977722168,6,6
principle_A_domain_1,458,Natalie thought that Lawrence has listened to her.,Natalie thought that Lawrence has listened to herself.,principle_A_domain_1_good_458,principle_A_domain_1_bad_458,longformer-870_874.parquet,longformer-955_959.parquet,pythia-160m-step70000-800_999.parquet,pythia-160m-step70000-800_999.parquet,-52.669105529785156,-57.674964904785156,9,9
tough_vs_raising_2,572,Jill is certain to boast.,Jill is hard to boast.,tough_vs_raising_2_good_572,tough_vs_raising_2_bad_572,longformer-110_114.parquet,longformer-50_54.parquet,pythia-160m-step70000-0_199.parquet,pythia-160m-step70000-0_199.parquet,-38.691043853759766,-36.87404251098633,6,6
adjunct_island,7,Who was Kendra scaring after insulting Tammy?,Who was Kendra scaring Tammy after insulting?,adjunct_island_good_7,adjunct_island_bad_7,longformer-725_729.parquet,longformer-715_719.parquet,pythia-160m-step70000-600_799.parquet,pythia-160m-step70000-600_799.parquet,-65.79401397705078,-77.29824829101562,8,8
determiner_noun_agreement_with_adjective_1,169,The person wasn't questioning that unconvinced cashier.,The person wasn't questioning that unconvinced cashiers.,determiner_noun_agreement_with_adjective_1_good_169,determiner_noun_agreement_with_adjective_1_bad_169,longformer-975_979.parquet,longformer-995_999.parquet,pythia-160m-step70000-800_999.parquet,pythia-160m-step70000-800_999.parquet,-62.72216033935547,-63.83738327026367,9,9
irregular_past_participle_verbs,302,A lot of boys broke this truck.,A lot of boys broken this truck.,irregular_past_participle_verbs_good_302,irregular_past_participle_verbs_bad_302,longformer-250_254.parquet,longformer-280_284.parquet,pythia-160m-step70000-200_399.parquet,pythia-160m-step70000-200_399.parquet,-39.78948211669922,-44.982391357421875,8,8
sentential_negation_npi_licensor_present,514,Martin would not ever remember Irene.,Martin would really ever remember Irene.,sentential_negation_npi_licensor_present_good_514,sentential_negation_npi_licensor_present_bad_514,longformer-480_484.parquet,longformer-580_584.parquet,pythia-160m-step70000-400_599.parquet,pythia-160m-step70000-400_599.parquet,-36.88054656982422,-43.80852508544922,7,7
left_branch_island_echo_question,339,Some men were revealing what children?,What were some men revealing children?,left_branch_island_echo_question_good_339,left_branch_island_echo_question_bad_339,longformer-515_519.parquet,longformer-510_514.parquet,pythia-160m-step70000-400_599.parquet,pythia-160m-step70000-400_599.parquet,-40.36650085449219,-41.22100830078125,7,7
drop_argument,197,Eric saw.,Eric references.,drop_argument_good_197,drop_argument_bad_197,longformer-0_4.parquet,longformer-10_14.parquet,pythia-160m-step70000-0_199.parquet,pythia-160m-step70000-0_199.parquet,-15.040604591369629,-16.805328369140625,3,3
drop_argument,195,Winston Churchill's doctor loves.,Winston Churchill's doctor escapes from.,drop_argument_good_195,drop_argument_bad_195,longformer-320_324.parquet,longformer-580_584.parquet,pythia-160m-step70000-200_399.parquet,pythia-160m-step70000-400_599.parquet,-40.70043182373047,-50.828311920166016,6,7
wh_questions_object_gap,609,Larry sees this wheelbarrow that Michael hid.,Larry sees what Michael hid this wheelbarrow.,wh_questions_object_gap_good_609,wh_questions_object_gap_bad_609,longformer-725_729.parquet,longformer-720_724.parquet,pythia-160m-step70000-600_799.parquet,pythia-160m-step70000-600_799.parquet,-64.38055419921875,-65.92395782470703,8,8
npi_present_2,370,Bethany would really vanish.,Bethany would ever vanish.,npi_present_2_good_370,npi_present_2_bad_370,longformer-165_169.parquet,longformer-125_129.parquet,pythia-160m-step70000-0_199.parquet,pythia-160m-step70000-0_199.parquet,-43.057289123535156,-43.26294708251953,5,5
determiner_noun_agreement_1,96,A lot of skateboards stun that cashier.,A lot of skateboards stun that cashiers.,determiner_noun_agreement_1_good_96,determiner_noun_agreement_1_bad_96,longformer-535_539.parquet,longformer-560_564.parquet,pythia-160m-step70000-400_599.parquet,pythia-160m-step70000-400_599.parquet,-58.392642974853516,-60.785465240478516,8,8
determiner_noun_agreement_with_adjective_1,164,These people think about that popular story.,These people think about that popular stories.,determiner_noun_agreement_with_adjective_1_good_164,determiner_noun_agreement_with_adjective_1_bad_164,longformer-695_699.parquet,longformer-745_749.parquet,pythia-160m-step70000-600_799.parquet,pythia-160m-step70000-600_799.parquet,-40.62388610839844,-42.86752700805664,8,8
existential_there_quantifiers_1,233,There is a child firing Leslie.,There is each child firing Leslie.,existential_there_quantifiers_1_good_233,existential_there_quantifiers_1_bad_233,longformer-255_259.parquet,longformer-370_374.parquet,pythia-160m-step70000-200_399.parquet,pythia-160m-step70000-200_399.parquet,-42.77775192260742,-48.3376579284668,7,7
wh_questions_object_gap,602,Melanie notices this cake that Lori thought about.,Melanie notices what Lori thought about this cake.,wh_questions_object_gap_good_602,wh_questions_object_gap_bad_602,longformer-870_874.parquet,longformer-865_869.parquet,pythia-160m-step70000-800_999.parquet,pythia-160m-step70000-800_999.parquet,-62.144554138183594,-59.56960678100586,9,9
distractor_agreement_relational_noun,170,The painting of the Lutherans does bother Matt.,The painting of the Lutherans do bother Matt.,distractor_agreement_relational_noun_good_170,distractor_agreement_relational_noun_bad_170,longformer-785_789.parquet,longformer-725_729.parquet,pythia-160m-step70000-600_799.parquet,pythia-160m-step70000-600_799.parquet,-56.93706130981445,-60.43471145629883,9,9
principle_A_case_1,436,Candice had imagined that she wasn't admiring Joel.,Candice had imagined that herself wasn't admiring Joel.,principle_A_case_1_good_436,principle_A_case_1_bad_436,longformer-885_889.parquet,longformer-970_974.parquet,pythia-160m-step70000-800_999.parquet,pythia-160m-step70000-800_999.parquet,-54.23112869262695,-62.07733154296875,10,10
determiner_noun_agreement_with_adj_irregular_2,152,That picture hasn't looked like these big men.,That picture hasn't looked like this big men.,determiner_noun_agreement_with_adj_irregular_2_good_152,determiner_noun_agreement_with_adj_irregular_2_bad_152,longformer-740_744.parquet,longformer-730_734.parquet,pythia-160m-step70000-600_799.parquet,pythia-160m-step70000-600_799.parquet,-50.77098083496094,-52.18185806274414,10,10
wh_vs_that_with_gap,657,Those associations revealed who all cashiers talk to.,Those associations revealed that all cashiers talk to.,wh_vs_that_with_gap_good_657,wh_vs_that_with_gap_bad_657,longformer-950_954.parquet,longformer-955_959.parquet,pythia-160m-step70000-800_999.parquet,pythia-160m-step70000-800_999.parquet,-63.190338134765625,-61.55448532104492,9,9
principle_A_reconstruction,488,It's herself who Heidi complained about.,It's herself who complained about Heidi.,principle_A_reconstruction_good_488,principle_A_reconstruction_bad_488,longformer-555_559.parquet,longformer-590_594.parquet,pythia-160m-step70000-400_599.parquet,pythia-160m-step70000-400_599.parquet,-49.070289611816406,-46.6760139465332,8,8
irregular_past_participle_verbs,306,Gregory hid those bicycles.,Gregory hidden those bicycles.,irregular_past_participle_verbs_good_306,irregular_past_participle_verbs_bad_306,longformer-135_139.parquet,longformer-245_249.parquet,pythia-160m-step70000-0_199.parquet,pythia-160m-step70000-200_399.parquet,-33.92988204956055,-39.43505096435547,5,5
determiner_noun_agreement_irregular_2,124,Tracy thought about that cactus.,Tracy thought about those cactus.,determiner_noun_agreement_irregular_2_good_124,determiner_noun_agreement_irregular_2_bad_124,longformer-295_299.parquet,longformer-360_364.parquet,pythia-160m-step70000-200_399.parquet,pythia-160m-step70000-200_399.parquet,-36.8032112121582,-40.2773323059082,6,6
determiner_noun_agreement_with_adj_2,139,Stephanie lifted those black rugs.,Stephanie lifted that black rugs.,determiner_noun_agreement_with_adj_2_good_139,determiner_noun_agreement_with_adj_2_bad_139,longformer-375_379.parquet,longformer-340_344.parquet,pythia-160m-step70000-200_399.parquet,pythia-160m-step70000-200_399.parquet,-44.118255615234375,-46.66689682006836,6,6
npi_present_1,361,Even Kathleen clearly looked like these pictures.,Even Kathleen ever looked like these pictures.,npi_present_1_good_361,npi_present_1_bad_361,longformer-830_834.parquet,longformer-740_744.parquet,pythia-160m-step70000-800_999.parquet,pythia-160m-step70000-600_799.parquet,-49.317291259765625,-46.65119171142578,8,8
principle_A_case_2,442,Stacey imagines herself helping boys.,Stacey imagines herself helped boys.,principle_A_case_2_good_442,principle_A_case_2_bad_442,longformer-475_479.parquet,longformer-455_459.parquet,pythia-160m-step70000-400_599.parquet,pythia-160m-step70000-400_599.parquet,-47.133270263671875,-52.45836639404297,6,6
animate_subject_trans,47,Gregory can talk about that senator.,That apple can talk about that senator.,animate_subject_trans_good_47,animate_subject_trans_bad_47,longformer-465_469.parquet,longformer-540_544.parquet,pythia-160m-step70000-400_599.parquet,pythia-160m-step70000-400_599.parquet,-34.589263916015625,-44.80067443847656,7,8
regular_plural_subject_verb_agreement_2,500,The dancers fight.,The dancer fight.,regular_plural_subject_verb_agreement_2_good_500,regular_plural_subject_verb_agreement_2_bad_500,longformer-25_29.parquet,longformer-15_19.parquet,pythia-160m-step70000-0_199.parquet,pythia-160m-step70000-0_199.parquet,-22.822021484375,-25.581512451171875,4,4
intransitive,282,Jodi responds.,Jodi disagrees with.,intransitive_good_282,intransitive_bad_282,longformer-5_9.parquet,longformer-35_39.parquet,pythia-160m-step70000-0_199.parquet,pythia-160m-step70000-0_199.parquet,-21.005361557006836,-29.10418128967285,3,4
wh_questions_subject_gap,618,Margaret hadn't noticed rice that bores Gina.,Margaret hadn't noticed who rice bores Gina.,wh_questions_subject_gap_good_618,wh_questions_subject_gap_bad_618,longformer-715_719.parquet,longformer-685_689.parquet,pythia-160m-step70000-600_799.parquet,pythia-160m-step70000-600_799.parquet,-65.71965026855469,-69.46658325195312,9,9
irregular_plural_subject_verb_agreement_1,311,A lot of women learn who has argued.,A lot of women learns who has argued.,irregular_plural_subject_verb_agreement_1_good_311,irregular_plural_subject_verb_agreement_1_bad_311,longformer-460_464.parquet,longformer-470_474.parquet,pythia-160m-step70000-400_599.parquet,pythia-160m-step70000-400_599.parquet,-50.25009536743164,-55.013572692871094,9,9
irregular_plural_subject_verb_agreement_2,322,The alumni walk through some art gallery.,The alumnus walk through some art gallery.,irregular_plural_subject_verb_agreement_2_good_322,irregular_plural_subject_verb_agreement_2_bad_322,longformer-610_614.parquet,longformer-645_649.parquet,pythia-160m-step70000-600_799.parquet,pythia-160m-step70000-600_799.parquet,-43.12374496459961,-52.99287796020508,8,8
existential_there_quantifiers_2,248,Each chair is there falling.,There is each chair falling.,existential_there_quantifiers_2_good_248,existential_there_quantifiers_2_bad_248,longformer-190_194.parquet,longformer-160_164.parquet,pythia-160m-step70000-0_199.parquet,pythia-160m-step70000-0_199.parquet,-39.454612731933594,-36.202606201171875,6,6
matrix_question_npi_licensor_present,357,Has Lisa ever joked around?,Lisa has ever joked around.,matrix_question_npi_licensor_present_good_357,matrix_question_npi_licensor_present_bad_357,longformer-155_159.parquet,longformer-145_149.parquet,pythia-160m-step70000-0_199.parquet,pythia-160m-step70000-0_199.parquet,-39.92799377441406,-38.12623596191406,6,6
determiner_noun_agreement_with_adj_irregular_1,147,Jesus can hire that smart man.,Jesus can hire that smart men.,determiner_noun_agreement_with_adj_irregular_1_good_147,determiner_noun_agreement_with_adj_irregular_1_bad_147,longformer-240_244.parquet,longformer-220_224.parquet,pythia-160m-step70000-200_399.parquet,pythia-160m-step70000-200_399.parquet,-34.73974609375,-39.14624786376953,7,7
transitive,586,Judy hadn't cared for Martin.,Judy hadn't screamed Martin.,transitive_good_586,transitive_bad_586,longformer-220_224.parquet,longformer-160_164.parquet,pythia-160m-step70000-200_399.parquet,pythia-160m-step70000-0_199.parquet,-30.034086227416992,-35.74331283569336,7,6
passive_1,404,Monica's niece isn't hired by Lawrence.,Monica's niece isn't argued by Lawrence.,passive_1_good_404,passive_1_bad_404,longformer-550_554.parquet,longformer-560_564.parquet,pythia-160m-step70000-400_599.parquet,pythia-160m-step70000-400_599.parquet,-50.74182891845703,-55.903141021728516,9,9
regular_plural_subject_verb_agreement_1,497,All glasses disgust Clyde.,All glasses disgusts Clyde.,regular_plural_subject_verb_agreement_1_good_497,regular_plural_subject_verb_agreement_1_bad_497,longformer-115_119.parquet,longformer-140_144.parquet,pythia-160m-step70000-0_199.parquet,pythia-160m-step70000-0_199.parquet,-42.72712707519531,-43.29756546020508,5,5
wh_island,592,What wouldn't Elizabeth learn she dislikes?,What wouldn't Elizabeth learn who dislikes?,wh_island_good_592,wh_island_bad_592,longformer-675_679.parquet,longformer-680_684.parquet,pythia-160m-step70000-600_799.parquet,pythia-160m-step70000-600_799.parquet,-52.065616607666016,-52.892704010009766,8,8
inchoative,277,Gerald was standing up.,Gerald was discussing.,inchoative_good_277,inchoative_bad_277,longformer-65_69.parquet,longformer-50_54.parquet,pythia-160m-step70000-0_199.parquet,pythia-160m-step70000-0_199.parquet,-28.294715881347656,-30.32176971435547,5,4
adjunct_island,0,Who is Stephanie curing before observing Elaine?,Who is Stephanie curing Elaine before observing?,adjunct_island_good_0,adjunct_island_bad_0,longformer-820_824.parquet,longformer-820_824.parquet,pythia-160m-step70000-600_799.parquet,pythia-160m-step70000-800_999.parquet,-62.56849670410156,-67.26953887939453,8,8
determiner_noun_agreement_with_adjective_1,165,Mushrooms didn't worry that unlucky actress.,Mushrooms didn't worry that unlucky actresses.,determiner_noun_agreement_with_adjective_1_good_165,determiner_noun_agreement_with_adjective_1_bad_165,longformer-700_704.parquet,longformer-735_739.parquet,pythia-160m-step70000-600_799.parquet,pythia-160m-step70000-600_799.parquet,-58.3564453125,-61.107032775878906,8,8
principle_A_reconstruction,487,It's themselves that some boys escaped from.,It's themselves that escaped from some boys.,principle_A_reconstruction_good_487,principle_A_reconstruction_bad_487,longformer-700_704.parquet,longformer-680_684.parquet,pythia-160m-step70000-600_799.parquet,pythia-160m-step70000-600_799.parquet,-52.19341278076172,-48.81127166748047,9,9
existential_there_quantifiers_1,232,There was a newspaper article existing.,There was every newspaper article existing.,existential_there_quantifiers_1_good_232,existential_there_quantifiers_1_bad_232,longformer-520_524.parquet,longformer-665_669.parquet,pythia-160m-step70000-400_599.parquet,pythia-160m-step70000-600_799.parquet,-35.391204833984375,-39.985595703125,7,7
intransitive,281,This computer cracked.,This computer looks like.,intransitive_good_281,intransitive_bad_281,longformer-55_59.parquet,longformer-95_99.parquet,pythia-160m-step70000-0_199.parquet,pythia-160m-step70000-0_199.parquet,-24.317276000976562,-26.1590518951416,4,5
principle_A_reconstruction,483,It's herself that Claire thought about.,It's herself that thought about Claire.,principle_A_reconstruction_good_483,principle_A_reconstruction_bad_483,longformer-545_549.parquet,longformer-550_554.parquet,pythia-160m-step70000-400_599.parquet,pythia-160m-step70000-400_599.parquet,-41.733612060546875,-45.19113540649414,8,8
existential_there_subject_raising,253,There isn't about to be a popsicle astounding Lissa.,There isn't overjoyed to be a popsicle astounding Lissa.,existential_there_subject_raising_good_253,existential_there_subject_raising_bad_253,longformer-905_909.parquet,longformer-1000_1004.parquet,pythia-160m-step70000-800_999.parquet,pythia-160m-step70000-800_999.parquet,-66.95816802978516,-74.52481079101562,11,11
matrix_question_npi_licensor_present,355,Have some doctors ever shouted?,Some doctors have ever shouted.,matrix_question_npi_licensor_present_good_355,matrix_question_npi_licensor_present_bad_355,longformer-275_279.parquet,longformer-275_279.parquet,pythia-160m-step70000-200_399.parquet,pythia-160m-step70000-200_399.parquet,-40.31269454956055,-34.74905014038086,6,6
coordinate_structure_constraint_object_extraction,82,What had that report and a book disagreed with?,What has that report disagreed with and a book?,coordinate_structure_constraint_object_extraction_good_82,coordinate_structure_constraint_object_extraction_bad_82,longformer-770_774.parquet,longformer-770_774.parquet,pythia-160m-step70000-600_799.parquet,pythia-160m-step70000-600_799.parquet,-51.429107666015625,-54.26054000854492,10,10
causative,53,Sandra wouldn't turn some carriage.,Sandra wouldn't rust some carriage.,causative_good_53,causative_bad_53,longformer-400_404.parquet,longformer-430_434.parquet,pythia-160m-step70000-400_599.parquet,pythia-160m-step70000-400_599.parquet,-52.69145202636719,-57.775787353515625,7,7
regular_plural_subject_verb_agreement_1,495,Those guys aren't bothering Amelia.,Those guys isn't bothering Amelia.,regular_plural_subject_verb_agreement_1_good_495,regular_plural_subject_verb_agreement_1_bad_495,longformer-425_429.parquet,longformer-365_369.parquet,pythia-160m-step70000-400_599.parquet,pythia-160m-step70000-200_399.parquet,-34.102664947509766,-38.927452087402344,7,7
anaphor_gender_agreement,10,Lawrence disturbed himself.,Lawrence disturbed itself.,anaphor_gender_agreement_good_10,anaphor_gender_agreement_bad_10,longformer-155_159.parquet,longformer-125_129.parquet,pythia-160m-step70000-0_199.parquet,pythia-160m-step70000-0_199.parquet,-21.705713272094727,-25.15064811706543,4,4
left_branch_island_simple_question,345,Which guest should Veronica heal?,Which should Veronica heal guest?,left_branch_island_simple_question_good_345,left_branch_island_simple_question_bad_345,longformer-340_344.parquet,longformer-350_354.parquet,pythia-160m-step70000-200_399.parquet,pythia-160m-step70000-200_399.parquet,-52.31452941894531,-47.7857666015625,6,6
inchoative,276,Planes have broken.,Planes have admired.,inchoative_good_276,inchoative_bad_276,longformer-35_39.parquet,longformer-35_39.parquet,pythia-160m-step70000-0_199.parquet,pythia-160m-step70000-0_199.parquet,-22.38502311706543,-28.711597442626953,4,4
principle_A_domain_3,478,Tiffany says William will approach himself.,William says Tiffany will approach himself.,principle_A_domain_3_good_478,principle_A_domain_3_bad_478,longformer-675_679.parquet,longformer-670_674.parquet,pythia-160m-step70000-600_799.parquet,pythia-160m-step70000-600_799.parquet,-47.75570297241211,-45.9465217590332,7,7
wh_island,593,What has Andrew forgotten he doesn't ascend?,What has Andrew forgotten what doesn't ascend?,wh_island_good_593,wh_island_bad_593,longformer-685_689.parquet,longformer-745_749.parquet,pythia-160m-step70000-600_799.parquet,pythia-160m-step70000-600_799.parquet,-56.85307312011719,-56.369659423828125,9,9
principle_A_domain_2,466,Donna said drivers haven't complained about themselves.,Donna said drivers haven't complained about herself.,principle_A_domain_2_good_466,principle_A_domain_2_bad_466,longformer-965_969.parquet,longformer-910_914.parquet,pythia-160m-step70000-800_999.parquet,pythia-160m-step70000-800_999.parquet,-46.153221130371094,-49.65172576904297,9,9
irregular_past_participle_verbs,304,Donald broke these cups.,Donald broken these cups.,irregular_past_participle_verbs_good_304,irregular_past_participle_verbs_bad_304,longformer-75_79.parquet,longformer-95_99.parquet,pythia-160m-step70000-0_199.parquet,pythia-160m-step70000-0_199.parquet,-32.864986419677734,-35.472434997558594,5,5
passive_1,405,These mothers of David are helped by teachers.,These mothers of David are flirted by teachers.,passive_1_good_405,passive_1_bad_405,longformer-745_749.parquet,longformer-760_764.parquet,pythia-160m-step70000-600_799.parquet,pythia-160m-step70000-600_799.parquet,-48.24799346923828,-59.5338249206543,9,9
animate_subject_passive,36,Carol is described by some senators.,Carol is described by some chicken.,animate_subject_passive_good_36,animate_subject_passive_bad_36,longformer-435_439.parquet,longformer-415_419.parquet,pythia-160m-step70000-400_599.parquet,pythia-160m-step70000-400_599.parquet,-33.20341491699219,-36.15702819824219,7,7
determiner_noun_agreement_with_adj_2,136,Cindy toured that clean movie theater.,Cindy toured those clean movie theater.,determiner_noun_agreement_with_adj_2_good_136,determiner_noun_agreement_with_adj_2_bad_136,longformer-505_509.parquet,longformer-550_554.parquet,pythia-160m-step70000-400_599.parquet,pythia-160m-step70000-400_599.parquet,-57.635169982910156,-62.71302032470703,7,7
determiner_noun_agreement_irregular_1,115,The cats scare this woman.,The cats scare this women.,determiner_noun_agreement_irregular_1_good_115,determiner_noun_agreement_irregular_1_bad_115,longformer-130_134.parquet,longformer-120_124.parquet,pythia-160m-step70000-0_199.parquet,pythia-160m-step70000-0_199.parquet,-36.37848663330078,-40.131248474121094,6,6
inchoative,278,Some drawings of that truck sell.,Some drawings of that truck clean.,inchoative_good_278,inchoative_bad_278,longformer-355_359.parquet,longformer-380_384.parquet,pythia-160m-step70000-200_399.parquet,pythia-160m-step70000-200_399.parquet,-41.275634765625,-42.3626594543457,7,7
causative,58,These guests evaporate those rivers.,These guests waste away those rivers.,causative_good_58,causative_bad_58,longformer-450_454.parquet,longformer-480_484.parquet,pythia-160m-step70000-400_599.parquet,pythia-160m-step70000-400_599.parquet,-42.15532684326172,-43.377296447753906,6,7
matrix_question_npi_licensor_present,351,Had every couch ever cracked?,Every couch had ever cracked.,matrix_question_npi_licensor_present_good_351,matrix_question_npi_licensor_present_bad_351,longformer-220_224.parquet,longformer-195_199.parquet,pythia-160m-step70000-200_399.parquet,pythia-160m-step70000-200_399.parquet,-40.80818176269531,-38.569366455078125,6,6
determiner_noun_agreement_irregular_1,118,Most drivers discover these people.,Most drivers discover these person.,determiner_noun_agreement_irregular_1_good_118,determiner_noun_agreement_irregular_1_bad_118,longformer-435_439.parquet,longformer-420_424.parquet,pythia-160m-step70000-400_599.parquet,pythia-160m-step70000-400_599.parquet,-35.179813385009766,-40.1299934387207,6,6
determiner_noun_agreement_with_adj_irregular_1,149,Charles has explored that concealed oasis.,Charles has explored that concealed oases.,determiner_noun_agreement_with_adj_irregular_1_good_149,determiner_noun_agreement_with_adj_irregular_1_bad_149,longformer-660_664.parquet,longformer-655_659.parquet,pythia-160m-step70000-600_799.parquet,pythia-160m-step70000-600_799.parquet,-53.19187927246094,-57.318687438964844,7,7
wh_vs_that_no_gap,630,Raymond realizes that many girls bike to some hill.,Raymond realizes what many girls bike to some hill.,wh_vs_that_no_gap_good_630,wh_vs_that_no_gap_bad_630,longformer-885_889.parquet,longformer-885_889.parquet,pythia-160m-step70000-800_999.parquet,pythia-160m-step70000-800_999.parquet,-68.80796813964844,-73.57820129394531,10,10
matrix_question_npi_licensor_present,352,Had a lot of boys ever argued?,A lot of boys had ever argued.,matrix_question_npi_licensor_present_good_352,matrix_question_npi_licensor_present_bad_352,longformer-230_234.parquet,longformer-240_244.parquet,pythia-160m-step70000-200_399.parquet,pythia-160m-step70000-200_399.parquet,-43.62678527832031,-42.222721099853516,8,8
adjunct_island,1,Who might Derek criticize without firing drivers?,Who might Derek criticize drivers without firing?,adjunct_island_good_1,adjunct_island_bad_1,longformer-845_849.parquet,longformer-835_839.parquet,pythia-160m-step70000-800_999.parquet,pythia-160m-step70000-800_999.parquet,-62.14149475097656,-59.929264068603516,8,8
principle_A_domain_2,460,Charles wasn't imagining Wendy couldn't hide herself.,Charles wasn't imagining Wendy couldn't hide himself.,principle_A_domain_2_good_460,principle_A_domain_2_bad_460,longformer-930_934.parquet,longformer-930_934.parquet,pythia-160m-step70000-800_999.parquet,pythia-160m-step70000-800_999.parquet,-52.187808990478516,-54.978538513183594,10,10
sentential_subject_island,536,What did a lot of adults' watching Adam sound like.,What did a lot of adults' watching sound like Adam.,sentential_subject_island_good_536,sentential_subject_island_bad_536,longformer-890_894.parquet,longformer-895_899.parquet,pythia-160m-step70000-800_999.parquet,pythia-160m-step70000-800_999.parquet,-65.30146789550781,-65.39257049560547,12,12
determiner_noun_agreement_irregular_2,122,Kristin examined that thesis.,Kristin examined those thesis.,determiner_noun_agreement_irregular_2_good_122,determiner_noun_agreement_irregular_2_bad_122,longformer-220_224.parquet,longformer-230_234.parquet,pythia-160m-step70000-200_399.parquet,pythia-160m-step70000-200_399.parquet,-39.170982360839844,-46.34747314453125,5,5
animate_subject_trans,41,Naomi bikes to every closet.,A hill bikes to every closet.,animate_subject_trans_good_41,animate_subject_trans_bad_41,longformer-185_189.parquet,longformer-215_219.parquet,pythia-160m-step70000-0_199.parquet,pythia-160m-step70000-200_399.parquet,-47.45240020751953,-47.3472785949707,6,7
npi_present_2,378,Monica had certainly found some glacier to melt.,Monica had ever found some glacier to melt.,npi_present_2_good_378,npi_present_2_bad_378,longformer-805_809.parquet,longformer-665_669.parquet,pythia-160m-step70000-800_999.parquet,pythia-160m-step70000-600_799.parquet,-56.0889892578125,-55.45916748046875,9,9
tough_vs_raising_1,561,Dawn is fun to reference.,Dawn is apt to reference.,tough_vs_raising_1_good_561,tough_vs_raising_1_bad_561,longformer-100_104.parquet,longformer-115_119.parquet,pythia-160m-step70000-0_199.parquet,pythia-160m-step70000-0_199.parquet,-32.94570541381836,-33.30763626098633,6,6
wh_vs_that_no_gap,638,Teresa knows that most children can't leave Danielle.,Teresa knows who most children can't leave Danielle.,wh_vs_that_no_gap_good_638,wh_vs_that_no_gap_bad_638,longformer-935_939.parquet,longformer-900_904.parquet,pythia-160m-step70000-800_999.parquet,pythia-160m-step70000-800_999.parquet,-54.03794860839844,-63.82926940917969,10,10
principle_A_domain_2,465,Catherine isn't explaining Alexander will fire himself.,Catherine isn't explaining Alexander will fire herself.,principle_A_domain_2_good_465,principle_A_domain_2_bad_465,longformer-965_969.parquet,longformer-980_984.parquet,pythia-160m-step70000-800_999.parquet,pythia-160m-step70000-800_999.parquet,-66.24263000488281,-68.06397247314453,9,9
existential_there_quantifiers_1,230,There is a boy discovering Julie to complain.,There is each boy discovering Julie to complain.,existential_there_quantifiers_1_good_230,existential_there_quantifiers_1_bad_230,longformer-715_719.parquet,longformer-810_814.parquet,pythia-160m-step70000-600_799.parquet,pythia-160m-step70000-800_999.parquet,-54.14470672607422,-60.057411193847656,9,9
irregular_past_participle_verbs,305,Adults broke this computer.,Adults broken this computer.,irregular_past_participle_verbs_good_305,irregular_past_participle_verbs_bad_305,longformer-145_149.parquet,longformer-160_164.parquet,pythia-160m-step70000-0_199.parquet,pythia-160m-step70000-0_199.parquet,-36.552249908447266,-40.317806243896484,5,5
determiner_noun_agreement_irregular_2,127,Beverly was working with this person.,Beverly was working with these person.,determiner_noun_agreement_irregular_2_good_127,determiner_noun_agreement_irregular_2_bad_127,longformer-480_484.parquet,longformer-485_489.parquet,pythia-160m-step70000-400_599.parquet,pythia-160m-step70000-400_599.parquet,-38.720458984375,-44.625431060791016,7,7
passive_2,415,Nephews of Amelia weren't hurt.,Nephews of Amelia weren't communicated.,passive_2_good_415,passive_2_bad_415,longformer-275_279.parquet,longformer-530_534.parquet,pythia-160m-step70000-200_399.parquet,pythia-160m-step70000-400_599.parquet,-51.89923095703125,-59.11423110961914,7,7
anaphor_number_agreement,27,Kristen shouldn't heal herself.,Kristen shouldn't heal themselves.,anaphor_number_agreement_good_27,anaphor_number_agreement_bad_27,longformer-245_249.parquet,longformer-370_374.parquet,pythia-160m-step70000-200_399.parquet,pythia-160m-step70000-200_399.parquet,-40.956085205078125,-42.580230712890625,6,6
existential_there_subject_raising,251,There isn't bound to be steak blackening.,There isn't pleased to be steak blackening.,existential_there_subject_raising_good_251,existential_there_subject_raising_bad_251,longformer-625_629.parquet,longformer-665_669.parquet,pythia-160m-step70000-600_799.parquet,pythia-160m-step70000-600_799.parquet,-50.47807312011719,-55.86066818237305,9,9
principle_A_case_2,441,Amy wasn't thinking about herself listening to Marcus.,Amy wasn't thinking about herself listened to Marcus.,principle_A_case_2_good_441,principle_A_case_2_bad_441,longformer-960_964.parquet,longformer-935_939.parquet,pythia-160m-step70000-800_999.parquet,pythia-160m-step70000-800_999.parquet,-52.234439849853516,-57.77176284790039,10,10
tough_vs_raising_1,560,Laura isn't interesting to cure.,Laura isn't soon to cure.,tough_vs_raising_1_good_560,tough_vs_raising_1_bad_560,longformer-290_294.parquet,longformer-105_109.parquet,pythia-160m-step70000-200_399.parquet,pythia-160m-step70000-0_199.parquet,-46.50311279296875,-45.10642623901367,7,7
intransitive,283,This customer's senators weren't worrying.,This customer's senators weren't curing.,intransitive_good_283,intransitive_bad_283,longformer-640_644.parquet,longformer-565_569.parquet,pythia-160m-step70000-600_799.parquet,pythia-160m-step70000-400_599.parquet,-47.837520599365234,-52.29188537597656,8,8
determiner_noun_agreement_with_adj_irregular_2,154,Gary isn't breaking that white tooth.,Gary isn't breaking those white tooth.,determiner_noun_agreement_with_adj_irregular_2_good_154,determiner_noun_agreement_with_adj_irregular_2_bad_154,longformer-485_489.parquet,longformer-510_514.parquet,pythia-160m-step70000-400_599.parquet,pythia-160m-step70000-400_599.parquet,-43.61217498779297,-50.622467041015625,8,8
determiner_noun_agreement_with_adj_irregular_2,151,Some adults visit this ill man.,Some adults visit these ill man.,determiner_noun_agreement_with_adj_irregular_2_good_151,determiner_noun_agreement_with_adj_irregular_2_bad_151,longformer-265_269.parquet,longformer-290_294.parquet,pythia-160m-step70000-200_399.parquet,pythia-160m-step70000-200_399.parquet,-45.397369384765625,-47.86027526855469,7,7
tough_vs_raising_2,574,All schools aren't soon to collaborate.,All schools aren't boring to collaborate.,tough_vs_raising_2_good_574,tough_vs_raising_2_bad_574,longformer-525_529.parquet,longformer-610_614.parquet,pythia-160m-step70000-400_599.parquet,pythia-160m-step70000-600_799.parquet,-46.83555603027344,-51.439056396484375,8,8
regular_plural_subject_verb_agreement_2,502,The customers buy this art gallery.,The customer buy this art gallery.,regular_plural_subject_verb_agreement_2_good_502,regular_plural_subject_verb_agreement_2_bad_502,longformer-405_409.parquet,longformer-365_369.parquet,pythia-160m-step70000-200_399.parquet,pythia-160m-step70000-200_399.parquet,-39.085205078125,-39.22216033935547,7,7
transitive,588,Curtis's ex-wives appreciated Harvard University.,Curtis's ex-wives chat Harvard University.,transitive_good_588,transitive_bad_588,longformer-825_829.parquet,longformer-650_654.parquet,pythia-160m-step70000-800_999.parquet,pythia-160m-step70000-600_799.parquet,-60.35868835449219,-62.66770935058594,9,9
only_npi_licensor_present,389,Only the waiters ever retaliated.,Even the waiters ever retaliated.,only_npi_licensor_present_good_389,only_npi_licensor_present_bad_389,longformer-350_354.parquet,longformer-355_359.parquet,pythia-160m-step70000-200_399.parquet,pythia-160m-step70000-200_399.parquet,-39.80270004272461,-40.742034912109375,6,6
irregular_past_participle_verbs,301,A lot of teenagers spoke up.,A lot of teenagers spoken up.,irregular_past_participle_verbs_good_301,irregular_past_participle_verbs_bad_301,longformer-185_189.parquet,longformer-190_194.parquet,pythia-160m-step70000-0_199.parquet,pythia-160m-step70000-200_399.parquet,-30.721637725830078,-34.504180908203125,7,7
superlative_quantifiers_1,543,No snake climbs down fewer than eight mountains.,No snake climbs down at most eight mountains.,superlative_quantifiers_1_good_543,superlative_quantifiers_1_bad_543,longformer-815_819.parquet,longformer-720_724.parquet,pythia-160m-step70000-800_999.parquet,pythia-160m-step70000-600_799.parquet,-62.808895111083984,-63.74217987060547,9,9
existential_there_quantifiers_2,247,Most guys are there learning who exists.,There are most guys learning who exists.,existential_there_quantifiers_2_good_247,existential_there_quantifiers_2_bad_247,longformer-570_574.parquet,longformer-570_574.parquet,pythia-160m-step70000-400_599.parquet,pythia-160m-step70000-400_599.parquet,-47.023006439208984,-44.409332275390625,8,8
superlative_quantifiers_2,555,That student had attacked at least seven actors.,No student had attacked at least seven actors.,superlative_quantifiers_2_good_555,superlative_quantifiers_2_bad_555,longformer-800_804.parquet,longformer-740_744.parquet,pythia-160m-step70000-800_999.parquet,pythia-160m-step70000-600_799.parquet,-50.79599380493164,-48.53184509277344,9,9
existential_there_quantifiers_1,236,There isn't a bike impressing Renee.,There isn't every bike impressing Renee.,existential_there_quantifiers_1_good_236,existential_there_quantifiers_1_bad_236,longformer-445_449.parquet,longformer-575_579.parquet,pythia-160m-step70000-400_599.parquet,pythia-160m-step70000-400_599.parquet,-53.781681060791016,-57.24773406982422,8,8
sentential_negation_npi_licensor_present,519,The Lutherans had not ever left Jeffrey.,The Lutherans had fortunately ever left Jeffrey.,sentential_negation_npi_licensor_present_good_519,sentential_negation_npi_licensor_present_bad_519,longformer-590_594.parquet,longformer-815_819.parquet,pythia-160m-step70000-400_599.parquet,pythia-160m-step70000-800_999.parquet,-50.562076568603516,-60.0098991394043,8,8
principle_A_case_1,435,Tara will think that she could love Homer.,Tara will think that herself could love Homer.,principle_A_case_1_good_435,principle_A_case_1_bad_435,longformer-635_639.parquet,longformer-730_734.parquet,pythia-160m-step70000-600_799.parquet,pythia-160m-step70000-600_799.parquet,-52.83096694946289,-59.95781326293945,9,9
existential_there_quantifiers_2,249,Most pictures are there falling.,There are most pictures falling.,existential_there_quantifiers_2_good_249,existential_there_quantifiers_2_bad_249,longformer-285_289.parquet,longformer-310_314.parquet,pythia-160m-step70000-200_399.parquet,pythia-160m-step70000-200_399.parquet,-37.59387969970703,-34.55384063720703,6,6
transitive,581,Most doctors thought about Joseph.,Most doctors grin Joseph.,transitive_good_581,transitive_bad_581,longformer-390_394.parquet,longformer-115_119.parquet,pythia-160m-step70000-200_399.parquet,pythia-160m-step70000-0_199.parquet,-35.680503845214844,-43.84185028076172,6,5
determiner_noun_agreement_1,95,The associations worked with that actor.,The associations worked with that actors.,determiner_noun_agreement_1_good_95,determiner_noun_agreement_1_bad_95,longformer-570_574.parquet,longformer-625_629.parquet,pythia-160m-step70000-400_599.parquet,pythia-160m-step70000-600_799.parquet,-43.87974548339844,-46.43559646606445,7,7
regular_plural_subject_verb_agreement_1,499,Many teenagers forget that boy.,Many teenagers forgets that boy.,regular_plural_subject_verb_agreement_1_good_499,regular_plural_subject_verb_agreement_1_bad_499,longformer-250_254.parquet,longformer-300_304.parquet,pythia-160m-step70000-200_399.parquet,pythia-160m-step70000-200_399.parquet,-32.363346099853516,-37.9706916809082,6,6
anaphor_number_agreement,29,Rose doesn't reveal herself.,Rose doesn't reveal themselves.,anaphor_number_agreement_good_29,anaphor_number_agreement_bad_29,longformer-180_184.parquet,longformer-280_284.parquet,pythia-160m-step70000-0_199.parquet,pythia-160m-step70000-200_399.parquet,-28.14999008178711,-30.307025909423828,6,6
tough_vs_raising_2,570,Some waiters weren't sure to disagree.,Some waiters weren't boring to disagree.,tough_vs_raising_2_good_570,tough_vs_raising_2_bad_570,longformer-505_509.parquet,longformer-565_569.parquet,pythia-160m-step70000-400_599.parquet,pythia-160m-step70000-400_599.parquet,-42.88005447387695,-50.89318084716797,8,8
determiner_noun_agreement_with_adj_irregular_2,156,Julie can boycott those cheap oases.,Julie can boycott that cheap oases.,determiner_noun_agreement_with_adj_irregular_2_good_156,determiner_noun_agreement_with_adj_irregular_2_bad_156,longformer-455_459.parquet,longformer-405_409.parquet,pythia-160m-step70000-400_599.parquet,pythia-160m-step70000-400_599.parquet,-53.91535568237305,-56.89107131958008,7,7
irregular_past_participle_verbs,308,Joel came here.,Joel come here.,irregular_past_participle_verbs_good_308,irregular_past_participle_verbs_bad_308,longformer-5_9.parquet,longformer-5_9.parquet,pythia-160m-step70000-0_199.parquet,pythia-160m-step70000-0_199.parquet,-20.56753158569336,-23.191659927368164,4,4
superlative_quantifiers_2,559,The teenager would boast about at most four waiters.,No teenager would boast about at most four waiters.,superlative_quantifiers_2_good_559,superlative_quantifiers_2_bad_559,longformer-920_924.parquet,longformer-895_899.parquet,pythia-160m-step70000-800_999.parquet,pythia-160m-step70000-800_999.parquet,-65.60991668701172,-70.05448150634766,10,10
existential_there_quantifiers_2,244,Every screen is there alarming all governments.,There is every screen alarming all governments.,existential_there_quantifiers_2_good_244,existential_there_quantifiers_2_bad_244,longformer-790_794.parquet,longformer-780_784.parquet,pythia-160m-step70000-600_799.parquet,pythia-160m-step70000-600_799.parquet,-53.40981674194336,-53.73358154296875,8,8
anaphor_number_agreement,20,Some government stuns itself.,Some government stuns themselves.,anaphor_number_agreement_good_20,anaphor_number_agreement_bad_20,longformer-200_204.parquet,longformer-325_329.parquet,pythia-160m-step70000-200_399.parquet,pythia-160m-step70000-200_399.parquet,-32.087135314941406,-32.990478515625,5,5
left_branch_island_echo_question,334,A skateboard had upset which pedestrians?,Which had a skateboard upset pedestrians?,left_branch_island_echo_question_good_334,left_branch_island_echo_question_bad_334,longformer-605_609.parquet,longformer-630_634.parquet,pythia-160m-step70000-600_799.parquet,pythia-160m-step70000-400_599.parquet,-55.45039367675781,-51.81752395629883,7,7
determiner_noun_agreement_with_adj_2,130,That adult has worn those out in the open coats.,That adult has worn that out in the open coats.,determiner_noun_agreement_with_adj_2_good_130,determiner_noun_agreement_with_adj_2_bad_130,longformer-815_819.parquet,longformer-790_794.parquet,pythia-160m-step70000-800_999.parquet,pythia-160m-step70000-600_799.parquet,-64.83641815185547,-61.617610931396484,11,11
transitive,589,Laurie was fleeing from most lakes.,Laurie was blinking most lakes.,transitive_good_589,transitive_bad_589,longformer-395_399.parquet,longformer-250_254.parquet,pythia-160m-step70000-400_599.parquet,pythia-160m-step70000-200_399.parquet,-48.809288024902344,-54.29856872558594,7,6
left_branch_island_echo_question,338,Susan is concealing which child?,Which is Susan concealing child?,left_branch_island_echo_question_good_338,left_branch_island_echo_question_bad_338,longformer-280_284.parquet,longformer-300_304.parquet,pythia-160m-step70000-200_399.parquet,pythia-160m-step70000-200_399.parquet,-41.92452621459961,-41.66558074951172,6,6
left_branch_island_simple_question,343,Whose eyes has Theodore sold?,Whose has Theodore sold eyes?,left_branch_island_simple_question_good_343,left_branch_island_simple_question_bad_343,longformer-195_199.parquet,longformer-200_204.parquet,pythia-160m-step70000-200_399.parquet,pythia-160m-step70000-200_399.parquet,-45.28977584838867,-52.12594985961914,6,6
existential_there_quantifiers_2,240,Each face was there boring Natalie.,There was each face boring Natalie.,existential_there_quantifiers_2_good_240,existential_there_quantifiers_2_bad_240,longformer-425_429.parquet,longformer-430_434.parquet,pythia-160m-step70000-400_599.parquet,pythia-160m-step70000-400_599.parquet,-55.287078857421875,-49.25092315673828,7,7
principle_A_reconstruction,486,It's himself who Brett is criticizing.,It's himself who is criticizing Brett.,principle_A_reconstruction_good_486,principle_A_reconstruction_bad_486,longformer-485_489.parquet,longformer-490_494.parquet,pythia-160m-step70000-400_599.parquet,pythia-160m-step70000-400_599.parquet,-45.83441162109375,-43.0128173828125,8,8
principle_A_domain_1,452,Debra hadn't said that Adam remembered her.,Debra hadn't said that Adam remembered herself.,principle_A_domain_1_good_452,principle_A_domain_1_bad_452,longformer-665_669.parquet,longformer-770_774.parquet,pythia-160m-step70000-600_799.parquet,pythia-160m-step70000-600_799.parquet,-50.27037048339844,-55.807430267333984,9,9
