fid,frac,n_total,mean_act,modal,top_words,bucket,cluster,dist_to_centroid,label
6,0.4,24,1.05,object,"['object', 'specific', 'object', 'specific', ',', 'or', 'are', 'object', 'object', 'assigns']",q1_lowest,2,0.4139981684201867,"noisy grab-bag, no consistent theme"
22,0.2,14,0.949,parameters,"['parameters', 'basics', 'australia', 'algorithms', 'errors', 'parameters', '38', 'a', 'curiosity', 'cloves']",q1_lowest,6,0.35855298618569875,'in addition to'/'takes into account' business-prose connective phrases
25,0.4,17,1.001,-,"['-', '-', 'chair', 'chair', 'we', 'events', 'co', '-', '-', 'how']",q1_lowest,0,0.3602344565441101,"noisy grab-bag, no consistent theme"
53,0.2,18,1.003,out,"['out', 'n', 'side', 'out', 'of', 'uk', 'self', 'u', 'wish', 'u']",q1_lowest,7,0.34771238986333886,noisy grab-bag: quiz/civic-institution vocabulary + tech jargon
68,0.2,19,0.969,available,"['retrieved', 'shared', 'asked', 'available', 'without', 'exotic', 'with', 'express', 'joined', 'available']",q1_lowest,10,0.3354696701383988,'New Year's resolution' + 'part of' idiom — noisy
80,0.1,50,1.061,norm,"['norm', 'ability', 'report', 'cost', 'admin', 'constraint', 'backend', 'stream', '::', 'domain']",q1_lowest,12,0.3179877822552583,noisy grab-bag: job-listing/product-spec vocabulary
91,0.2,10,0.971,didn,"['there', 'didn', 'agreement', '\'.""', 'didn', 'without', 'taught', 'their', 'figured', 'couldn']",q1_lowest,1,0.3136483913898002,"noisy grab-bag, no consistent theme"
102,0.1,40,0.981,usb,"['usb', 'further', '.', 'surprising', 'direct', 'be', 'ethics', 'retrieved', 'advertisement']",q1_lowest,9,0.2992449506189088,"noisy grab-bag, no consistent theme"
125,0.4,50,0.984,.,"['votes', 'been', '.', 'consider', '.', 'affect', 'we', '.', '.', 'struggling']",q1_lowest,0,0.3993264809737779,"noisy grab-bag, no consistent theme"
139,0.2,27,1.061,called,"['arguments', 'called', 'boolean', 'called', 'taste', 'boolean', 'call', 'proportion', 'placebo', 'overall']",q1_lowest,11,0.35857945295102894,noisy grab-bag: academic/civic-program vocabulary
165,0.2,50,1.068,spine,"['specializes', 'degrees', 'term', 'spine', 'spine', 'skills', 'recently', 'reputation', 'knowing', 'skills']",q1_lowest,2,0.3520238785092506,"noisy grab-bag, no consistent theme"
175,0.3,29,1.012,&,"['&', 'and', 'to', 'word', '&', '&', 'and', 'short', '1', '.']",q1_lowest,10,0.39704478171689683,'New Year's resolution' + 'part of' idiom — noisy
178,0.1,50,1.061,fields,"['fields', 'governor', 'input', 'strings', 'realms', '=', 'hearts', 'were', 'proved', 'find']",q1_lowest,5,0.30260907241043705,noisy grab-bag: weather/sports stats + biology-protocol recipe
196,0.2,12,0.912,xml,"['xml', 'options', 'were', 'edges', 'selects', 'experiences', ',', 'as', 'areas', 'xml']",q1_lowest,3,0.329367472895576,'associated with' statistical-correlation phrase + noisy grab-bag
209,0.3,35,1.033,so,"['so', 'so', 'debut', 'capacity', 'about', 'squares', 'existence', 'so', 'circumference', 'accessed']",q1_lowest,5,0.38014127472782006,noisy grab-bag: weather/sports stats + biology-protocol recipe
220,0.2,10,0.905,any,"['know', 'other', 'any', 'much', 'can', '9', 'there', 'any', '9', 'and']",q1_lowest,8,0.3855255560188562,"noisy grab-bag, no consistent theme"
221,0.2,11,0.94,3,"['samples', '3', '(', 'little', 'need', 'sorrow', 'less', 'bottom', '3', '(']",q1_lowest,10,0.37377680847507616,'New Year's resolution' + 'part of' idiom — noisy
316,0.1,11,0.915,board,"['board', 'reliance', 'positions', 'interference', 'broker', 'lighting', 'color', 'adjoining', 'patient', 'respective']",q1_lowest,7,0.3093524304278382,noisy grab-bag: quiz/civic-institution vocabulary + tech jargon
318,0.2,17,0.953,for,"['along', 'hal', 'sides', 'for', 'geometry', ""',"", 'further', 'forth', 'for', 'to']",q1_lowest,6,0.4136149978209385,'in addition to'/'takes into account' business-prose connective phrases
357,0.3,19,0.915,and,"['first', 'over', 'and', 'and', 'inside', 'and', 'tap', 'side', 'languages', 'inside']",q1_lowest,3,0.35470653908412864,'associated with' statistical-correlation phrase + noisy grab-bag
368,0.2,17,0.951,have,"['have', 'who', 'fourth', 'shy', 'be', 'the', 'compared', 'have']",q1_lowest,0,0.30393129265086366,"noisy grab-bag, no consistent theme"
415,0.2,10,0.883,emirates,"['attachment', 'emirates', 'uses', 'expression', 'installed', 'addition', 'used', 'opposition', 'at', 'emirates']",q1_lowest,9,0.37610592295610507,"noisy grab-bag, no consistent theme"
419,0.2,23,0.999,to,"['recently', 'to', 'whole', 'had', 'foods', 'size', '19', 'to', 'away', 'on']",q1_lowest,3,0.27181068655739726,'associated with' statistical-correlation phrase + noisy grab-bag
420,0.3,28,1.055,")"",","[')"",', 'and', 'new', ')"",', ')"",', '"",', '"".', 'and', 'and', 'dortmund']",q1_lowest,0,0.47065086075132934,"noisy grab-bag, no consistent theme"
435,0.2,50,1.091,-,"['});', 'that', 'one', 'kinds', '-', 'ï¿½', 'î¼g', '-', '""\\', 'those']",q1_lowest,11,0.3540349143295352,noisy grab-bag: academic/civic-program vocabulary
458,0.4,50,1.053,season,"['season', 'into', 'season', 'season', 'vis', 'rect', 'sensory', ',', 'sport', 'season']",q1_lowest,12,0.3976492168764589,noisy grab-bag: job-listing/product-spec vocabulary
517,0.3,49,1.072,physical,"['physical', 'near', 'relatively', 'reduce', '"",', 'physical', 'suits', 'physical', 'reducing', 'potential']",q1_lowest,1,0.37732775786866063,"noisy grab-bag, no consistent theme"
528,0.3,34,1.03,as,"['percentage', 'relieving', 'as', 'something', 'as', 'length', 'as', 'into', 'until', 'whatever']",q1_lowest,11,0.3851232953615276,noisy grab-bag: academic/civic-program vocabulary
538,0.1,49,1.064,aunt,"['aunt', 'thousand', 'debt', 'taught', 'b', 'distance', 'hundred', 'locked', 'healthcare', 'father']",q1_lowest,5,0.2697523436434758,noisy grab-bag: weather/sports stats + biology-protocol recipe
556,0.1,10,1.048,be,"['be', 'suit', 'towards', 'could', 'things', 'being', 'been', 'most', 'might', 'out']",q1_lowest,8,0.36606523352504233,"noisy grab-bag, no consistent theme"
566,0.3,20,0.979,given,"['y', 'given', 'acting', 'york', 'york', 'given', 'given', 'con', 'respect', 'vitamin']",q1_lowest,0,0.30623880832694994,"noisy grab-bag, no consistent theme"
574,0.3,38,0.98,ways,"['10', 'ways', 'accommodates', 'ways', 'ï¿½', 'bounds', '10', '8', 'gives', 'ways']",q1_lowest,8,0.377654334145851,"noisy grab-bag, no consistent theme"
575,0.2,50,1.014,complete,"['toll', 'complete', 'verification', 'publication', 'complete', 'teachers', 'saturday', 'the', 'the', 'halloween']",q1_lowest,11,0.3156294024315451,noisy grab-bag: academic/civic-program vocabulary
605,0.3,14,0.984,respectively,"['had', 'respectively', '3', 'sight', 'our', 'respectively', 'respectively', 'had', 'existence', 'for']",q1_lowest,10,0.34608923346414244,'New Year's resolution' + 'part of' idiom — noisy
638,0.4,13,0.91,his,"['embodiment', '/>', 'his', 'his', 'enactment', 'out', 'so', 'legends', 'his', 'his']",q1_lowest,0,0.39502940456356483,"noisy grab-bag, no consistent theme"
639,0.2,50,1.041,pointed,"['could', 'pointed', 'factors', 'turned', 'turned', 'pointed', 'can', 'played', 'wanted', 'and']",q1_lowest,8,0.317058391623445,"noisy grab-bag, no consistent theme"
649,0.4,11,0.914,kilometers,"['kilometers', 'kilometers', 'seventy', 'centimeters', 'kilometers', 'km', 'centimeters', 'unions', 'kilometers', 'thousands']",q1_lowest,7,0.46065202803808514,noisy grab-bag: quiz/civic-institution vocabulary + tech jargon
671,0.1,50,1.091,dj,"['dj', 'mine', 'them', 'than', 'chef', 'like', 'yeah', 'mysterious', '"")', 'he']",q1_lowest,4,0.3085171584592999,'for goodness sake' exclamation idiom + noisy grab-bag
687,0.2,29,0.992,part,"['flag', 'part', 'option', 'part', 'document', 'american', ""'s"", 'art', 'and', 'v']",q1_lowest,10,0.30438719370559336,'New Year's resolution' + 'part of' idiom — noisy
691,0.3,13,0.907,you,"['little', 'you', 'twist', 'huh', 'you', 'huh', 'huh', 'skills', 'little', 'you']",q1_lowest,8,0.3705773861366841,"noisy grab-bag, no consistent theme"
698,0.3,12,0.928,fellow,"['dns', 'fellow', '29', 'ways', 'neuron', 'dns', 'fellow', 'loneliness', 'fellow', 'way']",q1_lowest,5,0.3536043420914788,noisy grab-bag: weather/sports stats + biology-protocol recipe
740,0.1,14,0.941,-,"['-', 'we', '/*', 'farmers', 'come', '|', 'families', 'a', 'leave', 'by']",q1_lowest,9,0.29463583760384005,"noisy grab-bag, no consistent theme"
748,0.2,43,1.042,reader,"['damage', 'away', 'provider', 'germans', 'reader', 'germany', 'dimensional', 'cry', 'reader', 'trick']",q1_lowest,8,0.3103324483480102,"noisy grab-bag, no consistent theme"
757,0.2,37,1.005,issue,"['&&', 'digital', 'issuance', 'issue', 'since', 'ensuring', 'ensuring', 'would', 'whether', 'issue']",q1_lowest,6,0.35702923427736644,'in addition to'/'takes into account' business-prose connective phrases
767,0.2,27,1.016,latter,"['fully', 'latter', 'complexity', 'complexity', 'challenges', 'figures', 'latter', 'third', 'joint', 'disposal']",q1_lowest,3,0.3529503467036164,'associated with' statistical-correlation phrase + noisy grab-bag
776,0.1,11,0.987,later,"['later', 'sorry', 'scenes', '60', 'thresholds', 'eventually', 'vi', 'poor', '2', '3']",q1_lowest,2,0.37915194083778103,"noisy grab-bag, no consistent theme"
778,0.3,23,0.98,$,"['$', '$', '$', 'publisher', ""''"", 'oldest', 'post', '->', 'few', 'judge']",q1_lowest,11,0.37461288351671884,noisy grab-bag: academic/civic-program vocabulary
784,0.3,11,0.89,property,"['prop', '488', 'property', 'suitable', 'estimate', 'property', 'property', 'huh', 'other', 'ability']",q1_lowest,8,0.37264272813015165,"noisy grab-bag, no consistent theme"
814,0.2,10,0.909,de,"['six', 'along', 'against', 'between', 'de', 'another', 'been', 'des', 'des', 'de']",q1_lowest,6,0.35282038798617654,'in addition to'/'takes into account' business-prose connective phrases
826,0.2,34,1.012,saying,"['her', 'things', 'sep', 'is', 'saying', 'are', 'for', 'saying', '.', 'have']",q1_lowest,9,0.31821122045582817,"noisy grab-bag, no consistent theme"
834,0.3,11,1.088,-,"['-', 'region', 'reducing', ""',"", 'region', 'low', 'we', '-', '-', 'film']",q1_lowest,9,0.3326769714416864,"noisy grab-bag, no consistent theme"
840,0.2,36,1.052,www,"['wake', 'footsteps', 'www', 'partnership', 'birthplace', 'www', 'bene', 'many', 'cocktails']",q1_lowest,6,0.33932285361399445,'in addition to'/'takes into account' business-prose connective phrases
847,0.3,44,0.996,the,"['the', '09', 'meticulously', '-', 'matter', 'the', 'unfolded', '00', 'through', 'the']",q1_lowest,9,0.279326523343454,"noisy grab-bag, no consistent theme"
859,0.3,12,0.922,spite,"['developing', 'models', 'spite', 'aria', 'introduce', 'spite', 'spite', 'teach', 'comprised', 'introduces']",q1_lowest,11,0.29844937674333205,noisy grab-bag: academic/civic-program vocabulary
873,0.3,48,1.002,-,"['-', 'done', 'things', 'they', 'they', 'learned', '-', 'weighted', '-', 'that']",q1_lowest,1,0.29031010385771544,"noisy grab-bag, no consistent theme"
879,0.2,33,1.079,"),","['whoever', 'showcases', '),', './', 'punitive', '),', '\\\\', 'caregivers', 'with', 'drawn']",q1_lowest,0,0.3803921956958604,"noisy grab-bag, no consistent theme"
890,0.2,46,1.06,being,"['being', 'being', 'seems', 'looks', 'there', 'females', 'latter', 'was', '40', 'worlds']",q1_lowest,1,0.36525958266039676,"noisy grab-bag, no consistent theme"
902,0.1,40,1.053,59,"['59', 'attributable', 'due', '238', '229', 'g', 'available', 'thanks', 'contains', 'responsive']",q1_lowest,10,0.35074417054465523,'New Year's resolution' + 'part of' idiom — noisy
903,0.3,10,0.995,the,"['things', 'your', 'the', 'the', 'farmers', 'to', 'your', 'doing', 'the', 'courts']",q1_lowest,9,0.38527353090039673,"noisy grab-bag, no consistent theme"
918,0.1,14,0.911,arch,"['arch', '16', 'residents', 'costs', '},', 'division', '])', '(),', 'least', ']),']",q1_lowest,2,0.4166716987784814,"noisy grab-bag, no consistent theme"
924,0.2,25,0.928,extent,"['check', 'prescribe', 'station', 'contain', 'extent', 'recruit', 'of', 'broadcast', 'extent', 'day']",q1_lowest,12,0.29920631891488886,noisy grab-bag: job-listing/product-spec vocabulary
927,0.4,14,1.035,communities,"['communities', 'representation', 'communities', 'communities', 'behind', 'communities', 'category', 'community', 'farms', 'dominant']",q1_lowest,11,0.3732472417621238,noisy grab-bag: academic/civic-program vocabulary
928,0.2,12,0.891,-,"[',-', '-', 'deletion', '-', 'month', '(),']",q1_lowest,0,0.4116450444086489,"noisy grab-bag, no consistent theme"
930,0.3,18,0.947,subject,"['subject', 'created', 'will', 'shall', 'subject', 'you', 'may', 'cast', 'who', 'subject']",q1_lowest,12,0.38259992874692184,noisy grab-bag: job-listing/product-spec vocabulary
946,0.3,43,0.999,also,"['respectively', 'part', '28', 'this', 'this', 'career', 'also', 'also', '|', 'also']",q1_lowest,9,0.3768729519109154,"noisy grab-bag, no consistent theme"
948,0.3,50,1.078,once,"[""'"", 'once', 'once', 'pour', 'for', 'once', 'for', 'need', 'then', 'wondering']",q1_lowest,0,0.3541788641548808,"noisy grab-bag, no consistent theme"
953,0.1,50,0.979,happened,"['happened', 'fuss', 'closed', 'dropped', 'are', 'majesty', 'down', 'mouse', 'stuff', 'steel']",q1_lowest,8,0.3084583224192576,"noisy grab-bag, no consistent theme"
960,0.2,44,0.96,bottom,"['bottom', 'result', 'it', ',', 'keeps', 'table', 'result', 'offer', 'experience', 'bottom']",q1_lowest,12,0.2510234874933929,noisy grab-bag: job-listing/product-spec vocabulary
962,0.2,12,0.855,going,"['don', 'going', 'going', 'didn', 'shall', '02', 'first', ',', 'wouldn', 'and']",q1_lowest,1,0.38345644788681515,"noisy grab-bag, no consistent theme"
989,0.2,50,1.024,assemble,"['nyc', 'summer', 'internship', 'competition', 'disorder', 'phd', ""')."", 'assemble', 'assemble', 'cone']",q1_lowest,11,0.30490905851050737,noisy grab-bag: academic/civic-program vocabulary
994,0.2,10,0.925,going,"['fg', 'going', 'yeah', 'companies', 'sometimes', 'hurdles', 'could', '\\', 'high', 'going']",q1_lowest,2,0.3265744533444939,"noisy grab-bag, no consistent theme"
1030,0.1,30,1.023,hey,"['hey', 'haired', 'a', 'i', 'proactive', 'sql', 'to', 'hair', 'participated', 'users']",q1_lowest,2,0.30399905962074986,"noisy grab-bag, no consistent theme"
1036,0.1,50,1.038,tell,"['tell', 'describes', '"").', 'who', 'sometimes', 'sorts', ',', '.', 'she', 'world']",q1_lowest,0,0.32095266813494017,"noisy grab-bag, no consistent theme"
1057,0.2,12,0.975,closer,"['minute', 'closer', 'closest', 'closer', 'near', 'from', 'from', 'align', 'chasing', 'clothing']",q1_lowest,8,0.3407786864396988,"noisy grab-bag, no consistent theme"
1072,0.2,35,1.051,into,"['least', '9', 'degrees', 'into', 'create', '/', 'into', 'children', 'author', '21']",q1_lowest,6,0.46077324697326055,'in addition to'/'takes into account' business-prose connective phrases
1080,0.2,12,0.935,to,"[""'s"", 'which', 'our', 'to', 'this', 'care', 'to', 'in', 'across', 'care']",q1_lowest,0,0.30143314481030414,"noisy grab-bag, no consistent theme"
1236,0.4,13,1.013,23,"['public', 'unified', '23', 'faithful', '23', '23', '26', '23', 'public', 'together']",q1_lowest,7,0.4023136045662068,noisy grab-bag: quiz/civic-institution vocabulary + tech jargon
1239,0.3,40,1.028,hour,"['terms', 'terms', 'hr', 'hour', 'eg', 'hr', 'hour', 'hour', 'million']",q1_lowest,11,0.41545006662824613,noisy grab-bag: academic/civic-program vocabulary
1278,0.2,12,0.964,w,"['this', 'w', 'por', 'w', 'knit', 'what', 'as', 'only', 'process', 'former']",q1_lowest,12,0.3421192173472502,noisy grab-bag: job-listing/product-spec vocabulary
1288,0.1,22,0.907,ah,"['ah', 'seth', 'attend', 'attending', 'another', 'darrell', 'going', 'of', 'waiver']",q1_lowest,0,0.30372840279979574,"noisy grab-bag, no consistent theme"
1294,0.2,19,0.903,11,"['whole', '11', 'thousands', 'her', 'a', '11', 'collins', 'cells', 'by', 'rare']",q1_lowest,5,0.3693017253794259,noisy grab-bag: weather/sports stats + biology-protocol recipe
1317,0.2,15,0.909,heard,"['utmost', 'advantage', 'spent', 'heard', 'written', 'in', 'heard', 'played', 'witnessed', 'that']",q1_lowest,9,0.34575244882457434,"noisy grab-bag, no consistent theme"
1337,0.2,46,1.071,02,"['âĩĵ', 'by', 'replied', '02', 'feb', 'fri', 'next', 'next', '02', 'mon']",q1_lowest,0,0.4489173055789976,"noisy grab-bag, no consistent theme"
1338,0.3,21,1.059,click,"['click', 'starts', 'click', 'sum', 'click', 'use', 'uses', 'start', '//', 'last']",q1_lowest,8,0.3372440523413304,"noisy grab-bag, no consistent theme"
1349,0.2,38,1.012,were,"['to', 'were', '<-', 'were', 'the', 'given', '->', 'greater', 'given', 'required']",q1_lowest,0,0.3416762218759106,"noisy grab-bag, no consistent theme"
1368,0.2,25,1.002,expected,"['pulled', 'ratios', 'closer', 'accustomed', 'average', 'up', 'expected', 'limited', 'promised', 'expected']",q1_lowest,0,0.39377848314843233,"noisy grab-bag, no consistent theme"
1387,0.2,28,0.974,>>,"['computation', 'group', 'ratios', '>>', 'values', 'values', 'functions', 'bureau', '>>', 'recommendations']",q1_lowest,6,0.406687570333855,'in addition to'/'takes into account' business-prose connective phrases
1388,0.2,18,0.994,fourth,"['fourth', 'fourth', 'choose', '4', 'goal', 'hospitality', 'use', '\\)', 'much', '4']",q1_lowest,5,0.41810044463959634,noisy grab-bag: weather/sports stats + biology-protocol recipe
1393,0.1,26,0.984,latter,"['latter', 'settings', 'responding', 'monitoring', 'recommendations', 'to', 'suburban', 'previous', 'respectively', 'subscribing']",q1_lowest,6,0.3212382586712497,'in addition to'/'takes into account' business-prose connective phrases
1410,0.1,50,1.076,defendant,"['defendant', 'was', 'taken', 'takes', 'and', 'tense', ""''"", 'months', '3']",q1_lowest,2,0.2881015348790566,"noisy grab-bag, no consistent theme"
1414,0.2,50,1.071,how,"['how', 'year', 'up', 'thing', 'year', 'how', 'you', 'job', 'up', 'else']",q1_lowest,0,0.39874103643867403,"noisy grab-bag, no consistent theme"
1420,0.2,27,0.959,ii,"['ii', 'gateway', "":'"", 'subscribe', 'variable', 'ii', 'subscribe', 'share', 'c', 'pact']",q1_lowest,7,0.35242946047315654,noisy grab-bag: quiz/civic-institution vocabulary + tech jargon
1466,0.1,50,1.068,orchestra,"['orchestra', 'lighting', 'together', 'however', 'throughout', 'passions', 'never', 'then', 'which', 'uh']",q1_lowest,4,0.27524538503710105,'for goodness sake' exclamation idiom + noisy grab-bag
1494,0.2,10,0.894,36,"['6', '36', '36', '174', ""'s"", 'screenings', 'specifies', 'benchmarks', '19', 'aspirations']",q1_lowest,3,0.4637246022801878,'associated with' statistical-correlation phrase + noisy grab-bag
1497,0.1,50,1.037,",","[',', 'late', 'c', 'allotted', 'larger', 'within', 'each', 'available', 'recommended', 'and']",q1_lowest,3,0.32185281845537417,'associated with' statistical-correlation phrase + noisy grab-bag
1501,0.1,11,0.946,"?""","['?""', '/', ""('"", 'asked', '199', '213', 'while', 'counts', 'â°', 'front']",q1_lowest,2,0.4235140291797669,"noisy grab-bag, no consistent theme"
1509,0.2,50,1.054,interval,"['interval', 'ion', 'extends', 'interval', 'duplication', 'verses', 'into', 'into', 'extends', 'sometimes']",q1_lowest,11,0.3964337853449624,noisy grab-bag: academic/civic-program vocabulary
1526,0.2,11,0.875,__,"[',', 'cry', '__', 'stop', '23', 'c', 'any', '__', 'any']",q1_lowest,12,0.3165316182512392,noisy grab-bag: job-listing/product-spec vocabulary
1547,0.2,50,1.081,annotation,"['likes', 'hands', 'annotation', 'odds', '>>', 'guide', 'annotation', 'position', 'or', 'safety']",q1_lowest,3,0.3612773537078763,'associated with' statistical-correlation phrase + noisy grab-bag
1564,0.3,50,1.082,scratch,"['perfection', 'scratch', 'server', '90', 'scratch', 'different', 'hour', 'scratch', 'common', 'ideals']",q1_lowest,11,0.3713558451465403,noisy grab-bag: academic/civic-program vocabulary
1569,0.2,50,1.082,last,"['1920', 'driver', '1980', 'numerical', 'flight', 'he', 'last', 'last', '1998', 'came']",q1_lowest,5,0.3746412377771725,noisy grab-bag: weather/sports stats + biology-protocol recipe
1577,0.2,21,0.954,s,"['s', 'respond', 'pg', 'receives', 'a', 's', 'deserves', 'according', 'has', 'through']",q1_lowest,9,0.3214736246280582,"noisy grab-bag, no consistent theme"
1578,0.3,11,0.939,into,"['that', 'documentation', 'into', 'into', 'into', 'at', 'documentation', 'a', '28', '23']",q1_lowest,0,0.48936157728867186,"noisy grab-bag, no consistent theme"
1579,0.2,33,0.99,international,"['way', 'international', 'an', 'college', 'week', 'living', '4', 'international', 'hole', 'life']",q1_lowest,5,0.3420871490722621,noisy grab-bag: weather/sports stats + biology-protocol recipe
1586,0.2,11,0.945,exists,"['53', '23', 'exists', '13', '77', '203', 'exists', '56', '103', 'former']",q1_lowest,7,0.6837163325616405,noisy grab-bag: quiz/civic-institution vocabulary + tech jargon
1606,0.4,19,0.987,"),","['another', '16', '),', '43', 'obtain', '),', 'most', '),', '),', 'this']",q1_lowest,6,0.43031181268967233,'in addition to'/'takes into account' business-prose connective phrases
1607,0.4,15,0.9,couldn,"['do', 'sooner', ""',"", 'hey', '45', 'couldn', 'couldn', 'couldn', ""',"", 'couldn']",q1_lowest,10,0.5038461163952012,'New Year's resolution' + 'part of' idiom — noisy
1630,0.2,22,0.952,19,"['too', 'exemplary', '19', 'a', 'xiao', '19', 'accusation', 'necessity', 'punitive', 'bill']",q1_lowest,6,0.3273167708984041,'in addition to'/'takes into account' business-prose connective phrases
1633,0.2,29,1.022,the,"['got', 'datasets', 'a', '-', 'genes', 'the', 'too', '7', 'that', 'the']",q1_lowest,1,0.3024292728244072,"noisy grab-bag, no consistent theme"
1647,0.2,12,0.863,follows,"['have', 'sectors', 'journal', 'day', 'documents', 'chapters', 'follows', 'follows', 'shows', 'the']",q1_lowest,12,0.31313578318505664,noisy grab-bag: job-listing/product-spec vocabulary
1653,0.1,11,0.907,different,"['different', 'for', 'components', 'various', '\\)', 'by', 'related', 'types', ':']",q1_lowest,0,0.42842232614923137,"noisy grab-bag, no consistent theme"
1665,0.2,47,1.036,mapping,"['calls', 'problem', 'ensuring', 'taking', 'nobody', 'one', 'head', 'mapping', 'mapping', 'mt']",q1_lowest,12,0.3224281604375635,noisy grab-bag: job-listing/product-spec vocabulary
1729,0.1,15,0.945,asked,"['asked', 'referring', 'looked', '6', 'bad', 'puts', ',', 'that', 'up', 'though']",q1_lowest,2,0.3437960922856794,"noisy grab-bag, no consistent theme"
1768,0.1,11,0.862,such,"['such', 'cost', 'lines', 'a', 'named', 'for', 'newer', 'idea', 'unspecified', 'smile']",q1_lowest,8,0.30478481375795397,"noisy grab-bag, no consistent theme"
1805,0.2,44,1.015,instant,"['a', 'instant', '#', 'this', '-', 'acting', 'while', 'instant']",q1_lowest,0,0.3552642256368331,"noisy grab-bag, no consistent theme"
1810,0.1,50,1.073,adventures,"['adventures', 'ending', 'and', '_', 'ended', 'th', '-', 'that', 'from', '~']",q1_lowest,12,0.34364983169243063,noisy grab-bag: job-listing/product-spec vocabulary
1815,0.2,50,1.017,20,"['20', 'west', 'parts', 'galaxy', 'improvement', '20', 'africa', 'administrative', 'institute', 'a']",q1_lowest,12,0.3447883285186105,noisy grab-bag: job-listing/product-spec vocabulary
1826,0.2,50,1.048,fri,"['fri', 'northeast', 'fri', '12', '),', '15', 'to', '16', 'phones', 'retaining']",q1_lowest,5,0.3025653002272464,noisy grab-bag: weather/sports stats + biology-protocol recipe
1838,0.1,11,0.861,equipment,"['equipment', 'didn', 'great', 'said', 'reset', 'mitigate', '@', 'from', 'compared', 'of']",q1_lowest,1,0.2837502247987511,"noisy grab-bag, no consistent theme"
1848,0.1,50,1.079,75,"['75', 'all', 'parts', 'found', 'behind', 'cameras', 'meanwhile', '20', 'while', 'arrived']",q1_lowest,10,0.32948525303473986,'New Year's resolution' + 'part of' idiom — noisy
1850,0.4,25,0.95,state,"['state', 'state', 'courtesy', 'out', 'duo', 'hobby', 'goods', 'state', 'together', 'state']",q1_lowest,11,0.33891470226241704,noisy grab-bag: academic/civic-program vocabulary
1855,0.1,50,1.081,essays,"['essays', 'surveys', 'h', 'high', 'transportation', 'seventy', 'gaps', 'and', 'pacific', 'himself']",q1_lowest,6,0.3306080974698328,'in addition to'/'takes into account' business-prose connective phrases
1891,0.2,50,1.053,granted,"['granted', 'near', 'dim', 'granted', 'ratio', 'unsigned', 'dim', 'aged', 'nomination']",q1_lowest,0,0.3287524934063198,"noisy grab-bag, no consistent theme"
1899,0.1,12,0.922,alley,"['alley', 'lb', 'much', 'not', 'day', 'same', 'sounds', 'hey', 'kcal', 'all']",q1_lowest,8,0.37178762019163275,"noisy grab-bag, no consistent theme"
1938,0.1,18,0.986,employees,"['employees', 'assigning', '15', '8', 'not', 'against', 'jp', 'establishment', '18', '491']",q1_lowest,8,0.38981743468406177,"noisy grab-bag, no consistent theme"
1941,0.3,18,0.969,rate,"['rate', 'contents', 'rate', 'awe', 'absence', 'rate', 'sight', 'case', 'evident', 'workings']",q1_lowest,4,0.3636053199739157,'for goodness sake' exclamation idiom + noisy grab-bag
1952,0.2,10,0.889,may,"['situated', 'may', 'you', 'sec', 'don', 't', 'another', 'may', 'doors', 'w']",q1_lowest,5,0.3884892098672271,noisy grab-bag: weather/sports stats + biology-protocol recipe
1956,0.3,24,0.967,click,"['};', 'click', '});', 'click', 'gems', '});', 'while', 'her', 'click', 'pp']",q1_lowest,11,0.448950924957178,noisy grab-bag: academic/civic-program vocabulary
1957,0.3,39,1.052,costs,"['costs', 'costs', 'rest', 'costs', 'screenplay', 'connecting', 'figuring', '>', 'friendships', 'f']",q1_lowest,2,0.33228007927696346,"noisy grab-bag, no consistent theme"
1969,0.1,50,1.093,:,"[':', 'as', 'this', 'there', 'that', ""'ll"", 'to', 'wednesday', 'another', ',']",q1_lowest,9,0.3230596135208334,"noisy grab-bag, no consistent theme"
1975,0.2,11,0.95,happy,"['less', 'happy', 'sum', 'course', 'total', 'happy', 'not', 'average', 'average', 'same']",q1_lowest,8,0.2992512751613017,"noisy grab-bag, no consistent theme"
1981,0.2,14,0.981,??,"['??', '??', 'forget', 'know', 'sure', 'a', 'vs', 'thursday', 'everyone', 'without']",q1_lowest,2,0.398291700086643,"noisy grab-bag, no consistent theme"
1991,0.2,14,0.893,yeah,"['yeah', 'besides', 'armour', 'pages', 'closer', 'every', 'own', 'too', 'waist', 'yeah']",q1_lowest,1,0.32593099470679,"noisy grab-bag, no consistent theme"
2004,0.2,40,1.023,associated,"['symmetry', 'associated', 'coincide', 'agents', 'associated', 'shade', 'the', 'obliged', 'width', 'yards']",q1_lowest,3,0.2914413939317566,'associated with' statistical-correlation phrase + noisy grab-bag
2009,0.3,50,1.079,avg,"['is', 'avg', 'avg', 'is', 'often', 'avg', 'and', 'i', 'i', '.']",q1_lowest,0,0.43311230024502356,"noisy grab-bag, no consistent theme"
2012,0.2,25,0.98,used,"['conflict', 'addition', 'used', 'architecture', 'last', 'that', 'modified', 'after', 'used', 'back']",q1_lowest,0,0.32157919486906084,"noisy grab-bag, no consistent theme"
2024,0.1,17,0.948,kilometers,"['kilometers', 'fans', 'decades', 'counterparts', 'strings', '23', 'especially', 'grounds', 'indirectly', 'points']",q1_lowest,7,0.3269288772527437,noisy grab-bag: quiz/civic-institution vocabulary + tech jargon
2025,0.2,50,0.982,strong,"['strong', 'year', 'no', 'had', 'th', '});', 'strong', 'spectroscopy', 'example', 'good']",q1_lowest,12,0.2884261214234162,noisy grab-bag: job-listing/product-spec vocabulary
2043,0.2,11,0.889,)),"['))', 'modified', 'personnel', '))', 'host', 'former', 'checkpoints', 'modified', ')/', 'series']",q1_lowest,5,0.337310949789553,noisy grab-bag: weather/sports stats + biology-protocol recipe
2054,0.2,22,0.966,15,"['22', 'title', '15', 'reserved', '15', '23', 'any', 'proceeds', 'amd', 'ds']",q1_lowest,7,0.3977383929984162,noisy grab-bag: quiz/civic-institution vocabulary + tech jargon
2056,0.1,16,0.939,2003,"['2003', 'trademarks', 'automobiles', 'standard', 'apr', 'standards', 'jobs', 'job', 'cleaner', 'hari']",q1_lowest,6,0.33454052415419117,'in addition to'/'takes into account' business-prose connective phrases
2102,0.3,50,1.084,million,"['million', 'west', 'million', 'no', 'w', 'million', 'these', 'didn', 'from', 'o']",q1_lowest,6,0.3590060967196025,'in addition to'/'takes into account' business-prose connective phrases
2109,0.2,11,0.956,83,"['estimation', 'four', 'impression', 'objective', 'coupled', 'h', 'output', '83', '83', 'updated']",q1_lowest,5,0.4204301308030252,noisy grab-bag: weather/sports stats + biology-protocol recipe
2157,0.2,17,0.932,was,"['was', 'wasn', 'he', 'was', 'it', 'stared', 'wasn', 'he', 'here']",q1_lowest,9,0.3908943472716747,"noisy grab-bag, no consistent theme"
2164,0.4,50,1.032,with,"['with', 'has', 'build', '>.', 'with', 'show', 'mountain', 'with', 'may', 'with']",q1_lowest,11,0.38241197712101455,noisy grab-bag: academic/civic-program vocabulary
2221,0.1,22,0.982,contacting,"['contacting', 'fields', 'certain', 'combination', 'respective', 'secular', 'potential', 'against', 'the', 'disease']",q1_lowest,1,0.3192830982532713,"noisy grab-bag, no consistent theme"
2240,0.3,11,0.949,9,"['9', '9', '09', 'â»', '7', 'i', ',', '582', '9', 'association']",q1_lowest,6,0.5359213275171907,'in addition to'/'takes into account' business-prose connective phrases
2249,0.3,28,1.008,million,"['so', 'temperature', 'million', 'so', 'million', 'million', 'something', 'velocity', 'cultural', 'power']",q1_lowest,10,0.33787268499190165,'New Year's resolution' + 'part of' idiom — noisy
2254,0.1,50,1.03,offender,"['offender', 'commissioner', 'were', 'w', 'intelligence', 'establishment', 'said', 'officer', 'url', 'o']",q1_lowest,5,0.3061368893924855,noisy grab-bag: weather/sports stats + biology-protocol recipe
2255,0.2,11,0.851,no,"['last', 'no', 'had', 'occurred', 'no', 'a', 'stumbling', 'said', 'early', 'but']",q1_lowest,2,0.4194706998712426,"noisy grab-bag, no consistent theme"
2262,0.1,29,1.052,been,"['been', 'aged', 'attorney', 'ages', 'heard', '07', 'learned', '109', '),', 'dark']",q1_lowest,3,0.3536302306246248,'associated with' statistical-correlation phrase + noisy grab-bag
2263,0.1,13,0.966,also,"['also', 'days', 'others', 'was', 'details', 'scenes', 'parts', 'still', 'status', 'ws']",q1_lowest,3,0.4180061543820543,'associated with' statistical-correlation phrase + noisy grab-bag
2295,0.2,12,1.043,i,"['i', 'g', 'b', 'pleased', 'index', 'i', 'press', 'fancy', 'd']",q1_lowest,12,0.3278707037596482,noisy grab-bag: job-listing/product-spec vocabulary
2327,0.1,50,1.009,other,"['other', 'rest', 'meantime', 'lecture', 'louder', 'his', 'which', 'smaller', 'theory', 'day']",q1_lowest,7,0.33850130795581346,noisy grab-bag: quiz/civic-institution vocabulary + tech jargon
2329,0.3,11,0.861,a,"['shirts', 'a', 'haired', 'shirt', 'a', 'apart', 'after', 'word', 'a', 'ata']",q1_lowest,5,0.37209215114629407,noisy grab-bag: weather/sports stats + biology-protocol recipe
2338,0.1,15,0.917,primary,"['primary', 'gui', 'too', 'of', 'still', 'reuters', 'first', '7', 'got', 'selected']",q1_lowest,9,0.31429300802110843,"noisy grab-bag, no consistent theme"
2354,0.2,36,0.992,closer,"['closer', 'his', 'closer', 'counterparts', 'side', 'an', 'fellow', 'success', 'he', 'structure']",q1_lowest,1,0.32082985313335355,"noisy grab-bag, no consistent theme"
2359,0.2,11,0.921,norm,"['cm', 'baseline', 'norm', 'norm', '.', 'beta', '.', 'an', 'median', 'of']",q1_lowest,7,0.3457948117077376,noisy grab-bag: quiz/civic-institution vocabulary + tech jargon
2457,0.1,23,0.953,43,"['43', 'been', 'without', 'definitions', 'caught', 'they', 'coping', 'that', 'tb', 'only']",q1_lowest,2,0.2754425667259064,"noisy grab-bag, no consistent theme"
2460,0.1,23,0.94,d,"['d', 'wonders', 'also', 'each', 'category', 'consult', 'exception', 'third', 'second', 'vista']",q1_lowest,7,0.302329744803351,noisy grab-bag: quiz/civic-institution vocabulary + tech jargon
2465,0.2,50,1.046,given,"['divided', 'operating', 'given', 'dialect', 'mapped', 'accents', 'given', 'forest', 'poem', 'hepatitis']",q1_lowest,6,0.35962232897908897,'in addition to'/'takes into account' business-prose connective phrases
2476,0.2,23,0.913,resolution,"['resolution', 'resolution', 'part', 'account', 'https', 'situation', 'magic', 'shared', '3', 'policy']",q1_lowest,10,0.29810063202790615,'New Year's resolution' + 'part of' idiom — noisy
2501,0.3,18,1.039,latter,"['latter', 'every', 'latter', 'latter', 'retrieving', 'gow', 'moore', 'such', 'enjoyed', 'intervals']",q1_lowest,7,0.3376415489479483,noisy grab-bag: quiz/civic-institution vocabulary + tech jargon
2523,0.4,14,1.024,to,"['to', 'given', 'given', 'and', '[', 'to', 'given', 'to', 'to', 'existed']",q1_lowest,0,0.47783821737917076,"noisy grab-bag, no consistent theme"
2599,0.1,12,0.934,clinical,"['clinical', 'each', 'ignition', '806', 'equally', 'behind', '(*', '""\\', '53', 'costs']",q1_lowest,7,0.35993717493540867,noisy grab-bag: quiz/civic-institution vocabulary + tech jargon
2654,0.2,13,0.899,got,"['extent', '});', 'they', 'sooner', 'got', 'into', '00', 'got', '.', 'them']",q1_lowest,12,0.3347731880546693,noisy grab-bag: job-listing/product-spec vocabulary
2694,0.2,50,1.016,"`,","['`,', 'assemble', 'so', '`,', ',', 'junior', 'selection', ',', 'up', '62']",q1_lowest,5,0.3707290466423238,noisy grab-bag: weather/sports stats + biology-protocol recipe
2711,0.2,21,0.939,video,"['forest', 'iframe', 'partnership', 'video', 'video', 'surpassed', 'tb', 'deforestation', '2003', 'political']",q1_lowest,6,0.2936707375128725,'in addition to'/'takes into account' business-prose connective phrases
2714,0.3,35,0.994,system,"['dataset', 'hypothesis', 'having', 'system', 'refugees', 'system', 'feet', 'demographics', 'proceedings', 'system']",q1_lowest,11,0.4066064833375293,noisy grab-bag: academic/civic-program vocabulary
2727,0.3,22,1.031,point,"['seen', 'point', 'officer', 'highest', 'way', 'officer', 'deal', 'point', 'point', 'thing']",q1_lowest,8,0.4151368894005292,"noisy grab-bag, no consistent theme"
2755,0.2,50,1.055,into,"[')', 'into', 'please', 'numbers', '),', 'into', '10', 'more', 'sum', 'per']",q1_lowest,9,0.34826932188973175,"noisy grab-bag, no consistent theme"
2805,0.1,50,1.026,footsteps,"['footsteps', 'the', 'necessarily', 'rows', '><', 'disappear', 'engagement', 'any', 'esports', 'leaves']",q1_lowest,2,0.3302546814631888,"noisy grab-bag, no consistent theme"
2811,0.2,10,0.945,in,"['waist', '?', ""'s"", 'indirectly', 'name', 's', 'in', 'all', 'into', 'in']",q1_lowest,4,0.2671719736306119,'for goodness sake' exclamation idiom + noisy grab-bag
2814,0.2,12,0.857,that,"['larger', 'did', 'could', 'that', 'to', '78', '76', 'shall', 'that', 'had']",q1_lowest,8,0.4041037128841219,"noisy grab-bag, no consistent theme"
2815,0.2,10,1.015,goodness,"['we', 'goodness', 'coordinator', 'goodness', 'oh', 'don', 'least', 'âģ¢', ',', 'lord']",q1_lowest,4,0.2546526011069945,'for goodness sake' exclamation idiom + noisy grab-bag
2833,0.1,18,0.993,aspect,"['aspect', 'to', 'f', '7', '42', 'â±', 'year', 'g', '63', 'h']",q1_lowest,7,0.40466779422780624,noisy grab-bag: quiz/civic-institution vocabulary + tech jargon
2862,0.2,17,0.977,emergence,"['cropped', 'emergence', 'sprang', 'prevalence', 'emergence', 'come', 'been', 'ventured', '2003', 'para']",q1_lowest,11,0.3900145623495724,noisy grab-bag: academic/civic-program vocabulary
2933,0.2,26,1.036,12,"['370', '369', 'gone', '12', '10', 'and', 'emerged', 'administrative', '12', 'and']",q1_lowest,5,0.3798991431838492,noisy grab-bag: weather/sports stats + biology-protocol recipe
2960,0.3,15,0.926,.,"['around', 'know', 'sake', 'around', 'yeah', '.', '.', ',', 'etc', '.']",q1_lowest,8,0.3221584495464537,"noisy grab-bag, no consistent theme"
2962,0.2,10,0.902,into,"['addition', 'achieve', 'into', 'g', 'secondary', 'into', 'areas', '22', 'post', 'updates']",q1_lowest,6,0.3200166224734147,'in addition to'/'takes into account' business-prose connective phrases
2965,0.2,24,0.939,and,"['attribution', 'leading', 'linking', 'credited', 'presented', 'and', 'surely', 'and', 'determine', 'appointed']",q1_lowest,1,0.3074448103011125,"noisy grab-bag, no consistent theme"
2966,0.1,23,1.06,officers,"['officers', 'asked', 'least', 'had', 'created', '/', 'netherlands', 'speaker', 'photo', 'b']",q1_lowest,7,0.38299136177067644,noisy grab-bag: quiz/civic-institution vocabulary + tech jargon
2969,0.3,20,1.006,latter,"['latter', 'way', 'sorts', 'into', 'latter', 'rid', 'set', 'latter', 'between', 'sorts']",q1_lowest,6,0.36548818569181324,'in addition to'/'takes into account' business-prose connective phrases
2994,0.2,20,0.98,subjected,"['customer', 'grown', 'boy', 'might', 'subjected', 'subjected', '5', ""','"", '207', '(""']",q1_lowest,10,0.3197468723435181,'New Year's resolution' + 'part of' idiom — noisy
27,0.2,50,1.333,/>,"['/>', 'not', 'for', '/>', 'for', 'out', 'others', 'is', 'is', 'not']",q2,10,0.38305506643046405,'in one go' idiom + entertainment/gaming vocabulary
31,0.3,50,1.264,relies,"['relies', 'provide', 'increase', ',', 'impacts', 'relies', 'relies', '"",', ""',"", '`,']",q2,12,0.41473161712713635,noisy grab-bag: technical/product vocabulary
46,0.1,50,1.231,inequality,"['inequality', 'v', 'inhabitants', 'offices', 'away', 'and', 'example', 'engine', 'force', 'computers']",q2,6,0.317178528308656,"business/strategy vocabulary (competitive advantage, aims and objectives, operating system)"
66,0.2,50,1.212,hope,"['enjoy', 'he', 'hope', 'thank', 'fact', 'sorry', 'neither', 'hope', 'necessary', 'necessary']",q2,8,0.39388771907343734,"noisy grab-bag, no consistent theme"
87,0.1,50,1.139,roll,"['roll', 'mathematics', 'combination', 'pace', 'contamination', 'flight', 'march', 'hours', 'of', 'pcr']",q2,12,0.2743807317559502,noisy grab-bag: technical/product vocabulary
123,0.4,12,1.199,right,"['right', 'site', 'absence', 'right', 'out', 'right', 'position', 'owner', 'absence', 'right']",q2,8,0.43925232282375265,"noisy grab-bag, no consistent theme"
133,0.3,50,1.269,within,"['apart', 'that', 'of', 'within', 'of', 'within', 'another', 'accordance', 'different', 'within']",q2,2,0.34808621791817396,noisy grab-bag: science/history reporting
135,0.2,50,1.182,and,"['and', 'and', 'cos', 'not', 'nor', 'word', 'stem', 'nor']",q2,8,0.3261126080022112,"noisy grab-bag, no consistent theme"
149,0.3,50,1.18,complies,"['complies', 'works', 'creates', 'comes', 'comes', 'complies', 'today', 'complies', 'this']",q2,8,0.4021278678658006,"noisy grab-bag, no consistent theme"
208,0.4,50,1.131,:,"['out', 'up', ':', 'out', 'development', ""':"", ':', 'of', ':', ':']",q2,7,0.38650245236975994,'big leagues'/'rain on parade' idiom mix — noisy
216,0.2,50,1.182,'s,"['private', 'pass', ""'s"", 'her', 'limited', 'thing', 'less', 'jury', ""'s"", 'strip']",q2,10,0.3220979674638917,'in one go' idiom + entertainment/gaming vocabulary
227,0.2,50,1.14,matter,"['every', 'and', '!', 'forth', 'discovering', 'the', 'matter', 'matter', 'everyone', 'everyone']",q2,8,0.34410817226907625,"noisy grab-bag, no consistent theme"
249,0.2,50,1.38,",","['among', 'of', 'increasing', 'higher', '15', ""'t"", ',', ""'"", '35', ',']",q2,2,0.37825855255388213,noisy grab-bag: science/history reporting
280,0.3,50,1.253,â±,"['constraint', 'constraint', 'â±', 'and', 'â±', 'â±', 'raz', 'created', 'categories', 'raz']",q2,12,0.42271960356164884,noisy grab-bag: technical/product vocabulary
307,0.1,50,1.267,after,"['after', 'he', 'went', 'was', 'latter', 'is', 'players', 'north', 'by', 'sons']",q2,4,0.3870480549611329,"'reputation'/legal-clause vocabulary (offences, disabilities, confidence) — noisy"
319,0.4,50,1.245,worth,"['square', 'worth', 'length', 'worth', 'worth', 'entirety', 'respective', 'worth', 'likes', 'length']",q2,12,0.4029811646507008,noisy grab-bag: technical/product vocabulary
334,0.4,50,1.262,https,"['times', 'https', 'got', 'https', 'out', 'https', 'https', 'talked', 'out', 'heard']",q2,7,0.5109976693798072,'big leagues'/'rain on parade' idiom mix — noisy
346,0.1,46,1.096,suite,"['suite', 'your', 'provider', 'tag', 'batch', '6', 'quantities', 'question', 'deadlines', '174']",q2,12,0.29219113905968935,noisy grab-bag: technical/product vocabulary
348,0.4,50,1.273,",","['available', 'able', 'of', 'it', ',', 'it', ',', 'it', ',', ',']",q2,11,0.38889814693517416,'appeared first on [Site]' celebrity-news byline format + greeting 'everyone'
350,0.3,50,1.328,nothing,"['tell', 'i', 'nothing', 'curious', 'tell', 'nothing', 'never', 'sense', 'nothing', 'seen']",q2,7,0.35935450236299066,'big leagues'/'rain on parade' idiom mix — noisy
393,0.2,50,1.327,â±,"['pertaining', 'former', 'respective', 'sorts', 'â±', 'thirds', 'â±', '121', 'whereas', '),']",q2,5,0.39645180265709307,biblical subjunctive 'that...may/might' construction + 'respectively' statistical pairing
405,0.3,50,1.327,el,"['communities', 'metrics', 'towards', 'el', 'el', 'especially', 'el', 'of', 'of', 'del']",q2,2,0.3685150048049204,noisy grab-bag: science/history reporting
443,0.3,50,1.374,well,"['13', 'his', 'well', 'in', 'the', 'well', 'except', 'is', 'well', 'no']",q2,3,0.3419111479850547,"noisy grab-bag, no consistent theme"
448,0.2,50,1.233,depend,"['a', '17', 'depend', 'resume', 'such', 'b', 'depend', 'frequency', 'namely', 'permissions']",q2,4,0.3647601578619093,"'reputation'/legal-clause vocabulary (offences, disabilities, confidence) — noisy"
456,0.3,25,1.231,dir,"['dir', 'dir', 'dir', 'slightest', 'hour', 'initial', '###', '-,', 'quarters', 'inline']",q2,4,0.41994593152433285,"'reputation'/legal-clause vocabulary (offences, disabilities, confidence) — noisy"
460,0.4,50,1.219,kind,"['those', 'benefit', 'kind', 'front', 'kind', 'l', 'boost', 'terms', 'kind', 'kind']",q2,11,0.3324735238541258,'appeared first on [Site]' celebrity-news byline format + greeting 'everyone'
471,0.1,50,1.23,about,"['about', ""')."", 'since', 'of', '""],""', 'to', 'enabling', 'phase', 'against', 'season']",q2,10,0.3584475757936288,'in one go' idiom + entertainment/gaming vocabulary
477,0.3,26,1.227,being,"['-', 'being', 'being', 'being', '/']",q2,1,0.2884304359264823,paragraph-break whitespace before critic/reviewer bylines + academic-chapter headers
485,0.3,24,1.214,person,"['spent', 'person', 'serve', 'spent', '1934', 'person', 'soldier', 'footsteps', 'associate', 'person']",q2,9,0.3107164756755609,"noisy grab-bag, no consistent theme"
502,0.2,50,1.301,the,"['the', 'the', 'as', 'as', 'on', 're', 'rate', 'debate', 'subject', 'at']",q2,9,0.3488818764334631,"noisy grab-bag, no consistent theme"
547,0.4,12,1.095,league,"['league', 'league', 'suite', 'league', 'not', 'outlook', 'the', 'league', 'tail', 'of']",q2,9,0.3457580419670859,"noisy grab-bag, no consistent theme"
560,0.1,50,1.199,last,"['last', 'self', 'yesterday', 'shoes', 'businesses', 'birth', 'best', ':-', 'our', 'tis']",q2,10,0.34447475901545727,'in one go' idiom + entertainment/gaming vocabulary
571,0.3,11,1.114,far,"['far', 'far', 'wouldn', 'far', 'wouldn', 'long', 'journal', 'long', 'so', 'use']",q2,7,0.47621985630995006,'big leagues'/'rain on parade' idiom mix — noisy
582,0.2,50,1.145,others,"[""'s"", 'mm', 'been', 'in', 'meters', 'other', 'variations', 'as', 'others', 'others']",q2,9,0.3373832191150098,"noisy grab-bag, no consistent theme"
622,0.2,50,1.11,good,"['such', 'things', 'it', 'improve', 'good', 'we', 'they', 'ones', 'good', 'we']",q2,7,0.27925344251826556,'big leagues'/'rain on parade' idiom mix — noisy
657,0.2,50,1.223,way,"['of', 'further', 'way', 'scholar', 'goal', 'writer', 'way', 'do', 'basis', 'improve']",q2,8,0.33782582611172723,"noisy grab-bag, no consistent theme"
672,0.1,50,1.322,'s,"[""'s"", 'century', 'one', 'come', 'decades', 'steel', 'thousand', 'into', 'false', 'old']",q2,2,0.30242345376767593,noisy grab-bag: science/history reporting
683,0.4,50,1.382,04,"['04', '04', 'sunday', 'apr', 'g', 'apr', '/', '/', '04', '04']",q2,2,0.502599958737612,noisy grab-bag: science/history reporting
688,0.2,50,1.261,everyone,"['everyone', 'users', 'everyone', 'wait', 'oh', '})', 'users', 'everything', 'no', 'time']",q2,11,0.3024341947199801,'appeared first on [Site]' celebrity-news byline format + greeting 'everyone'
703,0.4,50,1.279,inches,"['inches', 'into', 'inches', '?', 'any', 'feet', 'combinations', 'inches', 'into', 'inches']",q2,0,0.3567565969500425,unit-conversion vocabulary (mm to inches) + code 'this.' references
730,0.3,50,1.206,and,"['throughout', 'and', 'ensure', 'information', 'individual', 'internal', 'and', 'and', 'consumers', 'https']",q2,9,0.35690572678984905,"noisy grab-bag, no consistent theme"
733,0.2,50,1.121,private,"['necessary', 'rt', 'methodology', 'figuring', 'necessity', 'private', 'half', '100', 'tera', 'private']",q2,2,0.3757393561036509,noisy grab-bag: science/history reporting
738,0.4,50,1.111,s,"['had', 'exercise', 'had', 's', 'takes', 's', 's', 'has', 's', 'had']",q2,9,0.4118848550680345,"noisy grab-bag, no consistent theme"
744,0.2,50,1.103,done,"['again', 'the', 'done', 'had', 'happened', 'law', 'log', 'doc', 'happened', 'done']",q2,7,0.3311286158164371,'big leagues'/'rain on parade' idiom mix — noisy
759,0.1,50,1.175,meant,"['meant', 'academy', 'operating', 'such', 'aims', ""',"", 'aim', 'natural', 'moved']",q2,6,0.2968680916220663,"business/strategy vocabulary (competitive advantage, aims and objectives, operating system)"
786,0.4,50,1.265,were,"['being', 'were', 'were', 'were', 'name', 'to', 'knowing', 'were', 'daily']",q2,2,0.3671565798531729,noisy grab-bag: science/history reporting
795,0.4,50,1.218,station,"['detail', 'stream', 'station', 'spoken', 'community', 'station', 'station', 'station']",q2,1,0.2945017126048888,paragraph-break whitespace before critic/reviewer bylines + academic-chapter headers
796,0.1,50,1.215,persons,"['persons', 'mine', 'wish', 'pretty', 'majesty', 'partly', 'let', 'want', 'part', 'literal']",q2,11,0.37679582861556626,'appeared first on [Site]' celebrity-news byline format + greeting 'everyone'
809,0.2,50,1.157,[[,"['13', 'thousand', 'month', 'yet', 'jury', '[[', 'used', '[[', 'customer', 'i']",q2,11,0.32185088949600216,'appeared first on [Site]' celebrity-news byline format + greeting 'everyone'
820,0.1,50,1.359,worse,"['worse', 'pleased', 'from', 'minute', 'further', 'different', 'so', 'said', 'feet', 'inches']",q2,7,0.35287060230075645,'big leagues'/'rain on parade' idiom mix — noisy
865,0.1,50,1.223,250,"['250', 'every', 'about', 'very', 'http', '200', 'minute', 'give']",q2,3,0.4317350398492646,"noisy grab-bag, no consistent theme"
870,0.2,50,1.354,[,"['[', ""'s"", 'their', 'phone', 'further', '[', 'after', '/', 'further', '/']",q2,1,0.33250130455469273,paragraph-break whitespace before critic/reviewer bylines + academic-chapter headers
872,0.1,14,1.11,ate,"['ate', 'worked', '=', 'fed', 'packing', 'horns', 'take']",q2,1,0.370889675096915,paragraph-break whitespace before critic/reviewer bylines + academic-chapter headers
904,0.2,50,1.127,15,"['editor', 'respectively', 'include', 'october', '15', '15', 'without', 'was', '45', 'd']",q2,3,0.3703432803932849,"noisy grab-bag, no consistent theme"
922,0.3,50,1.276,don,"['who', 'another', 'again', 'don', 'for', 'don', 'right', 'for', 'don', 'way']",q2,7,0.40415383521125126,'big leagues'/'rain on parade' idiom mix — noisy
941,0.2,50,1.281,so,"['latter', 'exhibit', 'regulatory', 'sensory', 'regulation', 'agents', 'so', 'so', 'supernatural', 'twitter']",q2,4,0.30278847876758014,"'reputation'/legal-clause vocabulary (offences, disabilities, confidence) — noisy"
950,0.1,50,1.15,in,"['in', 'staff', 'k', 'guided', 'cousin', 'guest', '=', 'purpose', 'uk', 'quarter']",q2,9,0.29234149712267604,"noisy grab-bag, no consistent theme"
961,0.2,50,1.268,c,"['amendment', 'alike', 'computing', 'feet', 'apart', 'celsius', 'c', 'c', 'part', 'the']",q2,12,0.33257702068248807,noisy grab-bag: technical/product vocabulary
968,0.4,10,1.142,like,"['likes', 'like', 'like', 'like', 'like', 'likes', '>.', '>.', 'want', '3']",q2,7,0.5275120023869044,'big leagues'/'rain on parade' idiom mix — noisy
1039,0.4,31,1.171,a,"['a', 'and', 'a', 'it', 'at', 'a', 'a', 'if', 'of']",q2,7,0.43697869789478605,'big leagues'/'rain on parade' idiom mix — noisy
1054,0.2,50,1.257,hospitals,"['engineering', 'hospital', 'for', 'seeking', 'town', 'hospitals', 'hospitals', 'road', 'senators', 'african']",q2,9,0.3641565597708716,"noisy grab-bag, no consistent theme"
1060,0.2,50,1.13,&,"[""'s"", '&', 'ability', 'receiver', '&', 'component', 'necessity', 'e', 'authority', '270']",q2,12,0.3536844600598616,noisy grab-bag: technical/product vocabulary
1063,0.3,50,1.275,the,"['the', 'exposures', 'specifications', 'the', 'the', 'projected', 'exposures', 'liabilities', 'close', 'concentrations']",q2,2,0.3764109073373268,noisy grab-bag: science/history reporting
1102,0.2,50,1.167,ensure,"['necessary', 'sometimes', 'c', '8', 'like', 'ensure', 'ensure', 'of', 'all', 'cloudy']",q2,9,0.4208690495532628,"noisy grab-bag, no consistent theme"
1129,0.2,50,1.094,the,"['the', '#', 'thr', 'only', 'the', 'err', 'nowhere', 'least', '15', 'better']",q2,7,0.3675951000618329,'big leagues'/'rain on parade' idiom mix — noisy
1142,0.3,13,1.123,wanted,"['wanted', 'the', 'wanted', 'thought', 'thought', 'wanted', 'real', 'as', 'the', 'went']",q2,11,0.41745853292517165,'appeared first on [Site]' celebrity-news byline format + greeting 'everyone'
1181,0.2,50,1.204,certain,"['"",', 'certain', 'conduct', 'who', 'certain', 'select', 'category', 'different', 'modified', 'direct']",q2,9,0.3445770472005309,"noisy grab-bag, no consistent theme"
1194,0.2,50,1.367,instance,"['from', 'instance', '/**', '=', 'best', 'counterparts', 'one', 'instance', 'people', '/*']",q2,1,0.3748541400614554,paragraph-break whitespace before critic/reviewer bylines + academic-chapter headers
1215,0.3,50,1.388,this,"['no', 'this', 'this', 'an', ""['"", '16', 'be', 'weren', '399', 'this']",q2,0,0.3553498606655176,unit-conversion vocabulary (mm to inches) + code 'this.' references
1237,0.2,50,1.318,better,"['better', 'brand', 'better', 'for', 'best', 'best', 'part', 'care', 'meaning', 'the']",q2,6,0.3448566354135515,"business/strategy vocabulary (competitive advantage, aims and objectives, operating system)"
1259,0.2,50,1.171,in,"['].', 'him', 'were', 'element', 'in', 'such', 'out', 'in', 'p', 'reach']",q2,8,0.3035079597625026,"noisy grab-bag, no consistent theme"
1264,0.3,50,1.286,doi,"['referred', 'in', 'written', 'a', '_', 'doi', 'doi', 'referred', 'doi', 'refer']",q2,2,0.3949624353602167,noisy grab-bag: science/history reporting
1275,0.2,50,1.371,newly,"[""'s"", 'written', 'newly', 'further', 'newly', '(),', 'of', 'further', 'more', 'prevalence']",q2,6,0.3252496744482726,"business/strategy vocabulary (competitive advantage, aims and objectives, operating system)"
1286,0.4,50,1.405,.,"['degrees', 'aviv', '.', '.', '12', '30', '.', 'sides', '.', '-']",q2,8,0.44103766958774787,"noisy grab-bag, no consistent theme"
1292,0.1,42,1.106,only,"['only', 'yeah', '@', 'been', 'trillion', 'spent', 'on', 'everything', 'surpassed', 'too']",q2,7,0.3768730290790302,'big leagues'/'rain on parade' idiom mix — noisy
1320,0.2,50,1.322,open,"['win', 'click', 'mr', 'suite', 'open', 'open', 'silicone', 'vs', 'father', 'promoted']",q2,8,0.34608436952268273,"noisy grab-bag, no consistent theme"
1348,0.1,50,1.245,percentages,"['percentages', 'protocols', 'particular', 'antioch', 'cent', 'characteristics', 'six', '26', 'kinds', 'eight']",q2,9,0.3217019256731891,"noisy grab-bag, no consistent theme"
1360,0.2,50,1.17,his,"['knew', '%', 'wonderful', 'you', 'his', 'djs', 'its', 'public', 'releases', 'his']",q2,8,0.29116373727730366,"noisy grab-bag, no consistent theme"
1384,0.2,50,1.178,has,"['sources', 'he', 'has', 'is', 'have', 'has', 'parties', 'having', 'she', 'what']",q2,2,0.3993981975698159,noisy grab-bag: science/history reporting
1392,0.1,50,1.293,fair,"['fair', 'played', 'get', 's', ""'s"", 'effect', 'play', 'worth', 'part', 'aid']",q2,10,0.3107224822622502,'in one go' idiom + entertainment/gaming vocabulary
1397,0.2,50,1.117,here,"['further', 'became', 'however', 'last', 'and', 'by', ""',"", 'here', 'here', 'american']",q2,3,0.29331897921055483,"noisy grab-bag, no consistent theme"
1401,0.4,50,1.206,by,"['sight', 'then', 'whose', 'by', 'by', 'by', 'whole', 'out', 'think', 'by']",q2,8,0.3571592013278293,"noisy grab-bag, no consistent theme"
1412,0.1,50,1.368,go,"['go', 'competitive', 'places', 'live', 'organizations', 'characters', 'techniques', 'geographic', 'license', 'creative']",q2,6,0.2998548064578858,"business/strategy vocabulary (competitive advantage, aims and objectives, operating system)"
1419,0.2,50,1.222,rank,"['rank', 'index', 'nearest', 'prone', 'rank', 'poem', 'least', 'nearest', ""'s"", 'prone']",q2,12,0.3882163549521787,noisy grab-bag: technical/product vocabulary
1444,0.4,10,1.384,exists,"['exists', 'exists', 'uniform', 'exists', 'existence', 'exists', 'existence', 'norms', 'uniform', 'keep']",q2,4,0.453372439473915,"'reputation'/legal-clause vocabulary (offences, disabilities, confidence) — noisy"
1449,0.3,50,1.129,mean,"['gaming', 'diligence', 'square', 'individual', 'reliance', 'mean', 'th', 'mean', 'mean', 'pork']",q2,10,0.3444440067715481,'in one go' idiom + entertainment/gaming vocabulary
1458,0.1,50,1.149,award,"['award', 'course', 'realm', 'your', 'kingdom', 'former', 'and', 'honorable', 'domestic', 'past']",q2,9,0.3163843130172612,"noisy grab-bag, no consistent theme"
1463,0.3,50,1.183,all,"['mid', 'all', 'âł', '++', 'all', 'âł', 'the', 'the', 'all', 'âł']",q2,2,0.3880326923333931,noisy grab-bag: science/history reporting
1470,0.2,50,1.31,lines,"['out', 'lines', 'no', 'whole', 'lines', 'no', 'nos', 'thousand', 'souls', 'thousand']",q2,7,0.3869262006767768,'big leagues'/'rain on parade' idiom mix — noisy
1492,0.3,50,1.143,journal,"[',', '5', 'for', 'journal', '-', 'journal', ',', '|', 'journal', 'for']",q2,10,0.4274318607042105,'in one go' idiom + entertainment/gaming vocabulary
1520,0.4,38,1.147,21,"['21', '21', 'arms', 'a', 'speakers', 'formed', '21', 'arms', '151', '21']",q2,9,0.438057216251206,"noisy grab-bag, no consistent theme"
1525,0.2,50,1.099,terms,"['-,', 'so', 'specifications', 'outs', 'terms', 'dir', 'terms', 'stuff', 'returns', 'copper']",q2,4,0.3513571228705426,"'reputation'/legal-clause vocabulary (offences, disabilities, confidence) — noisy"
1527,0.1,50,1.151,yesterday,"['yesterday', 'costs', 'and', 'thought', 'leaves', 'rolls', 'takes', 'released', 'cost', 'realized']",q2,9,0.36743533727536465,"noisy grab-bag, no consistent theme"
1534,0.4,50,1.372,response,"['other', 'team', 'submit', 'bodies', 'response', 'response', 'response', 'response', 'bodies', '+']",q2,6,0.35538058070466744,"business/strategy vocabulary (competitive advantage, aims and objectives, operating system)"
1557,0.4,50,1.286,standards,"['standards', 'us', 'standards', 'greater', 'whether', 'standards', 'whether', 'the', 'standards', 'the']",q2,4,0.40707071385525057,"'reputation'/legal-clause vocabulary (offences, disabilities, confidence) — noisy"
1570,0.2,50,1.116,costs,"['costs', 'former', 'login', 'mutations', 'amended', 'fullest', 'costs', 'latter', 'mean', 'either']",q2,4,0.3720870208366621,"'reputation'/legal-clause vocabulary (offences, disabilities, confidence) — noisy"
1573,0.3,19,1.344,reputation,"['reputation', 'reputation', 'reputation', 'favorites', 'metres', 'favorites', 'pages', 'favorites']",q2,1,0.3981250521107606,paragraph-break whitespace before critic/reviewer bylines + academic-chapter headers
1589,0.2,50,1.223,respectively,"['out', 'winners', 'km', 'monthly', 'th', 'respectively', ');', 'menu', 'respectively', 'update']",q2,4,0.3264459583495788,"'reputation'/legal-clause vocabulary (offences, disabilities, confidence) — noisy"
1625,0.1,50,1.166,earliest,"['earliest', 'statue', '408', 'aiding', 'epoch', '015', 'limited', 'loan', 'it', 'of']",q2,2,0.36599023847097023,noisy grab-bag: science/history reporting
1627,0.2,50,1.303,consists,"['his', 'my', 'consists', 'talent', ""'s"", ""'s"", 'her', 'resumes', 'au', 'consists']",q2,12,0.3321155817841832,noisy grab-bag: technical/product vocabulary
1637,0.2,50,1.16,level,"['and', 'link', 'level', ',', 'location', 'level', 'euro', '&&', 'to', '000']",q2,2,0.3407907685616502,noisy grab-bag: science/history reporting
1641,0.4,46,1.217,out,"['out', 'into', 'out', 'sometimes', 'of', ');', 'into', 'out', 'out', ')']",q2,10,0.40519407270986724,'in one go' idiom + entertainment/gaming vocabulary
1644,0.4,14,1.102,may,"['may', 'may', 'might', 'may', '111', 'landlord', 'might', 'a', 'inmate', 'may']",q2,5,0.35985297530179716,biblical subjunctive 'that...may/might' construction + 'respectively' statistical pairing
1659,0.2,50,1.406,awhile,"['awhile', 'album', 'awhile', 'opinions', 'kinds', 'opinion', 'not', 'catalog', 'weeks', 'from']",q2,10,0.3555828396751926,'in one go' idiom + entertainment/gaming vocabulary
1682,0.2,50,1.383,ourselves,"['our', 'ourselves', 'capita', 'contain', '-', 'ourselves', 'contains', 'at', 'times', 'bottle']",q2,9,0.29342357100795613,"noisy grab-bag, no consistent theme"
1694,0.2,50,1.387,avg,"['âģ¢', 'acre', '$.', 'dimensional', 'ã¢', '/.', '120', 'the', 'avg', 'avg']",q2,12,0.3862185786544348,noisy grab-bag: technical/product vocabulary
1738,0.2,50,1.284,need,"['23', 'need', 'use', 'between', 'hard', 'a', 'ago', 'need', 'turn']",q2,11,0.3494189660066765,'appeared first on [Site]' celebrity-news byline format + greeting 'everyone'
1739,0.1,50,1.338,spiritual,"['spiritual', 'middle', 'germany', 'terms', 'region', 'red', '23', 'long', 'china', 'switzerland']",q2,3,0.3675987089177216,"noisy grab-bag, no consistent theme"
1758,0.1,50,1.298,chain,"['chain', 'internet', 'is', 'on', 'shopping', 'other', 'that', 'apart', 'famous', 'breed']",q2,2,0.28813598407869406,noisy grab-bag: science/history reporting
1780,0.4,33,1.129,directory,"['"":', 'directory', 'directory', 'split', 'directory', 'split', 'directory', '05', 'split', '*/']",q2,2,0.4270631442737195,noisy grab-bag: science/history reporting
1812,0.2,50,1.156,respectively,"['huh', 'joined', 'respectively', 'nor', 'respectively', 'whom', 'nor', 'heard', '2017', 'r']",q2,5,0.30688935200700496,biblical subjunctive 'that...may/might' construction + 'respectively' statistical pairing
1814,0.1,50,1.18,become,"['become', 'comes', 'explore', 'came', 'into', 'hobbies', 'you', 'gained', 'the', 'occurred']",q2,2,0.3695269380438809,noisy grab-bag: science/history reporting
1819,0.3,25,1.361,'m,"[""'m"", '727', 'tions', 'puerto', '727', 'm', 'theorem', ""'m"", ""'m"", 'm']",q2,2,0.40426739636055875,noisy grab-bag: science/history reporting
1821,0.2,50,1.214,usable,"['usable', 'user', 'their', 'curricular', 'usable', 'appearance', 'other', 'other', 'administrative', 'user']",q2,4,0.3502876634017358,"'reputation'/legal-clause vocabulary (offences, disabilities, confidence) — noisy"
1854,0.3,50,1.362,technology,"['technology', 'technology', 'th', 'time', 'technology', 'th', 'th', 'times', 'times', 'time']",q2,10,0.3980621281871121,'in one go' idiom + entertainment/gaming vocabulary
1870,0.2,32,1.348,32,"['190', ""'s"", '32', '192', '32', '"">', '"">', 'and', 'and', 'birth']",q2,3,0.3474773972755676,"noisy grab-bag, no consistent theme"
1883,0.2,50,1.327,':,"[""':"", 'potential', 'healthcare', 'choose', ""':"", 'standards', 'obligations', 'standards', 'five', 'the']",q2,12,0.2942769859194961,noisy grab-bag: technical/product vocabulary
1904,0.2,50,1.395,monkey,"['piano', 'machine', 'olympic', 'monkey', 'annex', 'the', 'cancer', 'monkey', 'collections', 'association']",q2,4,0.40767119732972595,"'reputation'/legal-clause vocabulary (offences, disabilities, confidence) — noisy"
1910,0.1,50,1.321,initially,"['initially', 'bigger', 'can', 'up', 'about', 'seasons', 'awhile', 'then', 'concept', 'going']",q2,6,0.3607267549804573,"business/strategy vocabulary (competitive advantage, aims and objectives, operating system)"
1928,0.4,16,1.369,deep,"['was', 'deep', 'too', 'deep', 'were', 'deep', 'deep', 'somewhere', 'time', 'was']",q2,7,0.43845483114477674,'big leagues'/'rain on parade' idiom mix — noisy
1933,0.2,50,1.297,he,"['tense', 'he', 'he', 'his', ""'),"", 'him', ',', 'speaker', 'defined', 'further']",q2,6,0.31947157011868504,"business/strategy vocabulary (competitive advantage, aims and objectives, operating system)"
1947,0.4,50,1.253,est,"['est', 'est', 'est', 'northeast', 'just', 'consecutive', 'consecutive', 'est', 'aspx', 'in']",q2,9,0.3855549834881508,"noisy grab-bag, no consistent theme"
1954,0.3,30,1.163,that,"['if', 'than', 'that', 'than', 'about', 'that', 'any', 'that', '.', 'whom']",q2,8,0.36579080577095413,"noisy grab-bag, no consistent theme"
1978,0.2,50,1.272,a,"['a', 'every', 'comes', 'when', 'arguments', 'whenever', 'communicate', 'available', 'whether', 'a']",q2,6,0.3251308584713453,"business/strategy vocabulary (competitive advantage, aims and objectives, operating system)"
1982,0.2,50,1.155,which,"['what', '12', 'has', 'which', 'amendment', 'relaxation', '-', 'which', '-,', 'went']",q2,6,0.3513509289951298,"business/strategy vocabulary (competitive advantage, aims and objectives, operating system)"
2002,0.2,50,1.163,".""","['.""', 'all', 'december', 'took', '.""', 'o', 'she', 'december', 'doctor', 'his']",q2,8,0.37564411707147694,"noisy grab-bag, no consistent theme"
2007,0.2,50,1.294,later,"['involved', 'later', 'up', '`', 'keywords', 'bets', 'normal', 'later', 'started', 'here']",q2,10,0.3310226744962786,'in one go' idiom + entertainment/gaming vocabulary
2020,0.3,50,1.095,to,"['per', 'to', '-', '][', 'to', 'at', ']', 'a', 'to', 'e']",q2,2,0.3858071692676318,noisy grab-bag: science/history reporting
2021,0.1,50,1.298,exhibited,"['exhibited', 'y', 'involves', 'reported', 'demonstrate', 'skirts', 'ranked', 'et', 'features', 'published']",q2,2,0.316790999643939,noisy grab-bag: science/history reporting
2080,0.3,50,1.168,here,"['gum', '/', 'here', 'here', 'best', 'versions', 'parts', 'we', 'here', 'ends']",q2,7,0.3634425164421362,'big leagues'/'rain on parade' idiom mix — noisy
2098,0.2,50,1.367,percentage,"['trillion', 'partner', 'procedure', 'quart', 'percentage', 'kw', 'percentage', 'sloan', 'typically', 'volume']",q2,4,0.361727339379599,"'reputation'/legal-clause vocabulary (offences, disabilities, confidence) — noisy"
2128,0.2,50,1.25,'s,"[""'s"", 'he', 'backs', 'him', 'this', 'neither', 'one', 'his', ""'s"", 'who']",q2,7,0.3328309657313979,'big leagues'/'rain on parade' idiom mix — noisy
2130,0.2,50,1.121,to,"['sec', 'we', 'thou', 'to', ').', '`', 'cout', 'lik', 'to', 'mutual']",q2,6,0.34068735856740384,"business/strategy vocabulary (competitive advantage, aims and objectives, operating system)"
2140,0.2,50,1.124,completely,"['paragraph', 'give', 'completely', 'entirely', 'click', 'the', 'business', 'completely', 'the', 'click']",q2,7,0.30821098806078717,'big leagues'/'rain on parade' idiom mix — noisy
2141,0.1,50,1.15,host,"['host', 'married', 'next', 'a', 'engage', 'analyst', 'inbox', 'alliance', 'angeles', 'commitment']",q2,6,0.3024825939993571,"business/strategy vocabulary (competitive advantage, aims and objectives, operating system)"
2183,0.2,50,1.148,little,"['little', 'nobody', 'seem', 'governor', 'extraordinary', 'seemed', 'fact', 'smelled', 'little', 'concentrations']",q2,9,0.335561670316137,"noisy grab-bag, no consistent theme"
2187,0.2,50,1.198,go,"['go', '-', 'other', 'go', 'client', 'fact', '8', 'out', 'fig', 'wild']",q2,10,0.3035518583940491,'in one go' idiom + entertainment/gaming vocabulary
2196,0.2,50,1.282,reputation,"['vip', 'confidence', 'reputation', 'recreation', 'reputation', 'bonus', 'latitude', 'humanities', 'ranked', '190']",q2,4,0.28608230883152724,"'reputation'/legal-clause vocabulary (offences, disabilities, confidence) — noisy"
2214,0.2,50,1.273,",","['that', 'more', ',', 'virtually', ',', '000', 'at', 'officer', 'conversely', 'care']",q2,12,0.3529822920112077,noisy grab-bag: technical/product vocabulary
2226,0.2,50,1.173,determine,"['discuss', 'give', 'sudo', 'faithful', 'to', 'prevent', 'ratio', 'determine', 'tell', 'determine']",q2,10,0.40611315800824144,'in one go' idiom + entertainment/gaming vocabulary
2228,0.2,50,1.268,someone,"['13', 'names', 'someone', 'someone', 'people', 'pacific', 'this', '@', ';', 'because']",q2,8,0.30983362419297084,"noisy grab-bag, no consistent theme"
2229,0.1,50,1.406,her,"['her', 'second', 'average', 'any', 'adolescent', 'down', 'least', '//', 'farther', 'then']",q2,12,0.3289554272125047,noisy grab-bag: technical/product vocabulary
2250,0.1,20,1.203,change,"['change', 'm', 'disaster', 'proficient', 'conflict', 'lean', 'present']",q2,1,0.3186478120168584,paragraph-break whitespace before critic/reviewer bylines + academic-chapter headers
2260,0.2,50,1.31,and,"['and', 'after', 'and', 'after', 'the', '),', '3', 'the', '),', 'alt']",q2,12,0.354881068470676,noisy grab-bag: technical/product vocabulary
2287,0.1,50,1.409,is,"['is', 'leagues', 'finished', 'any', 'themselves', ""'"", 'relationships', 'terrain', 'against', 'when']",q2,7,0.29741582843657144,'big leagues'/'rain on parade' idiom mix — noisy
2308,0.1,50,1.238,offences,"['offences', 'till', 'disabilities', 'defense', 'matthew', 'force', 'junior', 'due', 'laboratory', 'away']",q2,4,0.27957293850946013,"'reputation'/legal-clause vocabulary (offences, disabilities, confidence) — noisy"
2313,0.2,50,1.322,on,"['them', 'on', 'world', ':', 'click', 'parties', 'affinity', 'up', 'probably', 'on']",q2,9,0.32153406360201825,"noisy grab-bag, no consistent theme"
2364,0.2,50,1.154,never,"['been', 'time', 'never', 'neither', '100', 'didn', 'never', 'slightest', 'particular', 'particular']",q2,0,0.38465615544183046,unit-conversion vocabulary (mm to inches) + code 'this.' references
2368,0.2,50,1.274,temporary,"['10', 'sticker', 'tiny', 'june', 'temporary', 'date', 'date', 'temporary', 'second', 'notes']",q2,2,0.4248768095230902,noisy grab-bag: science/history reporting
2386,0.2,50,1.157,and,"['hal', 'and', 'and', 'only', 'of', '41', '2', 'health', 'with', 'said']",q2,9,0.3266297041292351,"noisy grab-bag, no consistent theme"
2401,0.3,50,1.11,inches,"[')|', 'possible', 'inches', 'inches', '==', 'inches', ')|', 'properties', 'should', 'kinds']",q2,0,0.3718520975137365,unit-conversion vocabulary (mm to inches) + code 'this.' references
2403,0.2,50,1.135,before,"['from', 'before', 'guide', 'battle', 'teeth', 'father', 'judgments', 'before', 'both', 'cords']",q2,9,0.29586925195571556,"noisy grab-bag, no consistent theme"
2443,0.1,50,1.266,desktop,"['desktop', 'vision', '06', 'diet', 'steel', 'examination', 'sunny', '18', 'sentinel', 'nirvana']",q2,10,0.3563471926613531,'in one go' idiom + entertainment/gaming vocabulary
2458,0.2,50,1.186,](,"['this', 'was', 'to', 'of', 'day', 'past', ""',"", '](', 'something', '](']",q2,3,0.31266483953251456,"noisy grab-bag, no consistent theme"
2467,0.4,13,1.405,helsinki,"['madness', 'madness', 'helsinki', 'mindfulness', 'helsinki', 'helsinki', 'helsinki', 'madness', 'mindfulness', 'viii']",q2,12,0.43040198574023364,noisy grab-bag: technical/product vocabulary
2513,0.2,50,1.298,void,"['congressional', 'december', '"");', 'and', 'âģ¢', 'giveaways', 'void', 'this', 'void', 'c']",q2,8,0.3768562633872746,"noisy grab-bag, no consistent theme"
2520,0.2,50,1.202,required,"['required', 'showcased', 'behalf', ',', 'required', 'the', ',', 'the', 'inflicted', 'to']",q2,6,0.3645918022555168,"business/strategy vocabulary (competitive advantage, aims and objectives, operating system)"
2522,0.2,50,1.385,is,"['already', 'them', 'sith', 'is', 'been', 'is', 'never', 'never', 'they', 'so']",q2,10,0.38323525888082954,'in one go' idiom + entertainment/gaming vocabulary
2541,0.2,50,1.115,delhi,"['2016', 'delhi', 'newsletter', 'sends', 'c', 'kingston', 'moscow', 'delhi', '3', '163']",q2,6,0.3703276415538878,"business/strategy vocabulary (competitive advantage, aims and objectives, operating system)"
2544,0.3,50,1.123,good,"['about', 'young', 'good', 'minute', 'good', '1', 'good', 'schematic', 'i', ""\\'""]",q2,7,0.3526215914945554,'big leagues'/'rain on parade' idiom mix — noisy
2558,0.3,50,1.341,this,"['this', 'that', '-', 'original', 'this', 'this', 'that', 'reaper', 'to', '-']",q2,8,0.33342807195665963,"noisy grab-bag, no consistent theme"
2565,0.4,50,1.139,freedom,"['freedom', 'freedom', 'particular', 'liability', 'to', 'concentration', 'freedom', 'freedom', 'disabilities', 'day']",q2,4,0.35040266721637076,"'reputation'/legal-clause vocabulary (offences, disabilities, confidence) — noisy"
2591,0.1,50,1.124,per,"['per', 'go', 'works', 'disagrees', 'speed', 'much', 'equally', 'appears', 'is']",q2,8,0.2879258535522578,"noisy grab-bag, no consistent theme"
2596,0.1,50,1.156,multi,"['multi', 'nobody', 'each', 'without', 'irrespective', 'this', 'whereas', 'repetitive', 'compared', 'rather']",q2,9,0.317513803394931,"noisy grab-bag, no consistent theme"
2602,0.2,50,1.304,it,"['tricks', 'it', 'pace', 'any', 'up', 'your', 'up', 'is', 'around', 'it']",q2,7,0.34962385671967894,'big leagues'/'rain on parade' idiom mix — noisy
2699,0.1,50,1.359,intended,"['intended', 'concurrently', 'governor', 'provincial', 'kingdoms', 'petroleum', 'province', 'ever', 'up', 'eternity']",q2,6,0.3398306979181974,"business/strategy vocabulary (competitive advantage, aims and objectives, operating system)"
2702,0.2,37,1.094,others,"['in', 'ago', 'entitled', 'others', 'exists', 'profiles', 'others', 'monsters', '#', 'more']",q2,6,0.3326809774995529,"business/strategy vocabulary (competitive advantage, aims and objectives, operating system)"
2729,0.2,50,1.155,the,"['her', 'ports', 'the', 'soviet', 'never', 'the', 'magnitude', 'retrieved', 'which', 'another']",q2,9,0.3127451278250785,"noisy grab-bag, no consistent theme"
2737,0.3,50,1.12,trouble,"['trouble', 'despite', 'likes', 'trouble', 'trouble', 'yeah', 'requires', 'without', 'spare', 'hi']",q2,11,0.31180647018249175,'appeared first on [Site]' celebrity-news byline format + greeting 'everyone'
2746,0.1,45,1.096,186,"['186', 'influence', '19', 'others', 'arising', '25', 'widespread', '185', 'which', 'who']",q2,6,0.4013016649631665,"business/strategy vocabulary (competitive advantage, aims and objectives, operating system)"
2751,0.1,50,1.31,officers,"['officers', 'employees', '83', 'printers', 'args', 'exams', 'administrators', 'variants', 'their', 'use']",q2,4,0.38194012585825565,"'reputation'/legal-clause vocabulary (offences, disabilities, confidence) — noisy"
2803,0.3,50,1.372,frequency,"['unable', 'fo', 'frequency', '-', 'competitors', 'frequency', 'token', 'frequency', '-', '-']",q2,2,0.344002686258106,noisy grab-bag: science/history reporting
2876,0.3,32,1.194,fashion,"['fashion', 'and', '1934', 'it', 'fashion', 'came', 'came', 'fashion', 'came']",q2,10,0.32971743732362674,'in one go' idiom + entertainment/gaming vocabulary
2887,0.1,13,1.114,appeared,"['appeared', 'been', 'bigger', 'th', 'first', 'one', 'as', 'shift', 'true', 'experience']",q2,11,0.2646218793349881,'appeared first on [Site]' celebrity-news byline format + greeting 'everyone'
2906,0.3,50,1.096,was,"['latter', 'she', 'she', 'mn', 'in', 'had', 'was', 'was', 'had', 'was']",q2,3,0.3515258086851391,"noisy grab-bag, no consistent theme"
2912,0.4,50,1.312,versa,"['an', 'versa', 'goes', 'thereby', 'versa', 'versa', 'versa', 'exceptions', 'resulting', 'thereby']",q2,4,0.4898330740732039,"'reputation'/legal-clause vocabulary (offences, disabilities, confidence) — noisy"
2918,0.3,50,1.187,whether,"['guess', 'whether', 'following', 'whether', 'user', 'whether', 'following', 'where', 'where', '_']",q2,12,0.39839255477182484,noisy grab-bag: technical/product vocabulary
2924,0.4,50,1.185,at,"['at', 'sensing', 'at', 'balancing', 'at', 'balancing', ')"",', 'being', 'at', 'as']",q2,9,0.4270500762286271,"noisy grab-bag, no consistent theme"
2931,0.3,50,1.301,appeared,"['appeared', 'appeared', '),', 'into', 'since', 'since', 'appeared', 'now', 'began', '),']",q2,11,0.3912847821438428,'appeared first on [Site]' celebrity-news byline format + greeting 'everyone'
2946,0.2,50,1.403,if,"['spare', 'he', 'if', 'legislature', ':', 'element', 'emission', 'if', 'that', ':']",q2,2,0.30427363189522494,noisy grab-bag: science/history reporting
2973,0.1,50,1.1,my,"['my', 'junk', 'const', 'her', 'covering', 'thing', 'create', 'same', 'virgin', '?""']",q2,6,0.3151452171485709,"business/strategy vocabulary (competitive advantage, aims and objectives, operating system)"
2978,0.1,50,1.274,heart,"['heart', 'la', 'best', 'ceo', 'environmental', 'fellow', 'party', 'ear', 'fostering', 'charitable']",q2,9,0.3137121979376191,"noisy grab-bag, no consistent theme"
2981,0.1,50,1.279,learned,"['learned', 'controller', 'derived', 'farmer', 'muscle', 'c', 'master', 'dealer', 'freed', 'convicted']",q2,6,0.3197599329801407,"business/strategy vocabulary (competitive advantage, aims and objectives, operating system)"
2989,0.2,50,1.124,following,"['753', 'for', 'angeles', 'shepherd', 'in', 'of', 'following', 'following', 'six', 'pressed']",q2,8,0.40030401945063887,"noisy grab-bag, no consistent theme"
3,0.3,50,4.35,resistance,"['resilience', 'buildings', 'resistant', 'doors', 'resistant', 'resistance', 'resilience', 'resistance', 'resistance', 'door']",q3,2,0.4085232450285493,"technical/scientific-explainer vocabulary (proxy, hypothesis, analytics, ethics)"
9,0.4,50,5.293,sensor,"['probe', 'probes', 'member', 'sensor', 'probe', 'probe', 'vision', 'sensor', 'sensor', 'sensor']",q3,2,0.3915995981509649,"technical/scientific-explainer vocabulary (proxy, hypothesis, analytics, ethics)"
23,0.2,50,1.777,section,"['section', 'community', 'knowledge', 'america', 'section', 'players', 'things', 'ranking', 'best', 'rankings']",q3,9,0.2913515341109611,"archaic subjunctive/biblical register ('had it not been for thee', 'thou shall') + generic 'section' web-copy"
57,0.4,50,5.369,",","['she', ',', ',', ')', ',', ')', 'they', ',', 'she', 'always']",q3,6,0.4150174610275173,'another' (existence/star system) + noisy sci-fi/lifestyle grab-bag
92,0.4,50,1.508,matter,"['matter', 'matter', 'having', 'matter', 'matter', 'a', 'however', 'have', 'whose', 'parties']",q3,4,0.40326407909849254,'Subject to approval' institutional-form boilerplate + policy/regulation vocabulary
104,0.3,50,3.796,world,"['world', 'of', 'lives', 'world', 'state', 'state', 'world', 'lives', 'complicated', 'country']",q3,9,0.34175276652762987,"archaic subjunctive/biblical register ('had it not been for thee', 'thou shall') + generic 'section' web-copy"
110,0.2,50,1.599,core,"['prize', 'core', 'life', 'core', 'rest', 'right', 'yourself', 'ph', 'size', 'life']",q3,3,0.350978645091267,"gratitude/appreciation phrasing ('thank you for', 'we appreciate') + celebrity/awards reporting"
124,0.1,50,1.417,jury,"['jury', 'charged', 'mom', 'tried', 'kind', 'had', 'size', 'fee', 'bet', 'said']",q3,12,0.33727315779890804,'not just X' emphatic-negation construction + noisy grab-bag
144,0.0,50,5.355,,[],q3,8,0.3981816328203497,JS console.dir(array method) code pattern + emotionally-charged narrative prose (mixed/superposition)
154,0.3,50,1.567,asked,"['asked', 'days', 'day', 'asked', 'governors', 'that', 'asked', 'it', 'it', 'syndrome']",q3,6,0.4156177805318669,'another' (existence/star system) + noisy sci-fi/lifestyle grab-bag
177,0.4,50,1.549,which,"['which', 'having', 'which', 'which', 'some', 'being', 'him', 'it', 'which', 'always']",q3,6,0.3477425755219234,'another' (existence/star system) + noisy sci-fi/lifestyle grab-bag
195,0.4,50,4.749,welcome,"['welcome', 'welcome', 'topics', 'borne', 'environment', 'welcome', 'formats', 'format', 'responsible', 'welcome']",q3,9,0.3637283140019778,"archaic subjunctive/biblical register ('had it not been for thee', 'thou shall') + generic 'section' web-copy"
210,0.4,50,2.034,9,"['6', '5', '9', '9', '6', '9', '7', '9', '7', '7']",q3,2,0.7708757497832028,"technical/scientific-explainer vocabulary (proxy, hypothesis, analytics, ethics)"
274,0.3,50,1.474,another,"['go', 'was', 'worse', 'another', 'another', 'particular', 'another', 'silence', 'be', 'be']",q3,6,0.306869287852871,'another' (existence/star system) + noisy sci-fi/lifestyle grab-bag
306,0.4,50,1.533,a,"['a', 'ratios', 'another', 'has', 'something', 'scenarios', 'a', 'a', 'a']",q3,5,0.4157817181012342,"noisy grab-bag, no consistent theme"
310,0.4,50,4.484,ratings,"['ratings', 'ratings', 'ratings', 'ratings', 'score', 'scores', 'score', 'score', 'score', 'scores']",q3,2,0.48746836184172937,"technical/scientific-explainer vocabulary (proxy, hypothesis, analytics, ethics)"
331,0.3,50,1.691,also,"['also', '&', 'also', 'goes', '&', 'case', 'especially', 'also', '&', 'too']",q3,0,0.3972765617692911,"conversational dialogue tags ('all right', 'I'm sorry', 'this is surreal') — noisy narrative"
337,0.1,50,1.49,be,"['be', 'who', 'last', 'hence', 'were', 'resultant', 'also', 'new', 'good']",q3,6,0.3172698197688921,'another' (existence/star system) + noisy sci-fi/lifestyle grab-bag
360,0.3,50,1.428,",""","[""'s"", 'across', '/', 'various', ',""', ',""', '"",""', ',""', '"",""', 'across']",q3,5,0.4719211895516624,"noisy grab-bag, no consistent theme"
364,0.3,50,1.535,upon,"['at', 'about', 'upon', 'upon', 'on', 'upon', 'there', 'there', 'sort', 'route']",q3,5,0.3554746168805287,"noisy grab-bag, no consistent theme"
367,0.2,50,1.487,came,"['founded', 'whatever', 'never', 'held', 'renamed', 'property', 'came', 'into', 'came', '&']",q3,12,0.34224182130270187,'not just X' emphatic-negation construction + noisy grab-bag
381,0.4,50,1.523,came,"['came', 'came', 'came', 'the', 'came', 'life', 'life', 'cloud', 'betting', 'movie']",q3,9,0.3377539841253417,"archaic subjunctive/biblical register ('had it not been for thee', 'thou shall') + generic 'section' web-copy"
392,0.2,50,1.586,case,"['first', 'up', 'new', 'process', 'answer', 'case', 'case', 'appearance', 'ii', 'edition']",q3,6,0.3120993174055174,'another' (existence/star system) + noisy sci-fi/lifestyle grab-bag
410,0.2,50,1.652,respective,"['respective', 'remainder', 'those', 'slightest', 'respective', ',', 'majority', 'necessary', 'bronx', '""/']",q3,4,0.3415567840522604,'Subject to approval' institutional-form boilerplate + policy/regulation vocabulary
414,0.4,50,5.318,wears,"['wore', 'wears', 'wears', 'wears', 'wearing', 'wears', 'wore', 'a', 'a', 'wearing']",q3,3,0.4976806272645188,"gratitude/appreciation phrasing ('thank you for', 'we appreciate') + celebrity/awards reporting"
424,0.3,50,1.527,other,"['other', 'lived', 'very', 'other', 'flat', 'moved', 'lived', 'had', 'other', 'was']",q3,6,0.3717287933947328,'another' (existence/star system) + noisy sci-fi/lifestyle grab-bag
439,0.3,50,1.576,><,"['><', 'least', '><', 'â°', ':', 'https', 'original', 'before', '><', ""['""]",q3,12,0.406821409492956,'not just X' emphatic-negation construction + noisy grab-bag
445,0.3,50,1.911,second,"['second', 'whole', 'second', 'last', 'other', 'second', 'first', 'minimum', 'total', 'demand']",q3,6,0.3950154275640588,'another' (existence/star system) + noisy sci-fi/lifestyle grab-bag
450,0.3,50,5.065,transparent,"['sleeve', 'essay', 'transparent', 'radios', 'spins', 'spins', 'transparent', 'suppression', 'send', 'transparent']",q3,2,0.4027985523151165,"technical/scientific-explainer vocabulary (proxy, hypothesis, analytics, ethics)"
481,0.2,50,1.464,go,"['go', 'fans', 'user', 'went', 'user', 'went', 'the', 'what', 'go', 'churches']",q3,0,0.3196504667442831,"conversational dialogue tags ('all right', 'I'm sorry', 'this is surreal') — noisy narrative"
499,0.3,50,5.261,address,"['address', 'addresses', 'address', '91', 'address', 'bottom', 'location', 'bottom', 'binds', 'zone']",q3,2,0.33735978016465945,"technical/scientific-explainer vocabulary (proxy, hypothesis, analytics, ethics)"
500,0.1,50,1.469,inertia,"['inertia', 'idea', 'ia', 'qualitative', 'studies', 'about', 'mattress', 'fertility', 'registration', '191']",q3,4,0.3290134101959825,'Subject to approval' institutional-form boilerplate + policy/regulation vocabulary
501,0.2,50,1.673,gunmen,"['broke', 'gunmen', 'name', 'reader', 'case', 'gunmen', 'thou', 'living', 'fight', 'entered']",q3,0,0.3014228525267981,"conversational dialogue tags ('all right', 'I'm sorry', 'this is surreal') — noisy narrative"
507,0.3,50,4.532,178,"['178', '168', '178', '175', '167', '173', '178', '175', '196', '128']",q3,10,0.5100800571680774,"bracketed sequential reference numbers ([165],[167],[56]) in code/citation/list contexts"
525,0.4,50,1.471,.,"['represents', '.', 'represents', '.', 'a', 'a', '.', '.', 'latest', 'and']",q3,6,0.3816542077175333,'another' (existence/star system) + noisy sci-fi/lifestyle grab-bag
543,0.2,50,1.446,matter,"['beginning', 'a', 'deal', 'high', 'order', 'first', 'into', 'matter', 'matter', '1']",q3,5,0.3374573403688328,"noisy grab-bag, no consistent theme"
569,0.3,50,1.741,jpg,"['responders', 'jpg', 'sec', 'jpg', 'ems', 'jpg', 'â£', ':', '$.', 'teenagers']",q3,5,0.44103575857498983,"noisy grab-bag, no consistent theme"
591,0.3,50,1.571,busy,"['busy', 'busy', 'oh', 'choice', 'thousands', 'too', 'uncomfortable', 'too', 'exercises', 'busy']",q3,0,0.3143099291773358,"conversational dialogue tags ('all right', 'I'm sorry', 'this is surreal') — noisy narrative"
606,0.2,50,4.732,i,"['i', 'your', 'you', 'your', 'for', 'for', 'i', '.', 'the', 'the']",q3,3,0.3559656440014431,"gratitude/appreciation phrasing ('thank you for', 'we appreciate') + celebrity/awards reporting"
625,0.2,50,1.441,release,"['age', 'state', 'way', 'release', 'release', 'very', 'nhs', 'detail', 'demand', '_']",q3,0,0.3503248800239963,"conversational dialogue tags ('all right', 'I'm sorry', 'this is surreal') — noisy narrative"
656,0.2,50,4.122,also,"['your', 'also', 'and', 'also', 'why', 'is', 'is', 'and', 'was', 'you']",q3,3,0.41172130404125645,"gratitude/appreciation phrasing ('thank you for', 'we appreciate') + celebrity/awards reporting"
678,0.3,50,3.348,affect,"['involves', 'affect', 'affect', 'require', 'about', 'mean', 'affect', 'mean', 'mean', 'about']",q3,1,0.348879467301845,"product/course-description boilerplate ('includes', 'encompasses', 'not open to MBA students')"
745,0.3,50,2.462,emissions,"['emissions', 'pollutants', 'the', 'emissions', 'pollution', 'emissions', 'pollution', 'runoff', 'atmospheric', 'administrator']",q3,2,0.36511639667043766,"technical/scientific-explainer vocabulary (proxy, hypothesis, analytics, ethics)"
766,0.2,50,1.763,latter,"['latter', 'namely', 'ceremony', 'other', 'latter', 'banquet', 'thousands', 'personalities', 'whole', 'side']",q3,5,0.37208572391530037,"noisy grab-bag, no consistent theme"
797,0.4,18,1.763,top,"['better', 'better', 'top', 'better', 'top', 'top', 'hang', 'top', 'hang', 'upper']",q3,3,0.5684211366843178,"gratitude/appreciation phrasing ('thank you for', 'we appreciate') + celebrity/awards reporting"
819,0.2,50,1.546,ones,"['ones', 'ones', 'â·', 'â·', 'i', 'goers', 'the', 'its', 'people', 'goes']",q3,7,0.38341236389040984,noisy grab-bag: news/energy-industry reporting
828,0.1,50,1.438,-,"['-', 'exceed', 'another', 'the', ',', 'dealt', 'deals', 'belonged', 'a', 'page']",q3,5,0.37230881228218893,"noisy grab-bag, no consistent theme"
900,0.2,50,1.535,wearer,"['thing', 'resume', 'chuckle', 'wearer', 'another', 'master', 'wearer', 'clarity', 'sprite', 'duration']",q3,5,0.3352745967165902,"noisy grab-bag, no consistent theme"
940,0.2,25,2.082,weeks,"['weeks', 'weeks', 'modified', 'viewers']",q3,7,0.5355313564346021,noisy grab-bag: news/energy-industry reporting
949,0.4,50,1.666,before,"['th', 'th', 'before', 'before', 'before', 'looking', 'th', 'looking', 'year', 'before']",q3,12,0.37777631849879373,'not just X' emphatic-negation construction + noisy grab-bag
971,0.3,50,5.145,digit,"['finite', 'digit', 'digits', 'feet', 'degrees', 'perimeter', 'digit', 'fiber', 'decimal', 'digit']",q3,2,0.40497065239825153,"technical/scientific-explainer vocabulary (proxy, hypothesis, analytics, ethics)"
984,0.2,37,1.466,e,"['mas', 'e', 'te', 'como', 'e', 'do', 'tem', 'went', 'os', 'ã©']",q3,9,0.45454367508013815,"archaic subjunctive/biblical register ('had it not been for thee', 'thou shall') + generic 'section' web-copy"
1003,0.4,50,1.77,"""","[""'"", '""', ']', '""', '""', ']', ']', ""'s"", '""', ']']",q3,9,0.4057802324174231,"archaic subjunctive/biblical register ('had it not been for thee', 'thou shall') + generic 'section' web-copy"
1018,0.2,50,5.057,concept,"['restart', 'concept', 'surface', 'concept', 'hz', 'integers', 'stupid', 'surface', 'even', 'minute']",q3,2,0.36550915914425564,"technical/scientific-explainer vocabulary (proxy, hypothesis, analytics, ethics)"
1021,0.3,50,1.614,refresh,"['refresh', 'refresh', 'existence', 'your', 'existence', 'existence', 'curriculum', 'appealed', 'refresh', 'ego']",q3,4,0.3406265441591173,'Subject to approval' institutional-form boilerplate + policy/regulation vocabulary
1025,0.4,50,2.303,trainers,"['starters', 'starters', 'starters', 'starter', 'trainers', 'starter', 'trainers', 'trainers', 'laptops', 'trainers']",q3,4,0.5312647154453335,'Subject to approval' institutional-form boilerplate + policy/regulation vocabulary
1051,0.2,50,4.961,s,"['50', 's', 'length', 'length', '500', 'steel', 's', 'sir', 'linear', 'serial']",q3,2,0.3509572829871399,"technical/scientific-explainer vocabulary (proxy, hypothesis, analytics, ethics)"
1055,0.2,50,1.438,whether,"['it', 'engaging', 'being', 'in', 'whether', 'opting', 'kind', 'and', 'whether', 'studying']",q3,6,0.3087417062864933,'another' (existence/star system) + noisy sci-fi/lifestyle grab-bag
1109,0.3,50,1.419,i,"['boon', 'i', 'i', '%,', 'positive', 'i', 'that', 'conceivable', 'technological', 'be']",q3,6,0.41895731990170254,'another' (existence/star system) + noisy sci-fi/lifestyle grab-bag
1118,0.4,50,2.467,har,"['har', 'har', 'har', 'er', 'har', 'er', 'er', 'er', 'att', 'att']",q3,7,0.5931159228882876,noisy grab-bag: news/energy-industry reporting
1122,0.3,50,4.748,king,"['trace', 'trace', 'king', 'king', 'asha', 'king', 'signature', 'shape', 'era', 'signature']",q3,2,0.3745509910397552,"technical/scientific-explainer vocabulary (proxy, hypothesis, analytics, ethics)"
1133,0.4,50,4.28,_,"['station', 'station', '_', '_', '_', 'time', 'name', '_', 'id', 'site']",q3,7,0.5351757917421376,noisy grab-bag: news/energy-industry reporting
1138,0.2,50,1.436,languages,"['it', 'beings', 'laws', 'languages', 'languages', 'were', 'but', 'and', 'been', 'up']",q3,12,0.3670276833964769,'not just X' emphatic-negation construction + noisy grab-bag
1175,0.4,50,1.722,sense,"['sense', 'thousand', 'thousands', 'thousand', 'sense', 'sense', 'figure', 'thousand', 'sense', 'thousand']",q3,2,0.46372268926501947,"technical/scientific-explainer vocabulary (proxy, hypothesis, analytics, ethics)"
1182,0.2,50,1.61,christmas,"['),', 'traveling', 'immigration', 'intended', 'based', 'christmas', 'hectares', '=', '/', 'christmas']",q3,4,0.2895382414631987,'Subject to approval' institutional-form boilerplate + policy/regulation vocabulary
1185,0.4,50,4.564,metrics,"['toggle', 'metrics', 'interventions', 'metrics', 'metrics', 'metrics', 'odyssey', 'âłâłâł', 'warrior', 'navigation']",q3,4,0.4141670251915319,'Subject to approval' institutional-form boilerplate + policy/regulation vocabulary
1197,0.2,50,1.619,and,"['110', '64', 'thereof', 'and', 'particular', 'it', 'republic', 'and', 'particular', 'it']",q3,12,0.37886452291933825,'not just X' emphatic-negation construction + noisy grab-bag
1199,0.4,50,2.632,microbes,"['microbial', 'microbial', 'microbes', 'microbes', 'microbial', 'microbes', 'microbes', 'bacteria', 'organisms', 'microbiome']",q3,2,0.4950649597027176,"technical/scientific-explainer vocabulary (proxy, hypothesis, analytics, ethics)"
1218,0.3,50,1.804,odds,"['prevalence', 'probable', 'great', 'odds', 'great', 'odds', 'odds', 'findings', 'chances', 'permissions']",q3,0,0.346910484756345,"conversational dialogue tags ('all right', 'I'm sorry', 'this is surreal') — noisy narrative"
1233,0.2,50,1.667,were,"['measures', 'others', 'were', 'sure', 'things', 'him', 'averages', 'nations', 'into', 'were']",q3,4,0.34866135792735825,'Subject to approval' institutional-form boilerplate + policy/regulation vocabulary
1244,0.2,50,1.539,of,"['of', 'kids', 'grade', 'take', 'show', ""'s"", 'of', ""'s"", 'from', 'from']",q3,5,0.29728951479465027,"noisy grab-bag, no consistent theme"
1262,0.2,50,3.095,his,"['his', 'more', '""', 'a', 'highest', 'caused', 'most', 'his', '""', 'new']",q3,3,0.31053515525190495,"gratitude/appreciation phrasing ('thank you for', 'we appreciate') + celebrity/awards reporting"
1267,0.0,50,2.064,,[],q3,8,0.3477443572179687,JS console.dir(array method) code pattern + emotionally-charged narrative prose (mixed/superposition)
1283,0.4,50,1.888,particular,"['things', 'feel', 'new', 'particular', 'particular', 'particular', 'click', 'particular', 'things', 'destination']",q3,7,0.3727443005149004,noisy grab-bag: news/energy-industry reporting
1295,0.4,50,3.073,it,"['it', 'it', 'they', 'they', 'it', 'their', 'they', 'them', 'it', 'they']",q3,7,0.5038904847421469,noisy grab-bag: news/energy-industry reporting
1302,0.3,50,1.809,^,"['whole', 'weeks', 'problem', '^', '^', '^', 'week', 'little', 'variable', 'week']",q3,5,0.4028332016143568,"noisy grab-bag, no consistent theme"
1315,0.3,50,3.632,like,"['with', 'like', 'is', 'is', 'is', 'needs', 'pretty', 'like', 'represents', 'like']",q3,3,0.35716946545529366,"gratitude/appreciation phrasing ('thank you for', 'we appreciate') + celebrity/awards reporting"
1325,0.3,50,5.359,providing,"['provide', 'provides', 'offer', 'offer', 'providing', 'providing', 'offers', 'offers', 'provides', 'providing']",q3,1,0.3845656040237131,"product/course-description boilerplate ('includes', 'encompasses', 'not open to MBA students')"
1350,0.3,50,1.48,before,"['10', 'before', 'enough', 'enough', 'before', 'between', 'host', 'before', 'time', 'enough']",q3,0,0.3466031731040476,"conversational dialogue tags ('all right', 'I'm sorry', 'this is surreal') — noisy narrative"
1374,0.2,50,1.525,--,"['been', 'organised', 'grammar', '--', 'thou', 'form', 'bigfoot', 'he', '$\\', '--']",q3,9,0.3043584621179299,"archaic subjunctive/biblical register ('had it not been for thee', 'thou shall') + generic 'section' web-copy"
1375,0.3,50,4.754,plus,"['there', 'there', 'belong', 'plus', 'plus', 'must', 'a', 'maybe', 'plus', 'being']",q3,3,0.31920968090014806,"gratitude/appreciation phrasing ('thank you for', 'we appreciate') + celebrity/awards reporting"
1378,0.2,50,1.571,more,"['that', 'more', 'community', 'community', 'your', 'past', 'yeah', 'more', 'people', 'fullest']",q3,5,0.305871753087428,"noisy grab-bag, no consistent theme"
1394,0.2,50,4.989,reflects,"['incorporates', 'reflect', 'encompasses', 'reflects', 'suit', 'reflects', 'includes', 'includes', 'contain', 'capture']",q3,1,0.32531732187029977,"product/course-description boilerplate ('includes', 'encompasses', 'not open to MBA students')"
1403,0.2,50,1.731,kinds,"['places', 'of', 'kinds', 'little', 'little', 'while', 'crowds', 'kinds', 'chapter', 'classes']",q3,9,0.3125832336447303,"archaic subjunctive/biblical register ('had it not been for thee', 'thou shall') + generic 'section' web-copy"
1438,0.2,50,1.501,time,"['time', 'person', 'industry', 'tense', 'tense', 'inception', '-', 'time', 'entity', 'entity']",q3,2,0.3427590185909267,"technical/scientific-explainer vocabulary (proxy, hypothesis, analytics, ethics)"
1446,0.2,50,1.422,*/,"['feeds', 'ages', 'feed', 'names', 'strokes', 'implements', '*/', 'administration', '*/', 'grants']",q3,6,0.40473542027029474,'another' (existence/star system) + noisy sci-fi/lifestyle grab-bag
1453,0.2,50,3.399,165,"['165', '167', '171', '161', '165', '189', '175', '185', '186', '171']",q3,10,0.40575270592020607,"bracketed sequential reference numbers ([165],[167],[56]) in code/citation/list contexts"
1483,0.2,50,1.537,quantity,"['relative', 'area', 'quantity', 'multiple', 'geographical', 'quantity', 'varying', 'multiple', 'field', ')-']",q3,4,0.39056983285864244,'Subject to approval' institutional-form boilerplate + policy/regulation vocabulary
1495,0.4,50,4.909,123,"['123', '120', '123', '123', '123', '120', '116', '111', '110', '120']",q3,4,0.5599993540713286,'Subject to approval' institutional-form boilerplate + policy/regulation vocabulary
1498,0.4,50,2.668,europe,"['hemisphere', 'africa', 'europe', 'europe', 'africa', 'isles', 'europe', 'european', 'america', 'europe']",q3,4,0.4364489182233874,'Subject to approval' institutional-form boilerplate + policy/regulation vocabulary
1522,0.2,50,1.54,%),"['%)', '%)', '==', 'volatility', 'difficulty', 'tolerance', '}', '}', 'frequency', 'knowledge']",q3,2,0.3913224119346456,"technical/scientific-explainer vocabulary (proxy, hypothesis, analytics, ethics)"
1523,0.4,24,1.988,g,"['g', 'g', 'b', 'g', 'i', 'b', 'i', 'g', 'b', 'o']",q3,7,0.5159074327405825,noisy grab-bag: news/energy-industry reporting
1548,0.0,50,4.3,,[],q3,8,0.4157469501126494,JS console.dir(array method) code pattern + emotionally-charged narrative prose (mixed/superposition)
1565,0.3,50,1.691,to,"['to', 'go', 'the', 'the', 'to', 'the', 'version', 'to', 'try', 'go']",q3,0,0.36714825648113963,"conversational dialogue tags ('all right', 'I'm sorry', 'this is surreal') — noisy narrative"
1576,0.4,50,4.093,repeated,"['repeated', 'repeated', 'mistake', 'wrong', 'mistakes', 'mistake', 'wrong', 'accidentally', 'repeated', 'repeated']",q3,3,0.38970562463235076,"gratitude/appreciation phrasing ('thank you for', 'we appreciate') + celebrity/awards reporting"
1601,0.2,50,4.875,for,"['from', 'for', 'appreciate', 'benefiting', 'for', 'them', 'benefits', 'to', 'appreciated', 'much']",q3,3,0.31873663171837885,"gratitude/appreciation phrasing ('thank you for', 'we appreciate') + celebrity/awards reporting"
1610,0.3,50,1.57,$,"['parts', '$', '$', '$\\', 'parts', '$', 'less', 'relative', 'incentives', ""'""]",q3,3,0.41173617632774673,"gratitude/appreciation phrasing ('thank you for', 'we appreciate') + celebrity/awards reporting"
1618,0.1,50,1.597,inch,"['inch', 'it', 'the']",q3,7,0.50974065381867,noisy grab-bag: news/energy-industry reporting
1632,0.4,50,1.617,32,"['62', '32', '32', '32', '1960', '62', '60', '62', '32', '63']",q3,10,0.5337080475741384,"bracketed sequential reference numbers ([165],[167],[56]) in code/citation/list contexts"
1676,0.4,50,4.91,is,"['are', 'includes', 'a', 'is', 'is', 'is', 'a', ')', 'is', 'includes']",q3,1,0.3455722415185424,"product/course-description boilerplate ('includes', 'encompasses', 'not open to MBA students')"
1698,0.4,50,5.108,///,"['///', '///', 'known', '///', 'âķĥ', 'âķĥ', 'know', '///', 'self', 'known']",q3,7,0.4846729134449379,noisy grab-bag: news/energy-industry reporting
1712,0.4,31,1.48,same,"['same', 'war', 'same', 'union', 'war', 'same', 'war', 'union', 'union', 'same']",q3,2,0.45203367064339955,"technical/scientific-explainer vocabulary (proxy, hypothesis, analytics, ethics)"
1732,0.3,50,1.44,ability,"['and', 'ability', 'type', ""'"", 'type', 'ability', 'ability', 'that', '.', 'were']",q3,7,0.3473549943763531,noisy grab-bag: news/energy-industry reporting
1735,0.2,50,2.676,strategic,"['strategic', 'poor', 'negative', 'negative', 'developing', 'strategic', 'dynamic', 'cold', 'qualitative', 'cold']",q3,2,0.44452812973899875,"technical/scientific-explainer vocabulary (proxy, hypothesis, analytics, ethics)"
1776,0.3,50,1.47,clear,"['clear', 'this', 'way', 'clear', 'row', 'for', 'clear', 'something', ""'"", 'way']",q3,3,0.3527684734790133,"gratitude/appreciation phrasing ('thank you for', 'we appreciate') + celebrity/awards reporting"
1823,0.4,50,4.446,5,"['11', '5', '3', '5', '10', '5', '17', '12', '5', '18']",q3,11,0.3761788828315937,"sequential list/pagination tokens (forum page numbers, alphabetical index)"
1846,0.3,50,1.664,just,"['just', 'been', 'just', 'done', 'marvel', 'been', 'way', 'daily', 'been', 'just']",q3,12,0.2960395529176611,'not just X' emphatic-negation construction + noisy grab-bag
1867,0.2,50,3.329,15,"['15', '19', 'seventeen', '17', 'fifteen', '15', 'grade', 'sixteen', 'grade', 'high']",q3,7,0.4479024146600514,noisy grab-bag: news/energy-industry reporting
1871,0.3,50,1.549,the,"[')', ')', 'the', 'die', 'by', 'way', 'they', 'the', '"",', 'the']",q3,7,0.3413643309934858,noisy grab-bag: news/energy-industry reporting
1874,0.3,50,1.413,appearance,"['appearance', ""',"", 'goal', 'appearance', '.', 'therapy', ""',"", 'technician', 'appearance', 'products']",q3,6,0.35296424136778365,'another' (existence/star system) + noisy sci-fi/lifestyle grab-bag
1880,0.2,50,1.434,22,"['sends', '22', '23', 'then', 'that', 'than', 'two', '22', 'shall', 'shall']",q3,6,0.34627355528103637,'another' (existence/star system) + noisy sci-fi/lifestyle grab-bag
1893,0.2,50,1.507,occasions,"['%', 'of', 'vs', 'peoples', 'particular', 'occasions', 'pulls', 'occasions', 'climates', 'into']",q3,5,0.30880401705834293,"noisy grab-bag, no consistent theme"
1900,0.3,50,2.664,to,"['to', 'we', 'to', 'to', 'we', 'was', 'a', 'a', ',', ""'s""]",q3,5,0.4033480576934796,"noisy grab-bag, no consistent theme"
1936,0.2,50,4.725,video,"['natural', 'edge', 'video', 'video', 'online', 'mobile', 'digital', 'custom', 'battery', 'green']",q3,7,0.4270830404704403,noisy grab-bag: news/energy-industry reporting
1937,0.4,50,1.639,person,"['person', 'person', 'person', 'up', 'caribbean', 'caribbean', 'person', 'another', 'tap', 'role']",q3,3,0.37162121420457545,"gratitude/appreciation phrasing ('thank you for', 'we appreciate') + celebrity/awards reporting"
1960,0.0,50,5.301,,[],q3,8,0.39499500811837457,JS console.dir(array method) code pattern + emotionally-charged narrative prose (mixed/superposition)
1965,0.2,50,1.556,in,"['which', 'from', 'she', 'in', 'gameplay', 'establishments', 'sue', 'in', 'gameplay', 'meet']",q3,7,0.3072600488233221,noisy grab-bag: news/energy-industry reporting
1988,0.3,50,1.679,their,"['their', 'those', 'that', 'their', 'they', 'their', 'one', 'they', 'those', 'that']",q3,12,0.3688735393569295,'not just X' emphatic-negation construction + noisy grab-bag
1992,0.4,50,5.068,contact,"['reach', 'to', 'contact', 'contact', 'reaching', 'reach', 'reach', 'contact', 'contact', 'reaching']",q3,1,0.43600753127221126,"product/course-description boilerplate ('includes', 'encompasses', 'not open to MBA students')"
2001,0.4,50,5.275,u,"['r', 'r', 'r', 't', 'u', 'q', 'u', 't', 'u', 'u']",q3,11,0.3761788828315937,"sequential list/pagination tokens (forum page numbers, alphabetical index)"
2003,0.2,50,1.449,0,"['bottom', '0', '+', 'he', 'secondly', 'he', 'secondly', '0', 'no']",q3,7,0.40836035890840106,noisy grab-bag: news/energy-industry reporting
2014,0.4,50,2.754,he,"['she', 'he', 'she', 'her', 'he', 'he', 'he', 'she', 'her', 'him']",q3,6,0.522886401914614,'another' (existence/star system) + noisy sci-fi/lifestyle grab-bag
2030,0.3,50,1.7,prevent,"['towns', 'prevent', 'demand', 'require', '%', 'which', 'peoples', 'prevent', 'until', 'prevent']",q3,4,0.33689440644126184,'Subject to approval' institutional-form boilerplate + policy/regulation vocabulary
2035,0.3,50,1.657,index,"['least', 'about', 'index', 'minute', 'way', 'way', 'index', 'minute', 'index', 'on']",q3,12,0.32525102847000753,'not just X' emphatic-negation construction + noisy grab-bag
2055,0.4,50,1.466,*/,"['fruition', '*/', 'concluding', '*/', 'to', '111', 'to', '*/', 'letter', '*/']",q3,6,0.4925502564109999,'another' (existence/star system) + noisy sci-fi/lifestyle grab-bag
2067,0.3,50,4.036,while,"['while', 'is', 'while', 'and', 'time', 'time', 'while', 'to', 'or', 'to']",q3,0,0.40335204156831017,"conversational dialogue tags ('all right', 'I'm sorry', 'this is surreal') — noisy narrative"
2134,0.2,50,1.814,all,"['late', 'work', 'all', 'those', 'all', 'they', 'many', 'those', 'everyone', 'i']",q3,6,0.32952116963476835,'another' (existence/star system) + noisy sci-fi/lifestyle grab-bag
2135,0.3,50,5.123,february,"['february', 'equations', 'ãģĳ', '56', 'âļª', 'february', '56', '151', 'february', '186']",q3,10,0.4540278553560038,"bracketed sequential reference numbers ([165],[167],[56]) in code/citation/list contexts"
2153,0.2,50,4.731,spread,"['spread', 'spread', 'per', 'processor', 'center', 'parents', 'not', 'processor', 'score', 'not']",q3,2,0.36475685991023393,"technical/scientific-explainer vocabulary (proxy, hypothesis, analytics, ethics)"
2155,0.3,14,1.419,now,"['now', 'now', 'now', 'chapters', 'once', 'and', 'personalize', 'so', 'and', 'and']",q3,5,0.43637391778916823,"noisy grab-bag, no consistent theme"
2182,0.3,50,1.955,'s,"[""'s"", ""'s"", 'life', ""'s"", 'by', 'your', 'life', 'your', 'your', 'of']",q3,7,0.3615181741419081,noisy grab-bag: news/energy-industry reporting
2191,0.0,50,4.73,,[],q3,8,0.3939445674573941,JS console.dir(array method) code pattern + emotionally-charged narrative prose (mixed/superposition)
2195,0.2,50,1.477,staff,"['client', 'version', 'asks', 'best', 'has', 'includes', '/', 'needs', 'staff', 'staff']",q3,5,0.3271229253779335,"noisy grab-bag, no consistent theme"
2202,0.4,50,3.742,vehicles,"['vehicles', 'device', 'vehicle', 'vehicle', 'cars', 'vehicle', 'vehicle', 'vehicles', 'vehicles', 'vehicles']",q3,2,0.4198274257133142,"technical/scientific-explainer vocabulary (proxy, hypothesis, analytics, ethics)"
2204,0.4,50,4.879,called,"['called', 'called', 'possible', 'called', 'called', 'the', 'proposed', 'possible', 'the', 'proposed']",q3,5,0.36264142111104913,"noisy grab-bag, no consistent theme"
2210,0.3,50,5.331,a,"['-', 'and', 'of', 'a', 'the', 'as', 'with', 'of', 'a', 'a']",q3,1,0.3534671798006313,"product/course-description boilerplate ('includes', 'encompasses', 'not open to MBA students')"
2234,0.1,50,1.536,st,"['st', 'taken', '#', 'came', 'is', 'takes', 'th', 'any', '%', 'little']",q3,6,0.35849690926159977,'another' (existence/star system) + noisy sci-fi/lifestyle grab-bag
2237,0.2,50,1.695,.,"['nor', 'our', '.', 'of', 'as', 'unless', 'ourselves', '.', 'other', 'of']",q3,5,0.3544026970876822,"noisy grab-bag, no consistent theme"
2244,0.2,50,1.514,way,"['era', 'way', 'do', 'way', 'point', 'costing', 'generation', 'version', 'when', 'process']",q3,8,0.39846913359066155,JS console.dir(array method) code pattern + emotionally-charged narrative prose (mixed/superposition)
2247,0.3,50,1.609,gains,"['gains', 'sought', 'gains', 'gains', 'former', 'failure', 'ft', 'risk', 'failure', 'failure']",q3,4,0.36875496333773183,'Subject to approval' institutional-form boilerplate + policy/regulation vocabulary
2258,0.2,50,3.336,survey,"['ratios', 'survey', 'pills', 'survey', 'questionnaire', 'notice', 'test', 'inventory', 'notes', 'vitamins']",q3,2,0.363746401129331,"technical/scientific-explainer vocabulary (proxy, hypothesis, analytics, ethics)"
2286,0.3,50,5.15,were,"['were', 'them', 'as', 'were', 'as', ',', 'were', 'a', 'to', 'to']",q3,3,0.40425540837771345,"gratitude/appreciation phrasing ('thank you for', 'we appreciate') + celebrity/awards reporting"
2298,0.3,50,4.391,live,"['live', 'live', 'experience', 'post', 'lyrics', 'face', 'live', 'face', 'lives', 'exists']",q3,9,0.31575840686642254,"archaic subjunctive/biblical register ('had it not been for thee', 'thou shall') + generic 'section' web-copy"
2310,0.2,50,1.52,is,"['is', 'right', 'sorry', 'with', 'right', 'hope', 'after', 'is', 'image', 'excellent']",q3,0,0.29423834556133766,"conversational dialogue tags ('all right', 'I'm sorry', 'this is surreal') — noisy narrative"
2321,0.2,50,3.779,provider,"['availability', 'traveler', 'provider', 'around', 'column', 'provider', 'ratio', 'memory', 'providers', 'setting']",q3,2,0.30701960644768095,"technical/scientific-explainer vocabulary (proxy, hypothesis, analytics, ethics)"
2330,0.4,50,2.815,mid,"['mid', 'off', 'job', 'job', 'mid', 'mid', 'good', 'mid', 'less', 'good']",q3,7,0.4097031110380614,noisy grab-bag: news/energy-industry reporting
2369,0.4,50,3.611,required,"['required', 'situation', 'address', 'address', 'required', 'required', 'variable', 'events', 'variable', 'required']",q3,2,0.37580231475898557,"technical/scientific-explainer vocabulary (proxy, hypothesis, analytics, ethics)"
2394,0.2,50,1.593,men,"['men', 'wednesday', 'the', 'betting', 'abundant', 'âģ¢', 'vibration', '&', 'ã¢', 'men']",q3,4,0.3294379887731258,'Subject to approval' institutional-form boilerplate + policy/regulation vocabulary
2431,0.4,50,5.167,<,"['<', '<', '"">', '"">', '<', '<', '-->', '-->', '-->', '==']",q3,4,0.6358786657736093,'Subject to approval' institutional-form boilerplate + policy/regulation vocabulary
2474,0.4,50,1.608,where,"['launch', 'where', 'where', ',', 'should', 'where', 'shall', ',', 'der', 'where']",q3,7,0.43601636562344565,noisy grab-bag: news/energy-industry reporting
2479,0.2,50,1.463,the,"['selection', 'field', 'the', 'men', 'year', 'the', 'room', 'time', 'twist', 'republic']",q3,5,0.30878507312939546,"noisy grab-bag, no consistent theme"
2484,0.2,50,3.951,rounded,"['rounded', 'rounded', 'version', 'âłâłâłâł', 'share', 'share', 'stage', 'of', 'pattern', 'per']",q3,4,0.3797661497658073,'Subject to approval' institutional-form boilerplate + policy/regulation vocabulary
2496,0.1,50,4.05,proxy,"['proxy', 'hypothesis', 'analytics', 'physics', 'ethics', 'sigma', 'fps', 'east', 'less', 'south']",q3,2,0.28363531581421303,"technical/scientific-explainer vocabulary (proxy, hypothesis, analytics, ethics)"
2500,0.2,50,1.478,wouldn,"['wouldn', 'who', 'mon', 'which', 'tue', 'ceo', 'crossref', 'she', 'wouldn', 'which']",q3,7,0.3878669669551783,noisy grab-bag: news/energy-industry reporting
2571,0.4,50,1.459,return,"['ranked', 'return', 'return', 'right', 'chronic', 'return', 'and', 'return', 'claim', 'ces']",q3,4,0.4063818185224373,'Subject to approval' institutional-form boilerplate + policy/regulation vocabulary
2575,0.3,50,4.579,the,"['the', 'the', 'awards', 'traveler', 'a', 'bar', 'festivals', 'the', 'festival', 'competition']",q3,7,0.3701519965789348,noisy grab-bag: news/energy-industry reporting
2587,0.4,50,4.685,competitive,"['compete', 'competitive', 'competition', 'opponent', 'competitive', 'competitive', 'vs', 'administrative', 'competitive', 'administrative']",q3,2,0.35596958503696813,"technical/scientific-explainer vocabulary (proxy, hypothesis, analytics, ethics)"
2593,0.4,17,1.546,anything,"['anything', 'exception', 'anything', 'anything', 'best', 'anything', 'best', 'exception', 'exception', 'best']",q3,12,0.43042045215511904,'not just X' emphatic-negation construction + noisy grab-bag
2595,0.3,50,1.412,energy,"[']', '?', 'energy', 'as', 'energy', ']', 'passage', 'energy', 'law', 'let']",q3,7,0.3133353099756696,noisy grab-bag: news/energy-industry reporting
2624,0.3,50,1.496,âģ¢,"['last', 'since', 's', 'âģ¢', '),', 'by', 'known', 'by', 'âģ¢', 'âģ¢']",q3,6,0.42146647401350495,'another' (existence/star system) + noisy sci-fi/lifestyle grab-bag
2627,0.2,50,1.451,launched,"['launched', 'you', 'launched', 'partners', 'partners', 'rest', 'it', 'ontario', 'witnesses', 'languages']",q3,5,0.30782715929897614,"noisy grab-bag, no consistent theme"
2633,0.3,50,5.086,field,"['matter', 'order', 'plane', 'quantum', 'field', 'matter', 'field', 'field', 'category', 'plane']",q3,2,0.3807544143473726,"technical/scientific-explainer vocabulary (proxy, hypothesis, analytics, ethics)"
2639,0.3,50,1.443,a,"['a', 'a', 'an', 'yr', '=', 'of', 'a', 'majority', '&', ',']",q3,7,0.4024092217989245,noisy grab-bag: news/energy-industry reporting
2648,0.4,50,5.275,female,"['female', 'females', 'female', 'females', 'females', 'females', 'girls', 'female', 'female', 'women']",q3,4,0.4910867191931685,'Subject to approval' institutional-form boilerplate + policy/regulation vocabulary
2650,0.2,50,4.387,41,"['191', '41', '192', '62', '62', '61', '42', '42', '221', '41']",q3,10,0.621909436875682,"bracketed sequential reference numbers ([165],[167],[56]) in code/citation/list contexts"
2725,0.2,50,5.013,460,"['426', '430', 'h', '407', '385', '467', '460', '412', '460', '306']",q3,10,0.5236488137527603,"bracketed sequential reference numbers ([165],[167],[56]) in code/citation/list contexts"
2730,0.3,50,4.876,define,"['define', 'responsible', 'perimeter', 'dysfunction', 'gdp', 'define', 'define', 'this', 'perimeter', 'this']",q3,2,0.37989706248331245,"technical/scientific-explainer vocabulary (proxy, hypothesis, analytics, ethics)"
2739,0.0,50,3.745,,[],q3,8,0.43927118207845767,JS console.dir(array method) code pattern + emotionally-charged narrative prose (mixed/superposition)
2741,0.2,50,1.505,to,"['to', 'behind', 'than', 'it', 'fourth', 'he', 'reached', 'until', 'since', 'to']",q3,12,0.34154776786733965,'not just X' emphatic-negation construction + noisy grab-bag
2753,0.3,50,1.746,process,"['process', 'breath', 'case', 'he', 'he', 'breathing', 'midst', 'process', 'process']",q3,0,0.2910566557505814,"conversational dialogue tags ('all right', 'I'm sorry', 'this is surreal') — noisy narrative"
2764,0.0,50,5.076,,[],q3,8,0.4542357026434841,JS console.dir(array method) code pattern + emotionally-charged narrative prose (mixed/superposition)
2769,0.3,30,1.535,bright,"['bright', 'bright', 'bright', 'for', 'of', 'for', 'of', 'national', 'watched']",q3,6,0.3265472490837821,'another' (existence/star system) + noisy sci-fi/lifestyle grab-bag
2807,0.2,50,1.783,distribution,"['distribution', 'distribute', 'distribute', 'laboratory', 'perimeter', 'locally', 'copies', 'its', 'url', 'distribution']",q3,4,0.3854805874535657,'Subject to approval' institutional-form boilerplate + policy/regulation vocabulary
2822,0.3,50,1.543,&,"['operators', 'ia', 'line', '.', 'rm', '&', '&', 'provider', '&', '`']",q3,4,0.34203119859036824,'Subject to approval' institutional-form boilerplate + policy/regulation vocabulary
2824,0.1,50,1.612,spiral,"['spiral', 'thunder', 'get']",q3,8,0.374474407634016,JS console.dir(array method) code pattern + emotionally-charged narrative prose (mixed/superposition)
2847,0.3,50,1.535,commenter,"['commenters', 'commenter', 'commenter', 'commenter', 'who', 'presence', 'which', 'new', 'part', 'inability']",q3,4,0.3474744697666113,'Subject to approval' institutional-form boilerplate + policy/regulation vocabulary
2852,0.2,50,1.882,season,"['film', 'category', 'holder', 'season', 'season', 'least', 'and', 'division', 'murder', 'administrator']",q3,4,0.3346219678159746,'Subject to approval' institutional-form boilerplate + policy/regulation vocabulary
2853,0.2,50,1.443,""":","['someone', 'queries', 'characters', '"":', 'being', 'release', 'drink', 'notification', '"":', 'figured']",q3,9,0.3328254120559383,"archaic subjunctive/biblical register ('had it not been for thee', 'thou shall') + generic 'section' web-copy"
2871,0.3,50,5.356,technology,"['technology', 'creative', 'technology', 'technologies', 'technology', 'software', 'aerospace', 'software', 'solutions', 'guru']",q3,4,0.468667667153239,'Subject to approval' institutional-form boilerplate + policy/regulation vocabulary
2883,0.1,50,1.491,ones,"['ones', 'users', 'come', 'consumers', 'size', '.', 'others', 'use', 'user', 'yourselves']",q3,5,0.33738879180706693,"noisy grab-bag, no consistent theme"
2913,0.3,50,1.457,assessment,"['establishments', 'subject', 'subject', 'governments', 'of', 'assessment', 'assessment', 'assessment', 'denotes', 'certain']",q3,4,0.31221169137832777,'Subject to approval' institutional-form boilerplate + policy/regulation vocabulary
2919,0.1,50,1.411,which,"['which', 'association', 'birth', 'being', '20', '`,', 'participation', 'pain', 'presence', '70']",q3,7,0.388540931714741,noisy grab-bag: news/energy-industry reporting
2934,0.2,50,1.445,of,"['of', 'bring', 'you', 's', 'own', 'your', 'combat', 'from', 'specific', 'of']",q3,0,0.3133614091162594,"conversational dialogue tags ('all right', 'I'm sorry', 'this is surreal') — noisy narrative"
