fid,frac,n_total,mean_act,modal,top_words,bucket,cluster,dist_to_centroid,label
15,0.2,15,0.926,beyond,"['in', 'beyond', 'false', 'within', 'beyond', 'abolished', 'within', 'false', 'wherein', 'our']",q1_lowest,7,0.32951633956478193,"noisy grab-bag, no consistent theme"
45,0.2,25,0.95,higher,"['required', 'routes', '-', 'number', 'conducted', 'higher', '=', 'requiring', 'higher']",q1_lowest,9,0.29332505027743094,large-number reporting (billion/million/hundred) + technical/scientific grab-bag
51,0.2,11,0.897,>,"['>', 'ting', '>', 'ready', 'needs', '23', 'chances', 'chances', 'few', 'times']",q1_lowest,5,0.43246308612964895,"noisy grab-bag, no consistent theme"
68,0.2,20,0.964,had,"['with', 'effective', 'had', 'adapted', 'joined', 'read', 'volunteer', 'personal', 'joined', 'had']",q1_lowest,1,0.370725111649358,mixed grab-bag: sports/entertainment narrative + citation lists
69,0.2,50,1.115,-,"['-', '-', '160', 'until', 'the', 'plus', 'here', 'accessed', 'the', ""'d""]",q1_lowest,5,0.3175614143581494,"noisy grab-bag, no consistent theme"
87,0.2,50,1.104,regiment,"['regiment', 'infantry', "".''"", 'odds', 'taking', 'interval', '-', 'whom', 'course', 'regiment']",q1_lowest,1,0.3390623305937649,mixed grab-bag: sports/entertainment narrative + citation lists
95,0.1,22,1.027,there,"['there', 'they', 'operation', 'republican', 'try', 'rewrite', 'role', 'requirement', 'organisation', 'adaptation']",q1_lowest,0,0.26558457651812767,"noisy grab-bag, no consistent theme"
102,0.1,12,0.901,appear,"['appear', 'the', 'advertisement', 'tpp', 'abide', 'our', 'overtaken', 'seem']",q1_lowest,10,0.2952491553746417,"noisy grab-bag, no consistent theme"
106,0.3,31,0.923,its,"['its', 'that', 'its', 'its', 'it', 'miss', 'help', 'sustainable', ""'"", '612']",q1_lowest,9,0.29304433686142983,large-number reporting (billion/million/hundred) + technical/scientific grab-bag
144,0.2,50,1.034,given,"['given', 'person', '18', 'answered', '-', 'given', ',', '18', '}.', 'shown']",q1_lowest,1,0.3552965480861751,mixed grab-bag: sports/entertainment narrative + citation lists
162,0.2,21,1.005,carrying,"['carrying', 'only', 'which', 'which', 'brilliance', 'believing', 'tend', 'quality', 'figuring', 'carrying']",q1_lowest,12,0.29330490343632026,"news-report passive voice ('taken to hospital', 'struck by')"
182,0.2,11,1.042,the,"['maybe', 'her', 'she', 'the', 'the', ""');"", 'sometimes', '{', 'und', 'before']",q1_lowest,11,0.3477303266548952,demonstrative 'that' introducing a quoted/reported clause
234,0.2,50,1.12,informed,"['such', 'informed', 'informed', 'had', '19', 'must', 'to', 'had', 'whether', 'other']",q1_lowest,3,0.3280040220846277,"mixed technical/reporting prose, weak comparison-word theme (latter/past/same)"
242,0.4,17,1.107,counterparts,"['counterparts', 'residents', 'adversaries', 'resides', 'genetic', 'counterparts', 'counterparts', 'counterparts', 'residents', 'resides']",q1_lowest,8,0.4268909389654291,comparison/whole-part nouns (counterparts/complexity/entire) + grandiose rhetorical predicate nouns
253,0.1,50,1.074,fall,"['fall', 'leaves', 'sort', 'rendered', 'remains', 'out', 'default', 'âģ¢', 'fades', 'namespace']",q1_lowest,9,0.2814239916855654,large-number reporting (billion/million/hundred) + technical/scientific grab-bag
263,0.2,14,0.959,surrounding,"['rounded', 'surrounding', 'very', 'finale', 'place', 'level', 'surrounding', 'building', 'platform', 'falling']",q1_lowest,1,0.33342391104709,mixed grab-bag: sports/entertainment narrative + citation lists
275,0.2,17,1.113,who,"['who', 'taken', 'struck', 'taken', 'was', 'collected', 'sample', 'who', 'was', 'setup']",q1_lowest,12,0.29106241229393515,"news-report passive voice ('taken to hospital', 'struck by')"
278,0.2,11,0.938,hers,"['mix', 'hers', 'hers', 'kinds', 'former', '$$', 'trillions', 'bowed', 'basics', 'non']",q1_lowest,5,0.36295644280942135,"noisy grab-bag, no consistent theme"
279,0.2,20,0.933,right,"['until', 'told', 'armed', 'right', 'thought', 'weren', 'doubt', 'right', '],', 'so']",q1_lowest,5,0.4020858391376215,"noisy grab-bag, no consistent theme"
290,0.1,14,0.973,can,"['can', 'kinds', 'types', ')', ',', '.', 'short', 'this', 'attended', 'started']",q1_lowest,2,0.33479678546729863,"noisy grab-bag, no consistent theme"
292,0.2,15,0.906,were,"['were', 'billion', 's', 's', 'limited', '\\', 'real', 'were', 'joined', 'meeting']",q1_lowest,3,0.3144001397839199,"mixed technical/reporting prose, weak comparison-word theme (latter/past/same)"
300,0.2,15,0.932,feet,"['feet', 'square', 'thresholds', 'feet', 'sunk', 'sunrise', 'convicted', 'trial', 'eyes', 'your']",q1_lowest,12,0.28171936566469347,"news-report passive voice ('taken to hospital', 'struck by')"
312,0.2,13,0.886,victim,"['living', 'implements', 'victims', 'victim', 'insurance', 'victim', 'skin', 'going', 'extends', 'hopes']",q1_lowest,5,0.30323695323719196,"noisy grab-bag, no consistent theme"
318,0.2,25,0.995,so,"['less', 'discovering', 'gonna', 'apart', 'vou', '],', 'there', 'so', 'are', 'so']",q1_lowest,8,0.37633479015697563,comparison/whole-part nouns (counterparts/complexity/entire) + grandiose rhetorical predicate nouns
320,0.3,40,1.095,and,"['-', 'failure', 'failure', 'and', 'and', 'and', '}', '-', 'use']",q1_lowest,3,0.3578537957601928,"mixed technical/reporting prose, weak comparison-word theme (latter/past/same)"
324,0.1,11,0.96,cause,"['cause', 'know', 'echo', 'sense', 'knew', 'neglecting', '30', 'away', 'tell', 'ready']",q1_lowest,13,0.40013816385471307,"noisy grab-bag, no consistent theme"
325,0.2,13,0.923,online,"['races', 'online', 'regions', 'coefficients', 'comparing', 'res', 'earlier', 'sources', 'online', 'classes']",q1_lowest,9,0.3345579987596752,large-number reporting (billion/million/hundred) + technical/scientific grab-bag
329,0.3,47,1.042,billion,"['billion', 'billion', 'spending', 'and', 'seen', 'another', 'and', 'into', 'widely', 'billion']",q1_lowest,9,0.3083611482316738,large-number reporting (billion/million/hundred) + technical/scientific grab-bag
341,0.2,26,1.11,exception,"['exception', 'annual', 'having', 'corners', 'exception', 'corners', 'parts', 'allowable', 'annually', 'initiative']",q1_lowest,3,0.40267742503398984,"mixed technical/reporting prose, weak comparison-word theme (latter/past/same)"
352,0.3,24,0.944,and,"['and', 'an', 'and', '8', 'uh', '*.', '?', ""';"", 'and', 'including']",q1_lowest,13,0.4004844335750253,"noisy grab-bag, no consistent theme"
355,0.1,11,0.968,54,"['54', 'place', 'aside', 'former', 'were', 'winner', 'res', 'a', 'latter', 'better']",q1_lowest,12,0.38042027537814377,"news-report passive voice ('taken to hospital', 'struck by')"
357,0.2,22,1.047,entire,"['aspects', 'first', 'entire', '`', 'initial', 'open', 'impact', 'entire', 'tap', 'avoid']",q1_lowest,8,0.3941641803514365,comparison/whole-part nouns (counterparts/complexity/entire) + grandiose rhetorical predicate nouns
361,0.3,50,1.07,and,"['established', 'a', 'undertaking', 'it', 'and', 'cannot', 'latter', 'and', 'latter', 'and']",q1_lowest,3,0.4088826218640442,"mixed technical/reporting prose, weak comparison-word theme (latter/past/same)"
388,0.1,10,0.894,governors,"['governors', 'agency', '().', 'produced', 'and', 'years', 'publication', 'association', 'more', 'result']",q1_lowest,1,0.28905134758327083,mixed grab-bag: sports/entertainment narrative + citation lists
466,0.2,32,1.094,let,"['at', 'specify', 'that', 'let', 'let', 'text', 'region', 'determine', 'universal', 'de']",q1_lowest,3,0.3200792005243571,"mixed technical/reporting prose, weak comparison-word theme (latter/past/same)"
475,0.3,36,1.037,<,"['k', 'boil', '"",', 'armed', 'armed', '<', 'i', '<', 'i', '<']",q1_lowest,0,0.332339291593404,"noisy grab-bag, no consistent theme"
478,0.4,12,1.076,that,"['that', 'for', 'think', 'that', 're', 'those', 'for', 'are', 'that', 'that']",q1_lowest,11,0.38399068943388215,demonstrative 'that' introducing a quoted/reported clause
522,0.2,34,1.034,version,"['&&', 'vulnerability', 'version', 'version', '70', 'released', '$', 'done', '"",', 'suites']",q1_lowest,7,0.3168505860869204,"noisy grab-bag, no consistent theme"
528,0.2,27,1.011,relative,"['relieve', 'relative', 'whatever', 'whatever', '_', 'total', 'toward', 'this', 'relative', 'as']",q1_lowest,7,0.316465761525587,"noisy grab-bag, no consistent theme"
566,0.2,23,1.113,sense,"['against', 'respects', 'sense', 'standings', 'communities', 'respect', 'sense', 'respect', 'held', 'saturday']",q1_lowest,4,0.37588531118876994,'in this respect/sense' hedge-phrase family + generic prepositions
569,0.4,24,1.077,season,"['season', 'p', 'the', 'p', 'season', 'round', 'season', 'season', 'the', 'whole']",q1_lowest,6,0.3586452088923011,"hyphenated compound modifiers (follow-up, in-game) + entertainment/pop-culture prose"
582,0.2,50,1.089,others,"['others', ""'s"", 'components', 'else', 'capabilities', 'million', 'championships', 'others', 'capabilities', '-']",q1_lowest,4,0.31660526059581773,'in this respect/sense' hedge-phrase family + generic prepositions
602,0.4,13,1.089,taken,"['taken', 'taken', 'taken', 'taken', 'after', 'undertaken', 'effective', 'towards', 'go', ""'""]",q1_lowest,9,0.31080754921205506,large-number reporting (billion/million/hundred) + technical/scientific grab-bag
617,0.1,17,0.955,been,"['been', '8', ';', '82', 'section', 'left', 'the', '&', 'could', 'applied']",q1_lowest,6,0.39584897161985483,"hyphenated compound modifiers (follow-up, in-game) + entertainment/pop-culture prose"
646,0.1,17,1.018,tackle,"['tackle', 'founder', 'eff', 'would', 'did', 'valued', 'all', 'instead', 'danger', 'esteem']",q1_lowest,7,0.3216689033933689,"noisy grab-bag, no consistent theme"
662,0.1,50,1.067,amber,"['amber', 'exercise', 'aug', 'he', 'idea', 'so', 'laboratories', 'it', '/']",q1_lowest,6,0.32641422951023735,"hyphenated compound modifiers (follow-up, in-game) + entertainment/pop-culture prose"
678,0.2,11,0.932,vista,"['ignited', 'vista', 'resistance', 'vista', 'manufacturers', 'now', 'founder', 'namespace', 'resistance', 'traditional']",q1_lowest,1,0.29490919987829217,mixed grab-bag: sports/entertainment narrative + citation lists
679,0.2,42,1.086,three,"['in', 'coincide', 'three', 'three', 'kennedy', 'collide', 'reason', '53', 'mentioned', 'outlines']",q1_lowest,12,0.29352057438034046,"news-report passive voice ('taken to hospital', 'struck by')"
703,0.2,36,1.087,consists,"['consists', 'inches', 'feet', '0', 'inches', 'consists', '?', 'into', 'asks', '?']",q1_lowest,13,0.4130163438822359,"noisy grab-bag, no consistent theme"
748,0.1,50,1.076,louder,"['louder', 'nhs', 'trained', 'dynamic', 'germans', 'cried', 'purpose', 'directors', 'justice', '2011']",q1_lowest,4,0.28438586308110264,'in this respect/sense' hedge-phrase family + generic prepositions
767,0.3,42,1.094,complexity,"['complexity', 'challenges', 'complexity', 'latter', 'whether', 'latter', ""'"", 'curiosity', 'shape', 'complexity']",q1_lowest,8,0.3466786445830601,comparison/whole-part nouns (counterparts/complexity/entire) + grandiose rhetorical predicate nouns
772,0.3,10,0.9,via,"['via', 'via', 'those', 'groups', 'profound', '+=', 'using', 'via', 'require']",q1_lowest,7,0.3403211554967725,"noisy grab-bag, no consistent theme"
776,0.1,12,0.933,thresholds,"['thresholds', 'vs', '100', 'consequently', '301', 'techniques', 'done', 'showdown', 'into', '3']",q1_lowest,1,0.4101522856017248,mixed grab-bag: sports/entertainment narrative + citation lists
784,0.4,15,0.922,property,"['after', 'property', 'with', 'open', 'after', 'with', 'method', 'property', 'property', 'property']",q1_lowest,4,0.28154207577822304,'in this respect/sense' hedge-phrase family + generic prepositions
809,0.1,50,1.105,cousin,"['cousin', 'genetically', '13', '233', '1920', '[[', '-', 'that', 'wasn', '180']",q1_lowest,5,0.2858444924076334,"noisy grab-bag, no consistent theme"
826,0.1,34,1.002,for,"['for', 'and', '.""', 'cm', '.', 'does', 'sep', 'is', 'just', ',']",q1_lowest,6,0.32831535606024137,"hyphenated compound modifiers (follow-up, in-game) + entertainment/pop-culture prose"
834,0.2,31,1.041,deems,"['deems', 'deems', 'happen', ')-', 'cell', 'â§â§', 'du', 'match', ')-', 'stomp']",q1_lowest,5,0.33687064917862175,"noisy grab-bag, no consistent theme"
847,0.3,35,0.991,-,"['upon', 'wreck', '-', '-', 'noticed', '1928', '-', 'the', '1912', 'component']",q1_lowest,6,0.2763616233316324,"hyphenated compound modifiers (follow-up, in-game) + entertainment/pop-culture prose"
879,0.3,50,1.101,"),","['others', '),', 'carries', 'every', 'uses', 'whoever', 'whenever', 'punitive', '),', '),']",q1_lowest,7,0.395253352792821,"noisy grab-bag, no consistent theme"
890,0.2,43,1.044,seem,"['seems', 'looking', 'seem', 'that', 'there', ',', 'sellers', 'all', 'closer', 'seem']",q1_lowest,5,0.35280993245253606,"noisy grab-bag, no consistent theme"
895,0.1,33,1.015,replaced,"['replaced', 'adaptation', 'building', 'initiative', 'increment', 'success', 'one', 'celebrate', 'accomplishment', 'some']",q1_lowest,12,0.33414477385149743,"news-report passive voice ('taken to hospital', 'struck by')"
901,0.1,26,1.019,novel,"['novel', 'b', 'old', 'other', 'as', 'first', 'latter', 'hadn', 'different', 'float']",q1_lowest,3,0.3344881264360955,"mixed technical/reporting prose, weak comparison-word theme (latter/past/same)"
902,0.2,16,0.969,7,"['{{', '7', 'producers', '7', 'adhere', 'a', 'gives', 'earn', '),', '489']",q1_lowest,5,0.3860260063076302,"noisy grab-bag, no consistent theme"
904,0.2,26,0.981,and,"['m', 'against', 'editor', 'and', 'episode', 'were', '15', 'respectively', 'and', 'furthermore']",q1_lowest,6,0.3537974125485872,"hyphenated compound modifiers (follow-up, in-game) + entertainment/pop-culture prose"
926,0.2,18,1.03,happened,"['third', '138', 'a', '13', 'happened', 'had', 'happened', '/**', 'could', 'shrugged']",q1_lowest,12,0.35169093907188986,"news-report passive voice ('taken to hospital', 'struck by')"
946,0.3,40,1.073,so,"['so', 'this', 'so', 'previous', 'also', 'this', 'week', 'this', 'and', 'so']",q1_lowest,6,0.34141265757566863,"hyphenated compound modifiers (follow-up, in-game) + entertainment/pop-culture prose"
960,0.2,50,1.09,that,"['origins', 'that', 'things', 'result', 'that', 'men', 'things', 'other', 'orders', 'shut']",q1_lowest,11,0.2884949812940781,demonstrative 'that' introducing a quoted/reported clause
989,0.2,50,1.094,particular,"['greenhouse', 'quad', 'spike', 'twelve', 'obstacle', 'an', 'particular', 'particular', 'corporation', 'contract']",q1_lowest,8,0.3551057964554284,comparison/whole-part nouns (counterparts/complexity/entire) + grandiose rhetorical predicate nouns
994,0.2,15,0.955,you,"['things', 'yeah', 'yes', '})', 'you', 'parts', 'you', 'said', '}', 'decided']",q1_lowest,11,0.4039451348723178,demonstrative 'that' introducing a quoted/reported clause
1030,0.2,10,0.936,users,"['haired', 'he', '05', 'asking', 'joints', 'users', 'users', 'installation', 'soda', 'said']",q1_lowest,1,0.3803462111498598,mixed grab-bag: sports/entertainment narrative + citation lists
1036,0.3,50,1.09,.,"['.', '.', 'tells', '.', 'stands', 'can', 'which', 'she', 'sort', 'told']",q1_lowest,13,0.30250217083881253,"noisy grab-bag, no consistent theme"
1066,0.2,31,1.084,done,"['done', 'persons', 'likes', 'comes', 'done', 'think', 'bear', 'uses', 'comes', 'abide']",q1_lowest,11,0.35374313409349134,demonstrative 'that' introducing a quoted/reported clause
1071,0.3,16,0.96,he,"[""''"", '$$', 'he', 'he', 'they', 'he', 'others', ']:', 'neither', '$$']",q1_lowest,0,0.3729204328908421,"noisy grab-bag, no consistent theme"
1092,0.2,10,0.9,sadly,"['}', 'should', 'sadly', "",''"", 'think', 'sadly', 'seriously', 'closest', 'think', "",''""]",q1_lowest,2,0.43475729281012526,"noisy grab-bag, no consistent theme"
1111,0.1,12,0.894,designer,"['designer', 'death', 'masters', 'led', 'free', 'challenged', '2022', 'required']",q1_lowest,10,0.29881655633270476,"noisy grab-bag, no consistent theme"
1112,0.1,37,1.039,wed,"['wed', 'thu', 'âł', 'cards', 'remastered', '14', '2014', 'remember']",q1_lowest,10,0.36127546975561475,"noisy grab-bag, no consistent theme"
1129,0.1,32,0.976,its,"['its', '22', 'lights', 'others', '*/', '0', 'very', '20', '23', '""$']",q1_lowest,4,0.32616957999961776,'in this respect/sense' hedge-phrase family + generic prepositions
1159,0.4,45,1.064,a,"['that', 'a', 'a', 'sleep', 'a', '28', 'yeah', 'when', 'an', 'a']",q1_lowest,0,0.3889887314742418,"noisy grab-bag, no consistent theme"
1212,0.2,30,1.119,glory,"['doom', 'subject', 'glory', 'testament', 'day', 'extent', 'good', 'testament', 'glory', 'creditor']",q1_lowest,8,0.33724157166706065,comparison/whole-part nouns (counterparts/complexity/entire) + grandiose rhetorical predicate nouns
1213,0.2,12,0.966,said,"['said', 'an', 'void', 'exception', '"").', 'and', 'void', 'said', 'and', 'exception']",q1_lowest,6,0.3860869973579691,"hyphenated compound modifiers (follow-up, in-game) + entertainment/pop-culture prose"
1238,0.2,15,0.949,|,"['front', '$,', '|', ',', '/', 'own', ',', 'good', '08', '|']",q1_lowest,2,0.3419263909335109,"noisy grab-bag, no consistent theme"
1239,0.2,47,1.089,kids,"['tbsp', 'terms', '129', 'kids', '125', 'i', 'kids', 'han', 'example', 'somebody']",q1_lowest,0,0.3026992503015117,"noisy grab-bag, no consistent theme"
1247,0.4,16,1.015,close,"['close', 'beat', 'close', '12', 'close', 'close', 'against', 'into', '-', 'great']",q1_lowest,4,0.31973244147501234,'in this respect/sense' hedge-phrase family + generic prepositions
1251,0.2,10,0.874,||,"['seeking', 'thc', '][', 'index', '||', '&&', 'and', '||', 'ii', '&&']",q1_lowest,0,0.4566399953843779,"noisy grab-bag, no consistent theme"
1260,0.4,22,1.068,the,"['respective', 'corresponding', ""'s"", 'the', ""'s"", 'las', 'their', 'the', 'the', 'the']",q1_lowest,3,0.3272669967446458,"mixed technical/reporting prose, weak comparison-word theme (latter/past/same)"
1278,0.4,20,1.006,blends,"['blends', 'blends', 'blends', 'combines', 'blends', '000', 'testament', 'former', 'fled', 'former']",q1_lowest,1,0.38450672295084243,mixed grab-bag: sports/entertainment narrative + citation lists
1289,0.1,50,1.034,answer,"['answer', 'plugins', 'opens', 'it', 'she', 'years', 'ob', '/', 'grades', '$']",q1_lowest,7,0.338746278875299,"noisy grab-bag, no consistent theme"
1292,0.2,19,0.961,only,"['only', 'said', 'too', 'no', 'only', ',', 'at', 'everything', 'gone', 'at']",q1_lowest,13,0.3700037107014468,"noisy grab-bag, no consistent theme"
1315,0.4,16,0.994,a,"['a', 'a', 'assaulted', 'assigned', 'an', 'a', 'a', 'encouraged', 'there', 'guided']",q1_lowest,11,0.37171626399871777,demonstrative 'that' introducing a quoted/reported clause
1337,0.2,25,1.026,01,"['the', 'gov', 'published', 'jan', 'next', 'bids', '01', '01', 'by', '=']",q1_lowest,2,0.3175567264085495,"noisy grab-bag, no consistent theme"
1364,0.4,12,1.1,kind,"['also', 'see', 'in', 'kind', 'kind', 'have', 'find', 'kind', 'have', 'kind']",q1_lowest,4,0.3988566448311062,'in this respect/sense' hedge-phrase family + generic prepositions
1368,0.2,37,1.033,increasing,"['closer', 'increasing', 'average', 'looked', 'right', 'average', 'expected', 'increasing', 'proportional', 'part']",q1_lowest,4,0.3774444481602346,'in this respect/sense' hedge-phrase family + generic prepositions
1381,0.3,12,0.891,that,"['that', 'date', 'shortly', 'her', 'going', 'at', 'that', 'traveling', 'http', 'that']",q1_lowest,11,0.2631096174194267,demonstrative 'that' introducing a quoted/reported clause
1393,0.3,38,1.053,adhere,"['observing', 'adhere', 'encourages', 'observes', 'euros', 'knit', 'subscribing', 'adhere', 'employers', 'adhere']",q1_lowest,0,0.3923561311469763,"noisy grab-bag, no consistent theme"
1400,0.2,50,1.099,don,"['among', 'arthur', 'hinder', 'don', 'come', 'it', 'don', 'unlikely', '13']",q1_lowest,10,0.3321008423247345,"noisy grab-bag, no consistent theme"
1407,0.1,11,0.97,least,"['least', '36', 'slightest', 'â½', '<', 'image', 'none', 'additionally', 'questions', 'steady']",q1_lowest,0,0.3442522589412309,"noisy grab-bag, no consistent theme"
1410,0.2,50,1.089,3,"['fields', 'technique', '3', 'because', 'which', 'concept', 'ripped', '3', 'while', 'moments']",q1_lowest,1,0.3493397418477204,mixed grab-bag: sports/entertainment narrative + citation lists
1419,0.3,19,1.104,for,"[""'s"", 'for', 'for', 'routes', ""'s"", 'interfaces', 'browsers', 'server', 'for', 'content']",q1_lowest,4,0.3738421218232955,'in this respect/sense' hedge-phrase family + generic prepositions
1448,0.2,48,1.1,projects,"['players', 'girls', 'my', 'projects', 'projects', ""'s"", 'longest', 'users', 'page']",q1_lowest,0,0.3485114654971236,"noisy grab-bag, no consistent theme"
1457,0.3,14,1.039,6,"['6', '6', '232', '7', '169', '212', '6', '67', 'did', 'states']",q1_lowest,1,0.5510796513625147,mixed grab-bag: sports/entertainment narrative + citation lists
1460,0.4,11,0.977,shall,"['shall', 'shall', 'shall', 'the', 'shall', 'may', 'might']",q1_lowest,10,0.37412474072532603,"noisy grab-bag, no consistent theme"
1488,0.2,27,1.021,-,"['-', 'area', 'additional', 'pm', 'âģĵ', '.--', 'tuesday', 'during', '-', 'assistant']",q1_lowest,6,0.28791162481037263,"hyphenated compound modifiers (follow-up, in-game) + entertainment/pop-culture prose"
1492,0.3,50,1.109,we,"['led', 'we', 'ange', ',', 'we', 'sun', 'affected', 'chart', '-', 'we']",q1_lowest,10,0.31638484123548166,"noisy grab-bag, no consistent theme"
1497,0.1,30,0.981,had,"['had', 'respectively', 'checked', 'and', 'total', 'termed', 'reached', '),', ',', 'to']",q1_lowest,3,0.3612044511718121,"mixed technical/reporting prose, weak comparison-word theme (latter/past/same)"
1505,0.1,37,1.022,guys,"['guys', ',', 'no', 'pages', 'launches', ""'."", 'letters', 'graphics', 'surnames', '),']",q1_lowest,5,0.3023778226700489,"noisy grab-bag, no consistent theme"
1536,0.2,23,1.051,real,"['welcome', ',', 'real', 'shall', 'have', 'real', 'delight', 'find', 'cannot', 'do']",q1_lowest,5,0.3110333507804648,"noisy grab-bag, no consistent theme"
1550,0.2,12,0.995,if,"['should', 'plus', 'besides', 'if', 'contrasting', 'brightness', 'if', 'enhancement', 'trainers', 'results']",q1_lowest,5,0.386365689043628,"noisy grab-bag, no consistent theme"
1577,0.2,23,0.934,an,"['an', 'pg', 'adjacent', 'provide', 'an', 's', 'new', 'responses', 'adjacent', 'address']",q1_lowest,7,0.3421557621804273,"noisy grab-bag, no consistent theme"
1578,0.3,14,0.932,documentation,"['from', '21', 'documentation', 'documentation', 'into', 'documentation', 'that', 'wikipedia', 'into', '20']",q1_lowest,8,0.4013559967420867,comparison/whole-part nouns (counterparts/complexity/entire) + grandiose rhetorical predicate nouns
1591,0.2,50,1.046,between,"['*/', 'bets', 'between', 'against', '-', 'that', 'too', 'between', 'lets', 'occurs']",q1_lowest,6,0.3318126447287214,"hyphenated compound modifiers (follow-up, in-game) + entertainment/pop-culture prose"
1622,0.2,43,1.026,',"[""'"", 'the', 'they', 'could', '?', ""'"", 'we', 'were', 'our', 'can']",q1_lowest,6,0.3175163961485,"hyphenated compound modifiers (follow-up, in-game) + entertainment/pop-culture prose"
1630,0.2,11,0.887,",","['effective', 'out', ',', ',', 'usage', 'necessity', 'negative', '9', 'platform', '412205']",q1_lowest,0,0.30199631017140743,"noisy grab-bag, no consistent theme"
1637,0.2,50,1.116,to,"['vs', 'number', 'and', 'to', 'some', 'level', 'billion', 'key', 'to', 'strategic']",q1_lowest,9,0.3131038956756255,large-number reporting (billion/million/hundred) + technical/scientific grab-bag
1639,0.2,21,1.068,obtain,"['obtain', 'obtain', 'replacement', 'func', 'bodily', 'provisional', 'employer', 'replace', 'furnished', 'replacement']",q1_lowest,8,0.37837643988774483,comparison/whole-part nouns (counterparts/complexity/entire) + grandiose rhetorical predicate nouns
1645,0.2,18,1.003,placebo,"['001', 'placebo', '1983', 'plastic', 'who', 'placebo', 'dividing', 'controversial', '-', 'november']",q1_lowest,2,0.32584230075062715,"noisy grab-bag, no consistent theme"
1658,0.3,26,1.065,-,"['-', 'a', '-', 'customer', 'customer', 'customer', 'quests', '-', 'required']",q1_lowest,6,0.2783087195627983,"hyphenated compound modifiers (follow-up, in-game) + entertainment/pop-culture prose"
1662,0.2,15,1.035,present,"['provide', 'await', 'lateral', 'equal', 'present', 'hello', 'invoke', 'ten', 'each', 'present']",q1_lowest,8,0.36750396798849655,comparison/whole-part nouns (counterparts/complexity/entire) + grandiose rhetorical predicate nouns
1665,0.1,42,1.011,driving,"['driving', 'opened', 'subject', 'knocking', 'ohio', 'causing', 'backs', 'pointer', '=', 'equal']",q1_lowest,5,0.2979910239110361,"noisy grab-bag, no consistent theme"
1711,0.1,22,1.068,reliance,"['reliance', 'best', 'with', 'the', 'rely', 'necessities', 'within', 'eliminates', 'format', 'income']",q1_lowest,9,0.2916148104356353,large-number reporting (billion/million/hundred) + technical/scientific grab-bag
1729,0.3,15,1.007,past,"['6', 'turned', 'medium', 'past', 'past', 'though', 'past', 'holes', 'a']",q1_lowest,3,0.34099295356821796,"mixed technical/reporting prose, weak comparison-word theme (latter/past/same)"
1771,0.3,25,1.052,22,"['22', '22', 'ã¢', 'ï¿½ï¿½ï¿½ï¿½', 'that', 'a', 'enhancement', 'adj', 'software', '22']",q1_lowest,1,0.41206295376943597,mixed grab-bag: sports/entertainment narrative + citation lists
1795,0.2,24,1.074,occurs,"['takes', ""'s"", 'during', 's', 'occurs', 'for', 'occurs', 'when', 'degradation', 'for']",q1_lowest,3,0.35471368051104984,"mixed technical/reporting prose, weak comparison-word theme (latter/past/same)"
1804,0.1,26,1.014,usa,"['usa', 'commando', '103', 'colleges', '295', 'participants', 'morocco', 'founder', 'a', 'an']",q1_lowest,6,0.3999256005509412,"hyphenated compound modifiers (follow-up, in-game) + entertainment/pop-culture prose"
1805,0.3,12,0.966,a,"['chronic', 'a', 'an', 'a', 'one', '#', 'an', 'growing', 'a', 'his']",q1_lowest,9,0.35013343697639804,large-number reporting (billion/million/hundred) + technical/scientific grab-bag
1807,0.2,42,1.081,to,"['`', 'to', 'stresses', 'their', 'home', 'term', 'to', 'ratio', 'year', 'know']",q1_lowest,4,0.31347365222273404,'in this respect/sense' hedge-phrase family + generic prepositions
1810,0.2,30,1.046,right,"['_', 'sat', 'right', 'from', 'until', 'but', '.""', 'right', 'friends', 'along']",q1_lowest,11,0.3165947517166282,demonstrative 'that' introducing a quoted/reported clause
1819,0.2,12,1.098,that,"['xi', '13', 'heche', 'that', 'in', '.', 'preston', 'something', 'that', 'alabama']",q1_lowest,10,0.29166959300757017,"noisy grab-bag, no consistent theme"
1821,0.2,13,1.006,moreover,"['thesis', 'doctrine', 'moreover', 'premises', 'moreover', 'similarly', 'likewise', 'furthermore', 'principle', 'conversely']",q1_lowest,1,0.38874734470528477,mixed grab-bag: sports/entertainment narrative + citation lists
1841,0.1,28,0.962,5,"['5', 'associated', 'near', '$$', 'knew', 'minds', ':', 'queries', 'followed', 'whatever']",q1_lowest,13,0.35182092391820785,"noisy grab-bag, no consistent theme"
1844,0.3,11,0.943,same,"['others', 'same', 'same', 'much', 'wearer', 'material', 'balance', 'few', 'much', 'same']",q1_lowest,3,0.41822532851200084,"mixed technical/reporting prose, weak comparison-word theme (latter/past/same)"
1848,0.2,30,1.0,billions,"['billions', 'wished', '2', '8', 'billions', 'all', 'bets', 'arrived', 'arrived', 'uh']",q1_lowest,5,0.36900181122522324,"noisy grab-bag, no consistent theme"
1849,0.1,11,0.887,rather,"['rather', 'fresh', '->', 'against', 'world', '\\', '#', 'whether', 'oral', 'arrive']",q1_lowest,2,0.29668701499524863,"noisy grab-bag, no consistent theme"
1850,0.1,50,1.07,frame,"['frame', 'characteristic', 'grown', 'state', 'worked', 'therein', 'side', 'viewpoint', 'cap', 'suit']",q1_lowest,8,0.363761082206282,comparison/whole-part nouns (counterparts/complexity/entire) + grandiose rhetorical predicate nouns
1851,0.2,10,0.963,your,"['terms', 'your', 'her', 'term', 'seldom', 'detailing', 'term', 'industrial', 'your', 'driving']",q1_lowest,2,0.30280546958718574,"noisy grab-bag, no consistent theme"
1855,0.1,50,1.084,distances,"['distances', 'mountains', 'whole', 'answers', 'entire', 'surveys', 'securities', 'afternoon', 'civil', 'scandinavian']",q1_lowest,0,0.3020787434230255,"noisy grab-bag, no consistent theme"
1863,0.1,13,0.961,{,"['{', 'in', 'then', 'knew', 'informed', 'okay', '\\', 'would', 'most', 'tossed']",q1_lowest,5,0.35909738878716074,"noisy grab-bag, no consistent theme"
1866,0.2,32,1.071,necessary,"['necessary', 'gym', 'necessity', 'just', 'selection', 'likewise', 'have', 'just', 'necessary', 'likewise']",q1_lowest,11,0.4088030929818529,demonstrative 'that' introducing a quoted/reported clause
1872,0.2,17,0.976,the,"['4', '|', 'the', 'governments', 'the', '8', 'borders', 'i', 'âģĵ', 'discover']",q1_lowest,4,0.4493125593846067,'in this respect/sense' hedge-phrase family + generic prepositions
1891,0.1,28,0.965,resistant,"['resistant', 'unsigned', 'testament', 'defines', 'father', 'longing', 'refers', 'carpenter', 'administered', 'at']",q1_lowest,9,0.2803395950007652,large-number reporting (billion/million/hundred) + technical/scientific grab-bag
1928,0.1,26,1.117,)-,"[')-', 'to', 'out', 'studies', 'in', '=-', 'ago', 'vs', 'terms', 'characteristics']",q1_lowest,3,0.3494697851573819,"mixed technical/reporting prose, weak comparison-word theme (latter/past/same)"
1936,0.3,36,1.076,said,"['get', '20', 'said', 'or', 'said', 'said', '10', 'cost', 'sufficiently', 'cm']",q1_lowest,5,0.3636402470724521,"noisy grab-bag, no consistent theme"
1941,0.1,15,0.927,conditions,"['conditions', 'case', 'aspect', 'capabilities', 'leakage', 'factors', 'hell', 'capacities', 'of', 'manner']",q1_lowest,7,0.3008718721536681,"noisy grab-bag, no consistent theme"
1956,0.2,20,0.891,whereas,"['particularly', 'whereas', 'there', 'where', 'flights', 'school', 'whereas', '.', 'click', 'herself']",q1_lowest,9,0.3244156087210212,large-number reporting (billion/million/hundred) + technical/scientific grab-bag
1971,0.2,23,1.074,which,"['an', 'lo', 'ever', 'virtue', 'want', 'which', 'which', 'too', '.', 'the']",q1_lowest,5,0.3400653210194568,"noisy grab-bag, no consistent theme"
1975,0.2,11,1.004,same,"['same', 'same', 'isn', 'last', 'break', 'happy', 'average', 'isn', 'whole', 'sorry']",q1_lowest,12,0.35873301250929895,"news-report passive voice ('taken to hospital', 'struck by')"
1980,0.1,11,0.906,"`,","['`,', '),', 'boon', 'further', 'done', 'matured', '300', 'worsened', 'manager', 'greater']",q1_lowest,9,0.29920135462885517,large-number reporting (billion/million/hundred) + technical/scientific grab-bag
1990,0.1,50,1.097,48,"['48', 'kcal', 'entities', '11', 'ls', 'volt', 'devoted', '91', 'got', '110']",q1_lowest,1,0.31789035117538084,mixed grab-bag: sports/entertainment narrative + citation lists
2009,0.2,50,1.121,i,"['i', 'there', 'earlier', 'was', 'often', 'didn', 'got', 'i', 'a', 'a']",q1_lowest,13,0.3787799280114593,"noisy grab-bag, no consistent theme"
2012,0.1,50,1.083,advance,"['advance', 'educational', 'updated', 'in', 'afterwards', 'early', '2016', 'nothing', 'got', 'addition']",q1_lowest,10,0.30668517883506413,"noisy grab-bag, no consistent theme"
2016,0.1,10,0.917,continue,"['continue', 'recipient', 'exercise', '02', '27', '*/', '67', 'address', 'experiment', 'instance']",q1_lowest,7,0.42586278308932707,"noisy grab-bag, no consistent theme"
2024,0.2,27,0.97,odd,"['traditionally', 'indicators', 'even', 'clearly', 'better', 'odd', 'fans', 'forty', 'twenty', 'odd']",q1_lowest,8,0.3923726056940264,comparison/whole-part nouns (counterparts/complexity/entire) + grandiose rhetorical predicate nouns
2043,0.2,23,1.06,defeats,"['episode', 'thence', 'defeats', 'former', 'sets', 'following', 'had', 'defeats', 'least', 'former']",q1_lowest,8,0.43603701966573843,comparison/whole-part nouns (counterparts/complexity/entire) + grandiose rhetorical predicate nouns
2054,0.2,11,0.881,any,"['any', 'customers', 'any', 'title', 'reserved', '24', 'area', '*', '2002', 'customers']",q1_lowest,3,0.35146873331579753,"mixed technical/reporting prose, weak comparison-word theme (latter/past/same)"
2056,0.2,26,1.049,m,"['m', 'cleaners', 'reflections', 'standard', 'standard', 'bumps', 'clears', 'm', 'realm', 'flags']",q1_lowest,4,0.3036368343456982,'in this respect/sense' hedge-phrase family + generic prepositions
2059,0.2,27,0.967,followed,"['followed', 'inclusion', 'following', 'dynamics', 'centric', 'following', 'plus', '13', 'reflected', 'followed']",q1_lowest,4,0.343602355334796,'in this respect/sense' hedge-phrase family + generic prepositions
2127,0.3,12,0.903,into,"['roaming', 'into', 'into', 'filling', 'into', 'civic', 'need', 'jul', 'favor', 'la']",q1_lowest,8,0.3569583618545495,comparison/whole-part nouns (counterparts/complexity/entire) + grandiose rhetorical predicate nouns
2156,0.1,25,0.934,learn,"['learn', 'need', 'nervous', 'judgments', 'worst', 'less', 'there', 'followed', 'predictive', 'lives']",q1_lowest,8,0.35178311266372037,comparison/whole-part nouns (counterparts/complexity/entire) + grandiose rhetorical predicate nouns
2157,0.2,21,0.981,sooner,"['gears', 'sooner', 'up', 'was', 'he', 'slapped', 'ï¿½', 'was', 'sooner', 'here']",q1_lowest,11,0.3538871837769986,demonstrative 'that' introducing a quoted/reported clause
2164,0.3,25,1.003,with,"['builds', 'with', 'with', '+', 'special', 'supplying', '].', 'with', 'output', '].']",q1_lowest,2,0.34660380840629196,"noisy grab-bag, no consistent theme"
2207,0.2,20,0.906,"""","['kart', 'iphone', 'irish', '""', 'at', 'save', '""', '[', 'cart', 'may']",q1_lowest,10,0.28819749252754023,"noisy grab-bag, no consistent theme"
2221,0.2,12,0.959,technological,"['the', 'technological', 'technological', 'colonial', 'denying', 'which', 'towards', 'themselves', 'revolutionary', 'constant']",q1_lowest,5,0.34691384765879707,"noisy grab-bag, no consistent theme"
2254,0.2,32,1.008,"`,","['did', 'manager', 'colony', 'st', '},', '`,', 'tower', 'holder', 'creek', '`,']",q1_lowest,3,0.3363070269925161,"mixed technical/reporting prose, weak comparison-word theme (latter/past/same)"
2262,0.1,15,1.008,stared,"['stared', 'looked', '07', 'retrieved', 'went', '05', 'learned', 'suffered', 'managing', 'lowest']",q1_lowest,3,0.3681662968187242,"mixed technical/reporting prose, weak comparison-word theme (latter/past/same)"
2265,0.3,20,1.06,from,"['since', 'from', 'moved', 'hence', 'with', 'moved', 'with', 'from', 'since', 'from']",q1_lowest,6,0.41679813532389404,"hyphenated compound modifiers (follow-up, in-game) + entertainment/pop-culture prose"
2289,0.2,12,1.045,hood,"['hank', 'hood', 'wright', 'builder', 'hood', 'terrio', 'marshall', 'reverend', 'robin', 'halo']",q1_lowest,10,0.3860315518267173,"noisy grab-bag, no consistent theme"
2311,0.2,17,1.015,here,"['here', 'here', '1', 'more', 'attempts', 'she', 'eighth']",q1_lowest,10,0.3276398534188083,"noisy grab-bag, no consistent theme"
2327,0.1,50,1.066,happy,"['happy', 'meanwhile', 'whole', 'provide', 'when', 'supposed', 'for', 'however', 'less', 'riots']",q1_lowest,1,0.28334536571119584,mixed grab-bag: sports/entertainment narrative + citation lists
2396,0.2,47,1.097,*/,"['british', 'eu', 'multiple', 'variable', 'vehicle', 'sub', ""'"", 'car', '*/', '*/']",q1_lowest,2,0.31003722807386835,"noisy grab-bag, no consistent theme"
2423,0.2,11,0.908,pages,"['pages', 'hers', 'windows', 'host', 'traveling', 'figure', 'anyone', 'she', 'pages', 'ram']",q1_lowest,7,0.3125903386071019,"noisy grab-bag, no consistent theme"
2434,0.2,20,1.058,identities,"['existences', 'universes', 'fed', 'identities', 'tens', 'existence', 'alerted', 'identities', 'existence', 'teens']",q1_lowest,8,0.3379818634074966,comparison/whole-part nouns (counterparts/complexity/entire) + grandiose rhetorical predicate nouns
2465,0.1,40,1.005,adult,"['adult', 'field', 'multiplied', 'campaigned', 'figuring', 'latin', 'that', 'poem', 'workforce', 'seeded']",q1_lowest,0,0.2697289095324478,"noisy grab-bag, no consistent theme"
2473,0.3,15,1.011,.,"['some', 'state', 'realization', '.', ""')."", '.', ').', '.', '.]', '.)']",q1_lowest,6,0.33079374906901343,"hyphenated compound modifiers (follow-up, in-game) + entertainment/pop-culture prose"
2501,0.3,28,0.988,latter,"['latter', 'collect', 'latter', 'gather', '`.', 'thoroughly', 'my', 'latter', 'getting', 'which']",q1_lowest,1,0.3369795486809893,mixed grab-bag: sports/entertainment narrative + citation lists
2533,0.2,20,0.975,department,"['heavens', 'successor', 'department', 'department', 'whole', 'society', 'wake', 'outlook', 'had', 'disclose']",q1_lowest,8,0.31728181373738,comparison/whole-part nouns (counterparts/complexity/entire) + grandiose rhetorical predicate nouns
2555,0.2,50,1.112,kind,"['equivalent', 'out', 'was', 'kind', 'source', 'source', 'figure', 'since', ',', 'kind']",q1_lowest,5,0.3529510976000198,"noisy grab-bag, no consistent theme"
2558,0.2,50,1.093,an,"[""'"", 'an', 'modern', 'an', 'faster', 'reach', 'polish', '_', 'loves', '/']",q1_lowest,10,0.27866561578392013,"noisy grab-bag, no consistent theme"
2565,0.2,50,1.068,freedom,"['concentrations', 'freedom', 'declaration', 'shall', 'statement', 'freedom', 'types', 'piece', 'type', 'components']",q1_lowest,8,0.338640107158644,comparison/whole-part nouns (counterparts/complexity/entire) + grandiose rhetorical predicate nouns
2579,0.2,13,1.01,world,"['world', 'fantastic', 'goodness', 'world', 'allied', 'would', 'neither', 'baird', 'everyone', 'gone']",q1_lowest,0,0.3480664228440014,"noisy grab-bag, no consistent theme"
2592,0.3,27,1.049,/,"['/', 'smallest', 'whether', 'as', 'limits', 'takes', 'quantity', 'controlled', '/', '/']",q1_lowest,5,0.4347388051163835,"noisy grab-bag, no consistent theme"
2626,0.2,16,0.925,xml,"['fabric', 'is', 'xml', 'focused', 'xml', 'this', 'into', 'the']",q1_lowest,10,0.311708565894003,"noisy grab-bag, no consistent theme"
2644,0.1,11,0.939,241,"['241', '`,', 'latter', '171', 'difficult', 'render', '21', 'shall', 'spot', 'friday']",q1_lowest,1,0.4421565494424116,mixed grab-bag: sports/entertainment narrative + citation lists
2694,0.3,50,1.106,+++,"['+++', 'applicable', 'since', '+++', '+++', 'otherwise', ')-', 'the', 'deems', 'accommodations']",q1_lowest,0,0.4427536705780886,"noisy grab-bag, no consistent theme"
2702,0.1,19,0.993,ago,"['ago', 'entitled', 'fired', 'server', 'olds', 'others', '),', 'behind', 'students', 'exists']",q1_lowest,3,0.3124074948023774,"mixed technical/reporting prose, weak comparison-word theme (latter/past/same)"
2709,0.4,50,1.115,long,"['long', 'or', 'long', 'long', 'variety', 'had', 'realizing', 'long', 'until', 'our']",q1_lowest,5,0.3490989297095451,"noisy grab-bag, no consistent theme"
2711,0.1,35,1.033,'),"[""')"", 'two', 'antarctica', ""'"", 'lp', 'terms', 'regardless', 'partnership', 'west', 'eur']",q1_lowest,0,0.2547451558382523,"noisy grab-bag, no consistent theme"
2746,0.3,50,1.087,blink,"['blink', 'blink', 'can', 'who', 'and', 'g', 'merits', 'variable', 'couldn', 'blink']",q1_lowest,3,0.38071280299015337,"mixed technical/reporting prose, weak comparison-word theme (latter/past/same)"
2755,0.4,50,1.074,into,"['10', 'perm', 'proven', 'cur', 'into', 'into', 'into', 'per', 'into']",q1_lowest,7,0.3294241992086585,"noisy grab-bag, no consistent theme"
2759,0.1,11,0.928,contemplating,"['contemplating', 'his', 'moderate', 'detecting', 'carbon', 'no', 'approx', '04', 'towards', 'risk']",q1_lowest,9,0.3092103191629736,large-number reporting (billion/million/hundred) + technical/scientific grab-bag
2786,0.1,14,0.977,them,"['them', '\\\\', 'each', 'he', '`', '=', 'time', 'one', '0', '80']",q1_lowest,9,0.3491801608512345,large-number reporting (billion/million/hundred) + technical/scientific grab-bag
2805,0.1,50,1.069,rapport,"['rapport', 'circles', 'him', 'unless', 'they', 'when', 'looking', 'spring', 'october', 'turning']",q1_lowest,3,0.2881227681886962,"mixed technical/reporting prose, weak comparison-word theme (latter/past/same)"
2824,0.1,40,1.036,>,"['>', 'court', 'twenty', 'cut', 'at', ""'ve"", '].', 'course', 'march', 'direct']",q1_lowest,9,0.35742854689784687,large-number reporting (billion/million/hundred) + technical/scientific grab-bag
2838,0.4,10,0.942,nothing,"['nothing', 'both', 'manner', 'crumble', 'elsewhere', 'others', 'nothing', 'nothing', 'nothing', 'until']",q1_lowest,1,0.39678730452628613,mixed grab-bag: sports/entertainment narrative + citation lists
2850,0.1,10,0.889,afraid,"['afraid', 'neither', 'not', 'called', 'lightning', 'next', 'the', 'protector', 'org', 'disk']",q1_lowest,10,0.2939122259389718,"noisy grab-bag, no consistent theme"
2886,0.2,20,1.076,in,"['something', '=>', '?', 'had', 'in', 'in', '1988', 'this', 'last', 'probe']",q1_lowest,6,0.30871213496989025,"hyphenated compound modifiers (follow-up, in-game) + entertainment/pop-culture prose"
2888,0.3,11,0.922,were,"['were', 'were', 'others', 'were', 'seasons', 'pairs', '|', 'had', 'been', 'latter']",q1_lowest,0,0.3981053519534729,"noisy grab-bag, no consistent theme"
2889,0.1,50,1.113,tomorrow,"['tomorrow', 'nice', 'today', 'sunday', 'fields', 'b', 'friday', '!.', 'scene', 'tuesday']",q1_lowest,11,0.3051925114424408,demonstrative 'that' introducing a quoted/reported clause
2894,0.2,12,0.916,frac,"['30', 'outnumbered', 'manuals', 'measuring', 'into', 'frac', 'frac', 'quad', 'quad', 'corpses']",q1_lowest,5,0.3861096048458669,"noisy grab-bag, no consistent theme"
2906,0.2,43,1.116,and,"['standard', 'latter', 'johnson', 'and', 'commenter', 'and', 'diet', 'former', 'guardian', 'proceedings']",q1_lowest,5,0.3939967329867455,"noisy grab-bag, no consistent theme"
2924,0.2,39,1.017,out,"['with', 'professionals', 'measure', 'out', 'participation', ',', 'out', 'governing', 'aspects', 'at']",q1_lowest,4,0.3235524307221578,'in this respect/sense' hedge-phrase family + generic prepositions
2939,0.1,50,1.055,contingent,"['contingent', 'verify', 'hundred', 'category', 'responsibility', 'calculated', 'the', '.', 'prescribing', ').']",q1_lowest,9,0.268845543237084,large-number reporting (billion/million/hundred) + technical/scientific grab-bag
2952,0.2,10,0.901,defaults,"['memory', 'defaults', 'repositories', 'perspectives', 'defaults', 'relying', 'default', 'return', 'accordance', 'respect']",q1_lowest,8,0.3518083402885814,comparison/whole-part nouns (counterparts/complexity/entire) + grandiose rhetorical predicate nouns
2953,0.2,35,1.058,it,"['07', 'it', 'habit', 'element', 'element', 'come', 'it', 'file', 'film', 'project']",q1_lowest,4,0.3378929667783242,'in this respect/sense' hedge-phrase family + generic prepositions
2957,0.1,12,0.92,wearing,"['wearing', 'disadvantages', 'whose', 'tired', 'seasons', 'lest', 'downtime', 'challenges', 'resistance', 'blocks']",q1_lowest,8,0.35039189034453305,comparison/whole-part nouns (counterparts/complexity/entire) + grandiose rhetorical predicate nouns
2959,0.2,18,1.038,too,"['too', 'lower', '162', 'started', 'too', 'manufactures', '165', 'gathered', '120', 'little']",q1_lowest,0,0.3115254579119281,"noisy grab-bag, no consistent theme"
2960,0.1,13,0.958,",","[',', 'around', 'wishing', 'how', 'day', 'two', 'of', 'notice', 'million', 'adjusting']",q1_lowest,13,0.3024049633857887,"noisy grab-bag, no consistent theme"
2966,0.2,19,1.046,photo,"['had', 'photo', '/', 'photo', 'images', '2000', 'worked', 'casino', 'smoking', 'couldn']",q1_lowest,5,0.372289104856324,"noisy grab-bag, no consistent theme"
27,0.4,50,1.397,not,"['not', 'others', 'not', 'not', 'region', 'not', 'way', 'way', 'way', 'others']",q2,6,0.38014573675359203,"noisy grab-bag, no consistent theme"
31,0.2,50,1.146,&,"['&', 'depend', 'variable', 'cook', 'activates', 'and', 'establish', 'effects', '&', 'host']",q2,9,0.3422395503128412,noisy literary/narrative grab-bag
40,0.3,50,1.264,conference,"['conference', 'association', 'conference', 'academy', 'hampshire', 'audience', 'introduction', 'association', 'conference', 'introduction']",q2,4,0.4123433594450262,"regulatory/permit-document vocabulary (NOTE, general permit, vulnerable)"
41,0.4,50,1.207,jews,"['jews', 'jews', 'jews', 'produce', 'jews', 'principal', 'protected', 'produce', 'studio', 'pipe']",q2,0,0.31364951669412894,possessive-apostrophe ownership construction (X's/Xs') + acquisition verbs
42,0.2,50,1.2,he,"['discard', 'hall', 'he', 'he', 'doesn', '@', 'even', 'chest', 'good', 'hands']",q2,9,0.3449171583465819,noisy literary/narrative grab-bag
46,0.1,50,1.267,lockdown,"['lockdown', 'infrastructure', '];', 'who', 'individuals', 'distance', 'leaders', 'urls', 'buildings', 'duke']",q2,12,0.2526993671276389,"policy/infrastructure reporting prose (lockdown, colonial infrastructure, community risk)"
66,0.1,50,1.302,chances,"['chances', 'which', 'hate', 'thankfully', 'definitely', 'like', 'necessary', 'nice']",q2,9,0.322959999371038,noisy literary/narrative grab-bag
71,0.3,50,1.24,been,"['because', 'been', 'while', 'therefore', 'been', 'been', 'yearly', 'is', 'was', 'previously']",q2,13,0.3783450103717406,'in whole or in part' contract-boilerplate + 'thereby' causal connective
82,0.2,50,1.417,",","[',', 'resembles', 'could', 'liked', 'relative', 'related', '.', ',', 'approaches', 'and']",q2,11,0.3827339803425559,percentage/statistical-figure reporting + 'part of' geographic description
85,0.1,50,1.364,varieties,"['varieties', 'composed', 'select', 'nor', 'which', 'less', 'although', 'section', 'out', 'fellow']",q2,0,0.3114079427702037,possessive-apostrophe ownership construction (X's/Xs') + acquisition verbs
91,0.4,25,1.161,heard,"['heard', 'heard', 'knew', 'heard', 'met', 'heard', 'known', 'knew', 'enough', 'met']",q2,13,0.4083050832681714,'in whole or in part' contract-boilerplate + 'thereby' causal connective
104,0.2,50,1.381,involve,"['involve', 'involve', 'require', 'have', 'ensures', 'require', 'mandates', 'proposes', 'in', '&']",q2,9,0.38255732236502243,noisy literary/narrative grab-bag
133,0.3,50,1.24,another,"['without', 'within', 'another', 'within', 'another', 'very', 'only', 'various', 'rated', 'another']",q2,3,0.36472768336697037,"noisy grab-bag, no consistent theme"
135,0.2,50,1.246,per,"['copy', 'no', 'thanks', 'nor', 'per', 'alternative', 'upon', 'per', 'find', 'and']",q2,9,0.32599293211039293,noisy literary/narrative grab-bag
136,0.4,50,1.334,',"['paragraph', ""'"", 'we', 'we', 'request', ""'"", ""'"", 'paragraph', 'paragraph', ""'""]",q2,8,0.3434912012668365,"quoted/reported questions ('what...?', 'as it is said') + formal-organization nouns"
152,0.1,50,1.185,their,"['their', 'mutual', 'vulnerable', 'general', 'high', 'provisions', 'âģĵ', 'they', 'an', '-']",q2,4,0.2926785010623625,"regulatory/permit-document vocabulary (NOTE, general permit, vulnerable)"
157,0.1,50,1.198,most,"['most', 'yes', 'nord', 'growing', 'counts', 'and', 'needs', 'potential', 'count']",q2,8,0.3438251455948539,"quoted/reported questions ('what...?', 'as it is said') + formal-organization nouns"
165,0.1,50,1.194,spinal,"['spinal', 'reputation', 'expertise', 'wishes', 'revenues', '66', 'thence', 'fantasies', 'sooner', 'par']",q2,6,0.3645142531706647,"noisy grab-bag, no consistent theme"
178,0.2,50,1.139,kind,"['kind', 'kind', 'character', 'third', 'second', 'turn', 'second', 'such', 'heart', 'mr']",q2,1,0.2946461880118436,ordinal-enumeration words (Second/Third) + 'kind' idiom
198,0.2,50,1.268,difference,"['4', 'difference', 'difference', 'point', 'mr', 'cons', 'there', 'absolutely', 'with', 'with']",q2,11,0.30825123044386693,percentage/statistical-figure reporting + 'part of' geographic description
216,0.2,50,1.167,only,"['only', 'deed', 'damn', 'buying', 'comments', 'sat', 'gall', 'only', 'passing', 'just']",q2,6,0.2890821359065408,"noisy grab-bag, no consistent theme"
218,0.2,50,1.337,html,"['degrees', 'hospitals', 'html', 'an', 'that', 'that', 'html', 'of', 'cultures', 'conservation']",q2,0,0.3367083432488438,possessive-apostrophe ownership construction (X's/Xs') + acquisition verbs
236,0.4,50,1.381,sustainable,"['sustainable', 'purpose', 'sustainable', 'sustainable', 'sustainable', 'kinds', 'notified', 'purpose', 'that', 'purpose']",q2,5,0.3261944424579153,"software/product-requirements vocabulary (version, needs, platform, domain)"
256,0.2,50,1.418,ml,"['et', 'rate', 'ml', 'ml', 'respective', 'such', 'an', 'series', 'coupon', 'coupled']",q2,5,0.305214058624974,"software/product-requirements vocabulary (version, needs, platform, domain)"
328,0.3,50,1.299,latter,"['one', 'whose', 'mild', 'another', 'latter', 'whom', 'if', 'latter', 'latter', 'if']",q2,7,0.30537190488857524,"noisy grab-bag, no consistent theme"
334,0.2,50,1.208,@,"['sent', '>,', '@', 'wound', '@', ""',"", 'heard', 'into', 'https', 'tue']",q2,10,0.38433525053314893,sports-stat citations (.XXX average) + 'Mr.'/board-game vocabulary
337,0.1,50,1.436,requisite,"['requisite', 'ultimate', 'that', 'needed', 'did', 'also', 'were', 'kept', ',', 'very']",q2,0,0.31468712274057453,possessive-apostrophe ownership construction (X's/Xs') + acquisition verbs
347,0.1,50,1.384,groups,"['groups', 'four', 'kingdoms', 'thursday', 'riots', 'utilities', 'fuels', 'brightness', 'summers', 'ingredients']",q2,12,0.3080059198921617,"policy/infrastructure reporting prose (lockdown, colonial infrastructure, community risk)"
348,0.3,50,1.332,of,"['when', 'of', 'launched', ',', 'of', '],', ')', 'of', 'available', 'had']",q2,0,0.3494044264134213,possessive-apostrophe ownership construction (X's/Xs') + acquisition verbs
360,0.2,50,1.291,""",""","[',""', '"",""', 'whose', 'root', 'throughout', 'terrestrial', 'throughout', 'diverse', 'downstream', '"",""']",q2,8,0.40449142777837627,"quoted/reported questions ('what...?', 'as it is said') + formal-organization nouns"
384,0.4,29,1.138,oct,"['oct', 'oct', 'outreach', 'oct', 'aim', 'october', 'oct', '10', 'october', 'products']",q2,10,0.41910279449709575,sports-stat citations (.XXX average) + 'Mr.'/board-game vocabulary
409,0.2,50,1.159,600,"['communities', 'catalonia', 'www', '600', 'all', '600', 'until', 'hampshire', 'to', 'fragments']",q2,2,0.33217487468823476,citation/technical-spec grab-bag
414,0.2,50,1.41,image,"['introduced', 'image', 'image', 'whole', 'ago', 'ago', 'detail', 'tougher', 'â»', ""'s""]",q2,13,0.28637126542039276,'in whole or in part' contract-boilerplate + 'thereby' causal connective
417,0.4,50,1.371,list,"['list', ""?'"", ""?'"", ""?'"", 'there', 'delayed', 'list', 'i', 'list', 'list']",q2,8,0.3927620372555347,"quoted/reported questions ('what...?', 'as it is said') + formal-organization nouns"
426,0.4,20,1.223,n,"['.', 'n', '15', '15', 'n', '.', 'n', 'n', 'j', 'vt']",q2,10,0.4849712151399482,sports-stat citations (.XXX average) + 'Mr.'/board-game vocabulary
444,0.3,27,1.359,farmer,"['farmer', 'were', 'farmer', 'wi', 'wi', 'farmers', 'farmer', 'were', 'farmers', 'farmers']",q2,3,0.3993848914155483,"noisy grab-bag, no consistent theme"
459,0.1,50,1.319,09,"['09', 'a', 'rather', 'world', 'difficulty', '10', 'use', 'weeds', 'complexity', 'chromosomes']",q2,12,0.2953701683245482,"policy/infrastructure reporting prose (lockdown, colonial infrastructure, community risk)"
460,0.4,50,1.344,kind,"['spite', 'kind', 'reaffirmed', 'kind', 'human', 'kind', 'kind', 'sort', 'spite', 'whole']",q2,13,0.3179817096426822,'in whole or in part' contract-boilerplate + 'thereby' causal connective
473,0.2,50,1.389,kind,"['parts', 'also', 'kind', 'kinds', 'now', 'them', '>', 'kinds', 'kind', 'sure']",q2,13,0.3212041911976086,'in whole or in part' contract-boilerplate + 'thereby' causal connective
507,0.3,50,1.281,mr,"['mr', 'board', 'deb', 'mr', 'board', 'mr', '+', 'people', 'problem', 'board']",q2,10,0.3111294267928274,sports-stat citations (.XXX average) + 'Mr.'/board-game vocabulary
510,0.1,50,1.28,right,"['right', 'second', 'a', 'limited', '-', 'little', 'one', 'c', '@']",q2,8,0.33576278969633383,"quoted/reported questions ('what...?', 'as it is said') + formal-organization nouns"
511,0.2,50,1.244,sure,"['arse', 'sure', 'lo', 'hear', 'convinced', 'same', 'it', 'sure', 'to', 'prized']",q2,9,0.32969170537665665,noisy literary/narrative grab-bag
514,0.1,50,1.245,on,"['on', 'upon', 'next', 'one', 'themselves', 'recent', 'in', 'the', 'moments', 'welcome']",q2,10,0.331013475109341,sports-stat citations (.XXX average) + 'Mr.'/board-game vocabulary
517,0.3,50,1.148,of,"['of', 'seemingly', 'concepts', 'physical', 'of', 'linguistic', 'fresh', 'renewed', 'of', 'an']",q2,7,0.31863519814727703,"noisy grab-bag, no consistent theme"
523,0.2,50,1.149,02,"['02', 'clench', 'association', 'period', 'emergence', 'tall', '87', 'association', 'their', '02']",q2,7,0.2766647083321426,"noisy grab-bag, no consistent theme"
535,0.2,50,1.141,up,"['up', 'attended', 'collected', 'accounting', 'got', 'up', 'after', 'gathering', 'obligation', 'rushed']",q2,4,0.34108750783172775,"regulatory/permit-document vocabulary (NOTE, general permit, vulnerable)"
543,0.2,50,1.355,acquainted,"['m', 'begin', 'onto', 'order', 'acquainted', 'arise', '22', 'to', 'until', 'acquainted']",q2,8,0.3561319502413937,"quoted/reported questions ('what...?', 'as it is said') + formal-organization nouns"
544,0.2,50,1.193,types,"['checked', 'types', 'who', 'who', 'e', 'types', 'while', 'maybe', 'without', 'located']",q2,11,0.3269715484486967,percentage/statistical-figure reporting + 'part of' geographic description
554,0.4,40,1.318,scripts,"['finances', '1926', 'scripts', 'script', 'scripts', 'scripts', 'scripts', 'bonds', 'script']",q2,5,0.34653220004699653,"software/product-requirements vocabulary (version, needs, platform, domain)"
561,0.2,50,1.345,attended,"['whose', 'attended', 'had', 'industries', 'www', 'nationality', 'ye', 'cultures', 'ever', 'attended']",q2,8,0.2794487545478387,"quoted/reported questions ('what...?', 'as it is said') + formal-organization nouns"
579,0.3,11,1.24,15,"['15', '15', 'so', '15', 'so', 'should', '3', '3', 'than', '[]']",q2,1,0.5539261891650928,ordinal-enumeration words (Second/Third) + 'kind' idiom
593,0.2,50,1.302,least,"['crime', 'least', 'also', 'be', 'na', 'unit', 'titles', 'unit', 'while', 'least']",q2,2,0.3015527609866415,citation/technical-spec grab-bag
608,0.3,50,1.17,little,"['little', 'little', 'little', 'deal', 'bound', 'bound', 'bound', 'cast', 'called', ')']",q2,10,0.38299703499060717,sports-stat citations (.XXX average) + 'Mr.'/board-game vocabulary
621,0.2,50,1.218,particular,"['religion', 'publications', 'sophomore', 'particular', 'particular', 'judicial', 'v', 'and', '42']",q2,8,0.3124525879512264,"quoted/reported questions ('what...?', 'as it is said') + formal-organization nouns"
636,0.3,14,1.175,hires,"['hires', 'hires', 'l', 'hires', 'banned', 'guy', 'abl', 'eval', 'hire', 'thought']",q2,12,0.3730787011262403,"policy/infrastructure reporting prose (lockdown, colonial infrastructure, community risk)"
654,0.2,50,1.425,equivalent,"['ideas', 'field', 'equivalent', 'last', 'experience', 'relation', 'energy', 'character', 'happy', 'equivalent']",q2,5,0.33455196406520005,"software/product-requirements vocabulary (version, needs, platform, domain)"
688,0.2,50,1.186,everybody,"['fine', 'somewhere', 'everyone', 'ah', 'former', 'thanks', 'everybody', 'oh', 'everybody', 'so']",q2,13,0.3331367112556825,'in whole or in part' contract-boilerplate + 'thereby' causal connective
711,0.2,50,1.195,can,"['same', 'real', 'entire', 'image', 'can', 'can', 'the', 'half', 'direct', 'condition']",q2,2,0.3071347892898528,citation/technical-spec grab-bag
715,0.2,28,1.321,wishes,"['wishes', 'conferred', 'wishes', 'conferred', 'bestowed', 'shall', 'wished', 'advises', 'requesting', 'wish']",q2,0,0.39829131586643274,possessive-apostrophe ownership construction (X's/Xs') + acquisition verbs
757,0.3,38,1.154,&&,"['sadly', 'sadly', '&&', 'provides', '&&', 'would', 'and', 'issue', '&&', 'proposes']",q2,8,0.4624273103205351,"quoted/reported questions ('what...?', 'as it is said') + formal-organization nouns"
759,0.3,50,1.294,operating,"['operating', 'eden', 'operating', 'natural', 'means', 'represented', 'means', 'operating', 'node', 'logged']",q2,12,0.30321130344289554,"policy/infrastructure reporting prose (lockdown, colonial infrastructure, community risk)"
773,0.4,25,1.289,coin,"['coin', 'coin', 'dollar', 'vector', 'coin', 'v', 'coin', 'byte', 'v', 'feature']",q2,12,0.3821791779540947,"policy/infrastructure reporting prose (lockdown, colonial infrastructure, community risk)"
786,0.4,50,1.137,would,"['would', 'would', 'would', 'pair', 'would', 'create', 'prison', 'number', 'thereof', 'basic']",q2,2,0.3178101476393934,citation/technical-spec grab-bag
808,0.2,50,1.371,|,"['first', 'last', '|', '"").', 'lines', 'replies', '|', 'contents', '/', 'blues']",q2,6,0.38985734732630856,"noisy grab-bag, no consistent theme"
840,0.1,50,1.123,wake,"['wake', 'communities', 'don', 'name', 'association', 'many', 'quantities', 'full', 'victorian', 'associations']",q2,8,0.2996218208289777,"quoted/reported questions ('what...?', 'as it is said') + formal-organization nouns"
865,0.3,50,1.35,very,"['very', 'somebody', 'very', 'http', ',', 'previous', 'very', 'articles', 'supplemental', 'favourite']",q2,1,0.3307608342428268,ordinal-enumeration words (Second/Third) + 'kind' idiom
870,0.1,50,1.28,what,"['what', 'version', 'promotion', 'instead', 'far', 'whether', 'their', '[', 'were', 'host']",q2,8,0.2704392252776129,"quoted/reported questions ('what...?', 'as it is said') + formal-organization nouns"
875,0.2,50,1.399,son,"['foregoing', 'those', 'possession', 'son', 'phenomena', 'substance', 'workshops', 'son', '261', '301']",q2,5,0.34450826203951784,"software/product-requirements vocabulary (version, needs, platform, domain)"
885,0.4,50,1.416,whole,"['whole', 'which', 'whole', 'builders', 'whole', 'sorry', 'want', 'buyer', 'hate', 'whole']",q2,13,0.3750977203029601,'in whole or in part' contract-boilerplate + 'thereby' causal connective
898,0.2,50,1.366,things,"['\\', 'things', 'whose', '**', '*.', 'understands', 'parameter', 'and', 'things', 'and']",q2,5,0.3115296329864545,"software/product-requirements vocabulary (version, needs, platform, domain)"
907,0.3,35,1.222,appreciate,"['like', 'appreciate', 'appreciate', 'love', 'creators', 'love', 'appreciate', 'pleases', 'start', 'like']",q2,13,0.41982228853997533,'in whole or in part' contract-boilerplate + 'thereby' causal connective
921,0.3,50,1.434,such,"['such', 'respondent', 'such', 'adequately', 'he', 'such', 'predictor', 'they', 'pace', '10']",q2,4,0.3268338756141518,"regulatory/permit-document vocabulary (NOTE, general permit, vulnerable)"
922,0.3,50,1.184,don,"['don', 'into', 'vs', 'in', 'into', 'in', 'in', 'me', 'don', 'don']",q2,2,0.36872672539942214,citation/technical-spec grab-bag
938,0.1,33,1.133,others,"['others', 'exchanged', 'aren', '36', '19', 'isn', '90', 'and', 'don', 'haven']",q2,8,0.4852810610510835,"quoted/reported questions ('what...?', 'as it is said') + formal-organization nouns"
947,0.2,50,1.417,:,"['recovery', 'gears', 'chronicles', 'the', ':', 'world', 'whom', 'enough', 'in', ':']",q2,10,0.3848926717891095,sports-stat citations (.XXX average) + 'Mr.'/board-game vocabulary
950,0.3,50,1.304,created,"['created', 'created', 'created', '"">', 'â·', 'former', 'founded', '|', 'into', 'k']",q2,8,0.34152903624262204,"quoted/reported questions ('what...?', 'as it is said') + formal-organization nouns"
976,0.4,33,1.177,%,"['%', 'a', '%', '%', '%', 'of', '.', 'of', 'lbs', 'next']",q2,11,0.3045212664705478,percentage/statistical-figure reporting + 'part of' geographic description
986,0.3,50,1.325,collective,"['it', 'collective', 'leaves', 'plants', 'collective', 'leaves', 'same', 'holder', 'collective', 'holder']",q2,0,0.38445259477594046,possessive-apostrophe ownership construction (X's/Xs') + acquisition verbs
1001,0.4,50,1.383,use,"['use', 'use', 'use', 'regional', 'themes', 'impression', 'use', 'used', 'sorts', 'call']",q2,2,0.2938729402769853,citation/technical-spec grab-bag
1011,0.4,19,1.285,it,"['referendum', 'referendum', 'it', 'referendum', 'had', 'it', 'it', 'and', 'she', 'it']",q2,10,0.35822364469565243,sports-stat citations (.XXX average) + 'Mr.'/board-game vocabulary
1039,0.3,23,1.228,if,"['if', "":'"", "":'"", 'if', "":'"", 'di', "",''"", 'of', 'if']",q2,9,0.4194242465279983,noisy literary/narrative grab-bag
1057,0.4,23,1.126,close,"['close', 'clothing', 'close', 'close', 'closer', 'delete', 'near', 'close', 'fedora', 'closer']",q2,3,0.3680839740833073,"noisy grab-bag, no consistent theme"
1063,0.3,50,1.302,the,"['exposures', 'coupled', 'the', 'the', 'systems', '-', 'whoever', 'if', 'the', 'who']",q2,9,0.37064246825466923,noisy literary/narrative grab-bag
1099,0.1,50,1.166,played,"['played', 'culture', 'took', 'managed', 'trailed', 'who', 'festivities', 'k', 'cost', 'cultures']",q2,2,0.2980060677006563,citation/technical-spec grab-bag
1103,0.2,50,1.343,i,"['they', 'trying', 'try', 'there', 'i', 'a', '.', 'how', 'i', 'isn']",q2,9,0.37836599851580166,noisy literary/narrative grab-bag
1104,0.3,31,1.182,clock,"['clock', 'give', 'give', 'with', 'clock', 'clock', 'calendar', 'known', 'there', 'money']",q2,3,0.27724625282097004,"noisy grab-bag, no consistent theme"
1154,0.3,50,1.287,countries,"['climates', 'in', 'sunlight', 'countries', 'americans', 'in', 'countries', 'concepts', 'evenly', 'countries']",q2,12,0.36781385309519593,"policy/infrastructure reporting prose (lockdown, colonial infrastructure, community risk)"
1169,0.3,50,1.357,of,"['not', 'some', 'not', 'credits', 'of', 'of', 'got', 'of', 'from', 'got']",q2,11,0.3088175553510054,percentage/statistical-figure reporting + 'part of' geographic description
1181,0.2,50,1.224,direct,"['responsible', 'direct', 'certain', 'if', 'part', 'modifying', 'direct', 'certain', 'remote', 'controlled']",q2,4,0.3207221614178176,"regulatory/permit-document vocabulary (NOTE, general permit, vulnerable)"
1187,0.3,50,1.131,matter,"['fifth', 'hit', 'matter', 'your', 'matter', 'car', ',', 'matter', 'host', 'time']",q2,10,0.33726836563887364,sports-stat citations (.XXX average) + 'Mr.'/board-game vocabulary
1209,0.1,50,1.177,0,"['0', 'basis', 'lot', '},', 'least', 'the', 'phase', 'shall', '-', '00']",q2,9,0.38581649861044337,noisy literary/narrative grab-bag
1214,0.1,50,1.189,salon,"['salon', 'pacific', 'meeting', 'championships', 'games', 'martin', 'ones', 'hubs', 'one', 'africans']",q2,12,0.3160934389122626,"policy/infrastructure reporting prose (lockdown, colonial infrastructure, community risk)"
1221,0.3,50,1.406,necessary,"['necessary', 'assigning', 'rarely', 'right', 'necessary', 'sure', 'arrays', 'delays', 'necessary', 'right']",q2,12,0.4402855593541136,"policy/infrastructure reporting prose (lockdown, colonial infrastructure, community risk)"
1232,0.1,50,1.383,concentrations,"['concentrations', 'analysis', 'constants', 'forms', 'art', 'scattered', 'accessed', 'partial', 'paths', 'arrangements']",q2,5,0.3390113125145838,"software/product-requirements vocabulary (version, needs, platform, domain)"
1237,0.2,50,1.426,better,"['better', 'were', 'better', 'knew', 'part', 'before', 'part', 'meaning', 'association', 'known']",q2,11,0.3150060142231305,percentage/statistical-figure reporting + 'part of' geographic description
1259,0.4,50,1.139,out,"['to', 'out', 'in', 'whom', 'u', 'out', 'u', 'into', 'out', 'out']",q2,10,0.41612273447955794,sports-stat citations (.XXX average) + 'Mr.'/board-game vocabulary
1284,0.1,50,1.282,others,"['others', ""''"", 'long', 'stitches', '5', 'another', 'before', 'furry', '12', 'i']",q2,7,0.28094591964983523,"noisy grab-bag, no consistent theme"
1392,0.3,50,1.29,play,"[""'s"", 's', 'play', 'whole', '.', 'play', 've', 'play', 're', '.']",q2,10,0.3892286724437084,sports-stat citations (.XXX average) + 'Mr.'/board-game vocabulary
1423,0.2,50,1.276,part,"['it', 'part', 'there', 'part', '14', 'process', 'thing', 'was', 'than', '.']",q2,11,0.2628280384958171,percentage/statistical-figure reporting + 'part of' geographic description
1458,0.2,50,1.236,former,"['former', 'former', 'away', 'space', 'months', 'awards', 'course', 'recent', 'and', 'improving']",q2,2,0.33883973601437456,citation/technical-spec grab-bag
1503,0.1,21,1.129,len,"['len', 'longest', 'second', 'unsigned', 'complying', 'unmatched', 'until', 'came', 'methodology', 'occupants']",q2,7,0.38039871336505876,"noisy grab-bag, no consistent theme"
1509,0.2,50,1.128,extends,"['ion', 'vs', 'external', 'extends', 'sometimes', 'customer', 'extends', 'when', 'got', 'in']",q2,3,0.3873118102909644,"noisy grab-bag, no consistent theme"
1513,0.2,50,1.429,use,"['weights', 'mission', 'made', 'with', 'purpose', 'use', 'find', 'journey', 'pair', 'use']",q2,5,0.30783582757694994,"software/product-requirements vocabulary (version, needs, platform, domain)"
1551,0.4,50,1.312,without,"['without', 'before', 'without', 'part', 'approaches', 'without', 'without', 'closest', 'wary', 'levels']",q2,11,0.3897152590666796,percentage/statistical-figure reporting + 'part of' geographic description
1552,0.2,50,1.396,named,"['named', 'named', 'definite', 'average', 'specific', 'launches', '1600', 'he', 'championships', '1']",q2,5,0.3483340256979644,"software/product-requirements vocabulary (version, needs, platform, domain)"
1570,0.2,50,1.237,lively,"['lively', 'costs', 'deleted', 'with', 'lively', 'restless', 'either', 'agents', 'unnatural', 'within']",q2,1,0.33778864986577295,ordinal-enumeration words (Second/Third) + 'kind' idiom
1595,0.4,50,1.266,",","[',', ',', ':', '-', 'third', 'into', ',', 'into', ',', 'are']",q2,4,0.474424941398932,"regulatory/permit-document vocabulary (NOTE, general permit, vulnerable)"
1623,0.3,50,1.253,advancements,"['into', 'versions', 'advancements', 'and', 'advancements', 'within', 'accessible', 'advancements', 'a', 'upgrades']",q2,0,0.32924065641802785,possessive-apostrophe ownership construction (X's/Xs') + acquisition verbs
1627,0.2,50,1.325,charge,"['what', 'charge', 'his', 'here', ""'s"", 'charge', 'her', 'now', 'progress', 'his']",q2,0,0.3482469566346658,possessive-apostrophe ownership construction (X's/Xs') + acquisition verbs
1643,0.2,50,1.223,that,"['that', 'ibn', 'nobody', 'that', 'when', 'usual', 'my', 'in', 'truth', 'with']",q2,9,0.27390268966436804,noisy literary/narrative grab-bag
1666,0.4,50,1.188,going,"['location', 'going', '),', '\\)', 'going', 'going', 'going', 'now', 'taking', 'times']",q2,6,0.3355179892415913,"noisy grab-bag, no consistent theme"
1685,0.3,50,1.313,this,"['this', 'something', 'something', 'this', 'something', 'shall', 'this', 'workers', 'i', 'become']",q2,3,0.368108871436409,"noisy grab-bag, no consistent theme"
1694,0.1,50,1.411,.,"['.', 'degree', 'profit', 'a', '92', 'deb', 'held', '$', 'computer', 'flat']",q2,10,0.29912289785794627,sports-stat citations (.XXX average) + 'Mr.'/board-game vocabulary
1714,0.2,50,1.209,grab,"['grab', 'lookout', 'order', 'lookout', 'toggle', 'an', 'allows', 'grab', 'shouldn', 'allowed']",q2,3,0.3709455871477421,"noisy grab-bag, no consistent theme"
1732,0.2,50,1.36,array,"['>', ':', 'array', 'able', ',', 'were', 'array', 'that', ""',"", 'and']",q2,9,0.33196715835503376,noisy literary/narrative grab-bag
1738,0.1,50,1.386,far,"['far', 'limited', '}', 'a', 'return', 'thought', 'nothing', 'need', 'cost', '//']",q2,13,0.35312049465442663,'in whole or in part' contract-boilerplate + 'thereby' causal connective
1739,0.2,50,1.228,medium,"['guardian', 'medium', 'magazines', 'china', 'jordan', '14', 'medium', 'moderate', 'secretary', 'quality']",q2,7,0.3509939506457205,"noisy grab-bag, no consistent theme"
1765,0.1,50,1.384,physically,"['physically', 'contributing', 'such', 'exciting', 'adapting', 'succeeded', 'adapted', 'witness', 'experienced', 'evidenced']",q2,5,0.32388828912709305,"software/product-requirements vocabulary (version, needs, platform, domain)"
1776,0.2,50,1.39,something,"['turn', 'something', 'when', 'something', ""'"", 'this', 'somewhere', 'part', 'like', 'way']",q2,3,0.2970902470501058,"noisy grab-bag, no consistent theme"
1782,0.1,50,1.256,charge,"['charge', 'finally', 'realization', 'turn', 'curing', '**', 'truly', 'kinds', '`', 'out']",q2,10,0.4039922841962066,sports-stat citations (.XXX average) + 'Mr.'/board-game vocabulary
1783,0.2,50,1.317,senators,"['senators', "".''"", "".''"", 'the', 'the', 'co', 'senators', 'patients', '].', 'month']",q2,12,0.3930068349161641,"policy/infrastructure reporting prose (lockdown, colonial infrastructure, community risk)"
1796,0.1,13,1.141,excellence,"['excellence', 'course', 'courses', '(%', 'masters', 'form', '-', 'explorer', 'enterprise']",q2,8,0.34108408997097217,"quoted/reported questions ('what...?', 'as it is said') + formal-organization nouns"
1798,0.2,50,1.421,",","['instructor', '1960', 'prohibits', ',', '),', 'contents', ',', 'best', 'areas', 'coronary']",q2,12,0.30277481442247267,"policy/infrastructure reporting prose (lockdown, colonial infrastructure, community risk)"
1811,0.2,30,1.393,moment,"['consequently', 'moment', 'however', 'nevertheless', 'second', 'otherwise', 'b', 'two', 'moment', 'gone']",q2,1,0.48027270249600235,ordinal-enumeration words (Second/Third) + 'kind' idiom
1813,0.3,26,1.209,mess,"['mess', 'mess', 'messed', 'messed', 'screw', 'mess', 'd', 'messes', 'screw', 'messed']",q2,3,0.46321599392228474,"noisy grab-bag, no consistent theme"
1867,0.3,50,1.361,as,"['as', 'time', '09', 'his', 'whose', 'as', '04', '0', 'as', 'whose']",q2,8,0.285900789597318,"quoted/reported questions ('what...?', 'as it is said') + formal-organization nouns"
1873,0.4,50,1.14,such,"['discard', 'ie', 'master', 'such', 'such', 'if', 'user', 'such', 'such', '/']",q2,8,0.3095014270603481,"quoted/reported questions ('what...?', 'as it is said') + formal-organization nouns"
1878,0.2,50,1.321,partnership,"['partnership', 'whole', 'with', 'collaboration', 'aftermath', 'partnership', 'association', 'travels', 'communities', 'tandem']",q2,6,0.3431520562888031,"noisy grab-bag, no consistent theme"
1883,0.1,50,1.351,it,"['it', 'choose', 'indices', ""':"", 'storm', 'market', '-', 'infection', 'healthcare', 'five']",q2,0,0.28932723073000416,possessive-apostrophe ownership construction (X's/Xs') + acquisition verbs
1897,0.2,50,1.42,harder,"['gather', 'fathers', 'playthrough', 'requirements', 'weather', 'faster', 'sound', 'harder', 'chord', 'harder']",q2,10,0.38094669505894285,sports-stat citations (.XXX average) + 'Mr.'/board-game vocabulary
1931,0.2,50,1.327,got,"['achieved', 'acquired', 'got', 'that', 'surpassed', 'received', 'got', 'this', 'brought', 'completed']",q2,2,0.3432118600752964,citation/technical-spec grab-bag
1965,0.3,50,1.279,version,"['version', 'version', 'everything', 'masterpiece', 'whole', 'spectacle', 'phenomenon', 'masterpiece', 'tornado', 'version']",q2,12,0.35117956147271623,"policy/infrastructure reporting prose (lockdown, colonial infrastructure, community risk)"
1969,0.2,50,1.155,that,"[':', 'that', 'anything', 'that', 'those', 'this', 'wednesday', 'a', 's', 'wednesday']",q2,10,0.3663353908802735,sports-stat citations (.XXX average) + 'Mr.'/board-game vocabulary
1978,0.3,50,1.351,-,"['yourself', '-', 'attributes', 'an', '-', '-', 'credits', 'whenever', 'celebrate', 'every']",q2,12,0.2972284643503642,"policy/infrastructure reporting prose (lockdown, colonial infrastructure, community risk)"
1982,0.3,50,1.309,which,"['lifetime', 'has', 'if', 'until', 'which', 'which', 'assignment', 'depends', 'which', 'elapsed']",q2,7,0.31216129606960397,"noisy grab-bag, no consistent theme"
1992,0.3,50,1.381,sake,"['fool', 'sake', 'sake', 'sake', 'fools', 'weight', 'name', 'standard', 'name', 'name']",q2,6,0.4104889876384835,"noisy grab-bag, no consistent theme"
2002,0.1,50,1.213,dec,"['dec', 'nhs', 'at', 'that', 'was', 'december', 'her', 'it', '.""', 'test']",q2,10,0.3297804388852767,sports-stat citations (.XXX average) + 'Mr.'/board-game vocabulary
2045,0.2,50,1.226,}.,"['00000', '}.', '1000', 'households', 'individual', '}.', 'comprises', '01', '2000', 'madame']",q2,7,0.3392704645229003,"noisy grab-bag, no consistent theme"
2055,0.2,50,1.428,be,"['said', '*/', 'for', 'want', 'be', '=', 'be', '=', 'fully', 'trust']",q2,11,0.322687854896199,percentage/statistical-figure reporting + 'part of' geographic description
2079,0.1,50,1.338,and,"['and', 'thee', '///', 'heal', 'hubs', 'jesus', '}', '.""', 'laboratories', 'trusting']",q2,12,0.2876640769455416,"policy/infrastructure reporting prose (lockdown, colonial infrastructure, community risk)"
2080,0.1,50,1.171,parts,"['parts', 'form', 'total', 'can', 'between', 'best', '/', '24', 'end', 'versions']",q2,3,0.3385815032177373,"noisy grab-bag, no consistent theme"
2117,0.4,50,1.171,-,"['-', '--', '-', 'state', 'which', '-', '-', 'held', 'fans', 'the']",q2,2,0.3529813141339629,citation/technical-spec grab-bag
2126,0.2,50,1.172,a,"['a', 'with', 'with', 'a', 'soon', 'till', 'close', '*', 'whole', 'whole']",q2,11,0.3107994273580391,percentage/statistical-figure reporting + 'part of' geographic description
2128,0.2,50,1.24,only,"['whose', 'from', 'their', 'only', 'classes', 'here', 'part', 'had', 'classes', 'only']",q2,2,0.27961304838032575,citation/technical-spec grab-bag
2129,0.1,14,1.145,fabric,"['fabric', 'front', 'educational', 'putting', 'beans', 'freedom', 'finds', 'next', 'wrap']",q2,9,0.40813934176339056,noisy literary/narrative grab-bag
2137,0.2,50,1.248,learning,"['aspx', 'last', 'learning', 'verse', 'minute', 'think', 'letter', 'learning', 'smallest', 'persons']",q2,2,0.2822958115992734,citation/technical-spec grab-bag
2146,0.1,50,1.403,answered,"['answered', 'posed', 'artifacts', 'done', 'off', 'it', 'communities', 'embraced', 'areas', 'blew']",q2,10,0.3348192040691703,sports-stat citations (.XXX average) + 'Mr.'/board-game vocabulary
2147,0.2,50,1.339,of,"['acknowledge', 'beyond', 'of', 'take', 'cease', 'of', 'aren', 'least', 'eh', 'until']",q2,2,0.3733403092451463,citation/technical-spec grab-bag
2186,0.4,50,1.403,at,"['by', 'part', 'at', 'at', 'at', 'at', 'be', 'across', 'no', 's']",q2,11,0.32575960961084177,percentage/statistical-figure reporting + 'part of' geographic description
2187,0.1,50,1.201,8,"['8', 'he', 'rest', 'other', 'club', 'that', 'choir', 'lasted', 'taste', 'fill']",q2,6,0.30932355645105425,"noisy grab-bag, no consistent theme"
2195,0.1,50,1.395,version,"['version', 'needs', 'builds', 'their', 'friends', 'order', 'client', 'planning', 'goes', 'own']",q2,5,0.2507354325415383,"software/product-requirements vocabulary (version, needs, platform, domain)"
2226,0.2,50,1.164,sudo,"['sudo', 'survive', 'sudo', 'to', 'versus', 'founded', 'reduce', 'who', 'certain', 'appreciate']",q2,5,0.39474779064524296,"software/product-requirements vocabulary (version, needs, platform, domain)"
2228,0.3,50,1.189,the,"['the', 'these', 'followed', 'a', 'the', 'then', 'the', 'british', 'who', 'a']",q2,10,0.3590879530993938,sports-stat citations (.XXX average) + 'Mr.'/board-game vocabulary
2260,0.2,50,1.351,after,"['),', 'after', 'the', '>', 'a', '2', 'after', 'powershell', 'âģĵ', 'p']",q2,11,0.3717638320741833,percentage/statistical-figure reporting + 'part of' geographic description
2296,0.3,50,1.196,that,"['that', 'that', 'check', 'i', 'the', 'that', 'check', 'within', 'the', 'check']",q2,8,0.3665150437464302,"quoted/reported questions ('what...?', 'as it is said') + formal-organization nouns"
2324,0.2,50,1.416,year,"['7', 'year', 'year', 'idea', 'thing', 'work', '18', 'years', 'thing', 'other']",q2,6,0.30726807112153276,"noisy grab-bag, no consistent theme"
2349,0.4,28,1.151,should,"['should', 'hearts', 'should', 'should', 'hadn', 'ought', 'shouldn', 'hadn', 'tend', 'should']",q2,13,0.37855466777456714,'in whole or in part' contract-boilerplate + 'thereby' causal connective
2364,0.3,50,1.294,never,"['thought', 'never', 'wished', 'never', 'moment', 'doors', 'old', 'left', 'never', 'occurred']",q2,6,0.3281888557983037,"noisy grab-bag, no consistent theme"
2368,0.2,50,1.183,been,"['been', '11', 'been', 'couple', 'alpine', 'temporary', 'prayer', '11', 'come', 'engaged']",q2,5,0.3756930688031309,"software/product-requirements vocabulary (version, needs, platform, domain)"
2374,0.1,16,1.324,flat,"['flat', 'to', 'christmas', 'faw', 'victims', 'domain', 'prerogative', 'pur', 'cbs', 'contests']",q2,10,0.35788837286553904,sports-stat citations (.XXX average) + 'Mr.'/board-game vocabulary
2375,0.3,17,1.211,43,"['discard', '43', 'dark', '44', '45', 'eyes', '43', '8', '43', 'ray']",q2,6,0.39378187195021125,"noisy grab-bag, no consistent theme"
2381,0.2,50,1.384,industries,"['health', 'med', 'measures', 'necessary', '/', 'industries', 'marketing', '1', 'mindset', 'industries']",q2,10,0.407266174236213,sports-stat citations (.XXX average) + 'Mr.'/board-game vocabulary
2386,0.1,50,1.177,fen,"['fen', '40', 'particular', 'bureau', 'year', 'more', 'most', ',', 'header', 'the']",q2,8,0.32008675091185435,"quoted/reported questions ('what...?', 'as it is said') + formal-organization nouns"
2395,0.3,48,1.41,such,"['just', 'a', 'requirement', 'renamed', 'such', 'schemes', 'such', 'usd', 'renamed', 'such']",q2,5,0.31251253852567396,"software/product-requirements vocabulary (version, needs, platform, domain)"
2403,0.2,50,1.19,when,"['*/', 'jet', 'between', 'director', 'when', 'judgments', 'when', 'scatter', 'process', 'cultures']",q2,5,0.28558250783915584,"software/product-requirements vocabulary (version, needs, platform, domain)"
2472,0.2,50,1.431,and,"['names', 'came', 'and', 'appeared', 'and', 'liked', 'didn', 'everything', 'february', 'think']",q2,3,0.32446397590313864,"noisy grab-bag, no consistent theme"
2490,0.2,50,1.239,were,"['the', 'were', 'nos', 'shit', 'something', 'were', 'are', '""', 'nos', 'whose']",q2,12,0.32521802605704975,"policy/infrastructure reporting prose (lockdown, colonial infrastructure, community risk)"
2492,0.2,12,1.254,gonna,"['flat', 'sharing', 'dam', 'christmas', '[...]', 'gonna', 'as', 'gonna', 'robin', 'telling']",q2,9,0.3176142283249814,noisy literary/narrative grab-bag
2509,0.2,50,1.229,than,"['its', 'than', 'rise', 'come', 'spring', 'of', 'than', 'explain', 'reaction', 'half']",q2,3,0.2811231743221636,"noisy grab-bag, no consistent theme"
2512,0.3,50,1.333,earlier,"['updated', 'i', 'earlier', 'product', 'retrieved', 'retrieved', 'earlier', 'retrieved', 'earlier', 'industry']",q2,12,0.4163912625169905,"policy/infrastructure reporting prose (lockdown, colonial infrastructure, community risk)"
2513,0.2,50,1.201,void,"['âģ¢', 'sixteen', '());', 'it', 'void', '-$', 'a', '-', 'void', 'dec']",q2,9,0.34524856078040644,noisy literary/narrative grab-bag
2519,0.1,50,1.374,thee,"['thee', 'temperature', 'rise', 'it', 'networks', 'âł', 'freedom', 'sensors', 'birthday', 'respect']",q2,12,0.2602856826680466,"policy/infrastructure reporting prose (lockdown, colonial infrastructure, community risk)"
2520,0.2,50,1.218,uri,"['uri', 'the', 'for', 'and', ',', 'uri', 'behalf', 'behalf', 'underscore', ',']",q2,12,0.3605240680608703,"policy/infrastructure reporting prose (lockdown, colonial infrastructure, community risk)"
2522,0.2,50,1.406,him,"['him', 'mentioned', 'the', 'mentioned', 'they', 'rs', 'the', 'him', 'never', '1']",q2,6,0.32177538352651575,"noisy grab-bag, no consistent theme"
2530,0.1,50,1.145,thought,"['thought', 'aw', 'wanna', 'shall', 'bit', 'members', 'could', 'were', 'yeah', 'about']",q2,13,0.31802917558344623,'in whole or in part' contract-boilerplate + 'thereby' causal connective
2544,0.1,50,1.204,acquire,"['acquire', 'thy', 'good', 'wouldn', 'made', 'gonna', 'related', 'i', 'about', 'respective']",q2,3,0.30574691846901203,"noisy grab-bag, no consistent theme"
2546,0.3,50,1.414,who,"['whom', 'whose', 'justice', 'century', 'who', 'who', 'into', 'who', 'up', 'he']",q2,0,0.3055722464802197,possessive-apostrophe ownership construction (X's/Xs') + acquisition verbs
2551,0.4,13,1.226,had,"['were', 'had', 'had', 'had', '18', 'now', 'jordan', 'have', 'had', 'was']",q2,3,0.43368516064538004,"noisy grab-bag, no consistent theme"
2590,0.1,50,1.144,"""","['""', 'said', 'what', 'chief', 'national', 'account', 'not', 'ago', 'no', 'the']",q2,8,0.2694183608131635,"quoted/reported questions ('what...?', 'as it is said') + formal-organization nouns"
2596,0.1,50,1.347,this,"['this', 'visited', 'incapable', 'heavier', 'been', 'out', 'that', 'colder', 'subjected', 'managed']",q2,2,0.3053719043921844,citation/technical-spec grab-bag
2602,0.2,50,1.359,sought,"['sought', 'pace', 'our', 'her', '=-', '=-', 'sought', 'some', 'the', 'its']",q2,3,0.32611948438240507,"noisy grab-bag, no consistent theme"
2603,0.1,50,1.402,term,"['term', 'â§', 'it', 'can', 'son', 'doesn', 'social', 'terms', 'the', 'article']",q2,12,0.3040249462626825,"policy/infrastructure reporting prose (lockdown, colonial infrastructure, community risk)"
2606,0.1,50,1.287,manufacturers,"['manufacturers', '14', 'right', 'vendors', 'you', 'subject', 'boy', 'boys', 'mission', 'comes']",q2,5,0.26261669989145314,"software/product-requirements vocabulary (version, needs, platform, domain)"
2615,0.2,50,1.332,is,"['been', 'is', 'association', 'launched', 'accountability', 'being', 'reviewed', 'longer', 'showcases', 'is']",q2,5,0.3216782110129958,"software/product-requirements vocabulary (version, needs, platform, domain)"
2648,0.4,16,1.16,',"['112', ""'"", ""'"", 'acquired', 'acquire', ""'"", 'entirety', '%,', ""'"", 'acquired']",q2,0,0.27823122874015543,possessive-apostrophe ownership construction (X's/Xs') + acquisition verbs
2664,0.4,50,1.378,which,"['which', '.', 'which', '@', 'which', 'the', 'the', '0', 'which', 'no']",q2,8,0.33261885644802086,"quoted/reported questions ('what...?', 'as it is said') + formal-organization nouns"
2672,0.2,50,1.165,found,"['found', 'found', 'thereby', 'there', 'thereby', 'i', 'associated', 'with', 'heard', 'afar']",q2,13,0.28453345906338706,'in whole or in part' contract-boilerplate + 'thereby' causal connective
2682,0.1,50,1.199,chrom,"['chrom', 'standard', 'were', 'www', '\\', 'rid', 'british', 'longest', 'second', '978']",q2,8,0.3114401161775191,"quoted/reported questions ('what...?', 'as it is said') + formal-organization nouns"
2699,0.2,50,1.379,province,"['belonged', 'province', 'anterior', 'mattered', 'province', 'lobe', 'granite', 'provinces', 'thought', 'been']",q2,12,0.3079254353836877,"policy/infrastructure reporting prose (lockdown, colonial infrastructure, community risk)"
2720,0.4,29,1.172,educational,"['educational', 'have', 'of', 'educational', 'intended', 'said', 'had', 'educational', 'educational', 'have']",q2,4,0.3108789402600566,"regulatory/permit-document vocabulary (NOTE, general permit, vulnerable)"
2724,0.1,50,1.369,similar,"['similar', 'hour', 'quarter', 'inch', 'mile', 'item', 'bedroom', 'mother', 'section', 'year']",q2,4,0.4119280061100103,"regulatory/permit-document vocabulary (NOTE, general permit, vulnerable)"
2777,0.2,50,1.289,two,"['information', 'saw', 'two', 'increased', 'which', 'tb', 'agreement', 'highest', 'address', 'two']",q2,7,0.2546266945559509,"noisy grab-bag, no consistent theme"
2787,0.4,29,1.328,the,"['similar', 'the', 'and', 'similar', 'the', 'similar', '""', 'the', 'fml', 'the']",q2,9,0.3516628643414468,noisy literary/narrative grab-bag
2792,0.3,17,1.357,uncommon,"['),', 'uncommon', 'it', 'uncommon', 'enough', 'necessary', 'uncommon', '40', 'failure', '),']",q2,0,0.3563980102178449,possessive-apostrophe ownership construction (X's/Xs') + acquisition verbs
2809,0.2,50,1.338,association,"['association', 'colleges', 'association', 'nervous', 'learning', 'personality', 'wish', 'behavioral', 'behaviour', 'personality']",q2,12,0.3312888194118538,"policy/infrastructure reporting prose (lockdown, colonial infrastructure, community risk)"
2834,0.2,50,1.279,possible,"['but', 'possible', 'ground', 'italian', 'heck', 'fact', 'case', 'to', 'possible', 'industry']",q2,1,0.3002695327936749,ordinal-enumeration words (Second/Third) + 'kind' idiom
2882,0.3,50,1.326,individuals,"['re', ',', 'object', 'parents', 'unwilling', 'individuals', 'individuals', 'raised', 'individuals', ',']",q2,4,0.33226058250543306,"regulatory/permit-document vocabulary (NOTE, general permit, vulnerable)"
2907,0.2,50,1.429,""".[","['created', '"".[', 'creation', 'âģĵ', 'resides', 'issue', 'â£', '"".[', 'never', '$\\']",q2,8,0.31685190786830886,"quoted/reported questions ('what...?', 'as it is said') + formal-organization nouns"
2912,0.2,50,1.191,an,"['consequently', 'results', 'goes', 'an', 'resulting', 'an', 'besides', 'isn', 'thereby', '11']",q2,8,0.38993637429368927,"quoted/reported questions ('what...?', 'as it is said') + formal-organization nouns"
2918,0.2,50,1.244,level,"['he', 'â£', 'level', 'level', 'guess', 'whether', 'either', '.', 'there', 'following']",q2,10,0.3196756520985866,sports-stat citations (.XXX average) + 'Mr.'/board-game vocabulary
2930,0.1,50,1.287,longer,"['longer', 'knew', '5', 'got', 'she', '-', 'herself', 'likes', 'self', 'finding']",q2,8,0.3660118545384436,"quoted/reported questions ('what...?', 'as it is said') + formal-organization nouns"
2934,0.2,50,1.397,s,"['s', 'your', 'need', ""'s"", 'the', 's', 'experience', 'impact', 'return', 'judgments']",q2,5,0.3077644228636561,"software/product-requirements vocabulary (version, needs, platform, domain)"
2944,0.1,50,1.424,making,"['making', 'watch', 'fight', 'why', 'live', 'may', 'shall', '+', 'two', '`']",q2,3,0.3187678382711745,"noisy grab-bag, no consistent theme"
2978,0.2,50,1.403,la,"['la', 'veteran', 'f', 'la', 'able', 'acquiring', 'encourage', 'the', 'reserved', 'custom']",q2,4,0.2930444708581864,"regulatory/permit-document vocabulary (NOTE, general permit, vulnerable)"
2981,0.1,50,1.322,defendant,"['defendant', 'caliphate', 'judge', 'manager', 'learned', 'derived', 'instructors', 'grown', 'textbook', 'prosecutor']",q2,12,0.32251836819227137,"policy/infrastructure reporting prose (lockdown, colonial infrastructure, community risk)"
2989,0.2,50,1.139,for,"['?"".', 'for', 'foregoing', 'following', 'following', 'in', 'cctv', 'for', ',""', 'coming']",q2,10,0.4484144277228322,sports-stat citations (.XXX average) + 'Mr.'/board-game vocabulary
5,0.3,50,4.54,positioned,"['positioned', 'placement', 'positioned', 'located', 'positioned', 'located', 'to', 'mounted', 'the', 'the']",q3,5,0.4431056851326451,abstract-noun grab-bag: instruction/direction/destruction/treatment (academic register)
7,0.2,50,3.907,l,"['occurred', 'warning', 'performance', 'layer', 'l', 'specifying', 'l', 'severity', 'reflect', 'idea']",q3,2,0.33857597918402166,"business/technical-strategy vocabulary (strategy, efficiency, calibration, analytic)"
9,0.2,50,4.469,depth,"['sensor', 'probes', 'search', 'depth', 'microscopic', 'of', 'probing', 'police', 'depth', 'microscopic']",q3,2,0.33739237914761006,"business/technical-strategy vocabulary (strategy, efficiency, calibration, analytic)"
16,0.4,50,5.203,growth,"['growth', 'growth', 'growing', 'growing', 'growth', 'growing', 'grow', 'grow', 'growth', 'grown']",q3,11,0.4115510224649989,"mixed content-word grab-bag (clothing, sports scores, geological timescales)"
23,0.2,50,1.724,communities,"['below', 'user', 'players', 'communities', 'parts', ')', 'parts', 'communities', 'playing', 'versions']",q3,3,0.2768792691490775,"community/user-engagement vocabulary (players, communities, user interface)"
56,0.3,50,5.351,clicking,"['choose', 'clicking', 'choice', 'selecting', 'clicking', 'choice', 'choose', 'clicking', 'choosing', 'select']",q3,11,0.4890982177883155,"mixed content-word grab-bag (clothing, sports scores, geological timescales)"
58,0.3,50,4.976,easily,"['easily', 'thoroughly', 'easily', 'easily', 'famously', 'definitely', 'famously', 'recently', 'clearly', 'thoroughly']",q3,11,0.38857122169317726,"mixed content-word grab-bag (clothing, sports scores, geological timescales)"
63,0.3,50,4.727,point,"['point', 'dynamic', 'point', 'point', 'analytic', 'io', 'efficiency', 'frequencies', 'border', 'â®']",q3,2,0.31523455276182955,"business/technical-strategy vocabulary (strategy, efficiency, calibration, analytic)"
73,0.1,50,1.56,pulses,"['pulses', 'quantity', 'consecutive', 'endeavor', 'themselves', 'composition', 'which', 'appearances', 'available', 'taken']",q3,13,0.37544267467507225,regulatory-comment-response register ('A commenter requested/raised...')
118,0.1,50,5.065,threading,"['threading', 'nding', 'indexing', 'requisitioning', 'vesting', 'slighted', 'bested', 'rewriting', 'muting', 'surpassing']",q3,11,0.351473230190017,"mixed content-word grab-bag (clothing, sports scores, geological timescales)"
158,0.3,50,2.14,and,"['and', 'and', 'third', 'third', '-', 'first', 'and', 'a', '3', 'down']",q3,11,0.4727589694929531,"mixed content-word grab-bag (clothing, sports scores, geological timescales)"
160,0.2,50,5.543,calibration,"['runner', 'scenario', 'properties', 'calibration', 'disturbance', 'transient', 'table', 'calibration', 'investigation', 'rule']",q3,2,0.3344062208971917,"business/technical-strategy vocabulary (strategy, efficiency, calibration, analytic)"
173,0.3,50,4.129,thousands,"['millions', 'thousands', 'thousands', 'code', 'billions', '32', 'query', '----', 'thousands', 'millions']",q3,1,0.45424664828324085,mixed prose: informal tech-forum voice + institutional-report phrasing
177,0.2,50,1.437,which,"['someone', 'we', 'dealing', 'which', 'which', 'was', 'had', 'being', 'it', 'there']",q3,0,0.2929243852002767,relative-clause connective (who/which/whom) in descriptive/narrative prose
183,0.2,27,1.547,17,"['17', '11', '20', '12', '37', '20', '13', '17', '19', '37']",q3,6,0.49350961253754705,"geographic/administrative entity nouns (United Kingdom, Belgium, region codes) + citation numbering"
187,0.3,50,4.715,release,"['released', 'release', 'runs', 'activates', 'release', 'ships', 'be', 'release', 'released', 'launched']",q3,11,0.3844559850195408,"mixed content-word grab-bag (clothing, sports scores, geological timescales)"
232,0.4,50,4.131,limited,"['limited', 'constraints', 'binary', 'constraints', 'injured', 'structures', 'limited', 'limited', 'limited', 'injury']",q3,5,0.3727099923870322,abstract-noun grab-bag: instruction/direction/destruction/treatment (academic register)
258,0.3,50,1.536,frame,"['followed', 'int', 'frames', 'frame', '_', 'frame', 'has', 'hz', 'frame', 'version']",q3,8,0.3314234702452827,'from all walks of life' idiom + generic narrative connectives
271,0.3,50,4.883,stage,"['produce', 'stage', 'stage', '&&', 'stages', 'stage', 'achieve', '&', 'chance', '&']",q3,1,0.3731908562004936,mixed prose: informal tech-forum voice + institutional-report phrasing
281,0.2,50,4.957,process,"['process', 'perform', 'behave', 'behaves', 'process', 'behave', 'behaves', 'routine', 'treated', 'processes']",q3,5,0.3763487893240552,abstract-noun grab-bag: instruction/direction/destruction/treatment (academic register)
283,0.4,50,4.623,before,"['before', 'established', 'suited', 'before', 'before', 'suited', 'established', 'defended', 'suited', 'before']",q3,5,0.3822810377574409,abstract-noun grab-bag: instruction/direction/destruction/treatment (academic register)
296,0.3,50,2.141,bear,"['take', 'bear', 'bear', 'campaign', 'take', 'until', 'bear', 'raise', 'the', 'campaigns']",q3,1,0.36720837632871733,mixed prose: informal tech-forum voice + institutional-report phrasing
299,0.2,50,1.549,><,"[""'ll"", '><', 'you', '><', 'his', '10', 'with', '([', '=-', 'his']",q3,6,0.4328528181337955,"geographic/administrative entity nouns (United Kingdom, Belgium, region codes) + citation numbering"
331,0.4,50,1.629,&,"['&', 'called', '&', '&', 'occasion', 'especially', 'also', "".''"", '&', 'called']",q3,8,0.3984531740821195,'from all walks of life' idiom + generic narrative connectives
346,0.4,50,1.679,as,"['as', 'in', 'as', 'to', 'as', 'published', 'in', 'as', 'in', 'published']",q3,1,0.42819945602030146,mixed prose: informal tech-forum voice + institutional-report phrasing
364,0.1,50,1.622,solution,"['solution', 'that', 'parenting', 'using', 'job', 'towards', 'care', 'themselves', 'internet', 'sort']",q3,1,0.29097521587105263,mixed prose: informal tech-forum voice + institutional-report phrasing
405,0.3,50,4.334,fear,"['fear', 'scared', 'scared', 'fears', 'fear', 'fear', 'afraid', 'afraid', 'afraid', 'dread']",q3,5,0.44298267902049504,abstract-noun grab-bag: instruction/direction/destruction/treatment (academic register)
410,0.2,50,1.71,the,"['the', 'the', 'november', '://', 'http', 'respective', 'prefer', 'highest', 'those', 'combination']",q3,10,0.338893719233659,noisy grab-bag (medical symptoms + business/tech metrics)
422,0.3,50,5.425,leader,"['leader', 'leader', 'top', 'standard', 'no', 'top', 'leader', 'standard', 'giant', 'leaders']",q3,11,0.3710359731742879,"mixed content-word grab-bag (clothing, sports scores, geological timescales)"
424,0.2,50,1.57,very,"['very', 'therefore', 'last', 'an', 'whereas', 'come', 'there', 'been', 'moved', 'very']",q3,0,0.34195105046083785,relative-clause connective (who/which/whom) in descriptive/narrative prose
441,0.2,50,5.568,responsibility,"['responsibility', 'social', 'socially', 'compassion', 'attitude', 'personality', 'community', 'character', 'behavior', 'responsibility']",q3,2,0.3359165150934482,"business/technical-strategy vocabulary (strategy, efficiency, calibration, analytic)"
477,0.0,50,4.717,,[],q3,12,0.35604274620538784,paragraph-break whitespace before 'ACKNOWLEDGEMENTS' + noisy grab-bag
481,0.2,50,1.466,went,"['went', 'members', 'go', 'attended', 'given', '.', 'french', 'went', 'thought', 'go']",q3,3,0.3403493807717082,"community/user-engagement vocabulary (players, communities, user interface)"
499,0.4,50,4.662,quasi,"['quasi', 'quasi', 'quasi', 'quasi', 'ideal', 'almost', 'nearest', 'extend', 'nearest', 'almost']",q3,2,0.4729101391562885,"business/technical-strategy vocabulary (strategy, efficiency, calibration, analytic)"
501,0.2,50,1.703,walks,"['walks', 'other', 'walks', 'reader', 'broke', 'touched', '];', 'wrong', 'elderly']",q3,8,0.29684138716202413,'from all walks of life' idiom + generic narrative connectives
546,0.4,50,4.888,bid,"['bi', 'b', 'bid', 'label', 'bid', 'border', 'binary', 'commits', 'bid', 'bid']",q3,2,0.45586599104159387,"business/technical-strategy vocabulary (strategy, efficiency, calibration, analytic)"
550,0.4,50,5.181,required,"['observed', 'required', 'used', 'observed', 'required', 'required', 'presented', 'observed', 'required', 'used']",q3,13,0.4251253012724682,regulatory-comment-response register ('A commenter requested/raised...')
587,0.4,50,4.337,brought,"['brought', 'inspire', 'brought', 'cause', 'brought', 'brought', 'about', 'encourage', 'caused', 'invoke']",q3,5,0.43262541011667355,abstract-noun grab-bag: instruction/direction/destruction/treatment (academic register)
589,0.1,50,4.053,kick,"['kick', 'want', 'mailed', 'offer', 'encouraged', 'until', 'took', 'left', 'noticed', 'hear']",q3,12,0.3639828701487917,paragraph-break whitespace before 'ACKNOWLEDGEMENTS' + noisy grab-bag
591,0.2,50,1.571,too,"['seen', 'little', 'too', 'thousands', 'busy', 'busy', 'too', 'therefore', 'a', 'two']",q3,3,0.35105474722951907,"community/user-engagement vocabulary (players, communities, user interface)"
599,0.4,50,4.492,possible,"['could', 'escape', 'managed', 'by', 'get', 'possible', 'possible', 'possible', 'enough', 'possible']",q3,5,0.40271359829568404,abstract-noun grab-bag: instruction/direction/destruction/treatment (academic register)
606,0.2,50,5.049,version,"['october', '14', 'version', '-', 'anon', '(', ',', 'tue', '#', 'version']",q3,7,0.4351539889307158,'It was...' historical/technical-description sentences (computing-history register)
614,0.4,50,5.1,idea,"['predictions', 'idea', 'vision', 'model', 'vision', 'idea', 'plan', 'models', 'idea', 'idea']",q3,5,0.34430003480810356,abstract-noun grab-bag: instruction/direction/destruction/treatment (academic register)
633,0.4,50,1.906,genre,"['media', 'industry', 'genre', 'media', 'greenhouse', 'genre', 'genre', 'genre', 'geo', 'media']",q3,10,0.3085863990073113,noisy grab-bag (medical symptoms + business/tech metrics)
655,0.3,50,5.124,played,"['played', 'playing', 'played', 'watching', 'play', 'listening', 'play', 'played', 'playing', 'play']",q3,3,0.380755557664124,"community/user-engagement vocabulary (players, communities, user interface)"
658,0.2,50,1.52,such,"['their', 'such', 'whose', 'selection', 'text', 'gist', 'whose', 'type', 'visually', 'such']",q3,10,0.3239304520605547,noisy grab-bag (medical symptoms + business/tech metrics)
659,0.3,50,1.508,which,"['letting', 'their', 'which', 'which', 'whom', 'which', 'your', 'used', 'carries', 'take']",q3,0,0.28705684569777806,relative-clause connective (who/which/whom) in descriptive/narrative prose
675,0.1,50,1.538,customer,"['customer', 'hence', 'which', 'vulnerability', 'retrieved', 'defence', 'relationship', 'given', 'sense', 'the']",q3,1,0.3462456208682346,mixed prose: informal tech-forum voice + institutional-report phrasing
689,0.4,50,5.55,election,"['election', 'for', 'votes', 'vote', 'election', 'election', 'votes', 'election', 'in', 'elected']",q3,11,0.3629845101482646,"mixed content-word grab-bag (clothing, sports scores, geological timescales)"
701,0.1,50,4.391,distant,"['distant', 'fold', 'string', 'lowering', 'across', 'label', 'lowers', 'stated', 'front', 'implies']",q3,5,0.3217402803650375,abstract-noun grab-bag: instruction/direction/destruction/treatment (academic register)
725,0.4,50,4.89,**,"['**', '**', 'relative', 'temporary', 'action', 'kingdom', 'action', '**', 'const', '**']",q3,2,0.3698482285618075,"business/technical-strategy vocabulary (strategy, efficiency, calibration, analytic)"
739,0.3,12,1.647,=],"['=]', '=]', '=]', '=', '];', '=],', '._', '._', '>', '];']",q3,7,0.5880107292316797,'It was...' historical/technical-description sentences (computing-history register)
742,0.3,50,4.482,the,"['the', 'they', 's', 'the', 'it', 'it', 'it', 'philosophy', 'the', 'approach']",q3,4,0.3221836337858608,pure determiner/preposition feature (a/the/to/of) — no topical theme
750,0.4,50,5.538,key,"['critical', 'key', 'critical', 'key', 'key', 'pivotal', 'pivotal', 'critical', 'intersection', 'key']",q3,2,0.44320869093058424,"business/technical-strategy vocabulary (strategy, efficiency, calibration, analytic)"
751,0.2,50,1.62,such,"['such', 'd', 'such', 'devoid', 'further', 'noble', 'rather', 'greater', 'poorer', 'distance']",q3,6,0.3223871339550886,"geographic/administrative entity nouns (United Kingdom, Belgium, region codes) + citation numbering"
763,0.4,50,1.657,if,"['if', 'if', 'b', 'if', '2020', '40', 'want', 'if', 'can', '120']",q3,8,0.414162966960728,'from all walks of life' idiom + generic narrative connectives
766,0.4,50,1.644,latter,"['latter', 'thousands', 'occasion', 'latter', 'latter', 'latter', 'fellow', 'who', 'shore', 'communities']",q3,6,0.36570777210647853,"geographic/administrative entity nouns (United Kingdom, Belgium, region codes) + citation numbering"
810,0.4,50,3.475,strategies,"['strategies', 'principles', 'strategies', 'strategies', 'strategy', 'strategy', 'strategy', 'guidelines', 'strategies', 'strategy']",q3,2,0.3918786327454098,"business/technical-strategy vocabulary (strategy, efficiency, calibration, analytic)"
841,0.2,50,1.702,'s,"['like', 'seen', 'between', ""'s"", 'interval', ""'s"", 'last', 'best', 'were', 'particular']",q3,8,0.31941043084772514,'from all walks of life' idiom + generic narrative connectives
856,0.1,50,3.914,objects,"['objects', 'instruction', 'direction', 'directed', 'part', 'medium', 'term', 'purpose', 'form', 'partners']",q3,5,0.2865264952102379,abstract-noun grab-bag: instruction/direction/destruction/treatment (academic register)
872,0.2,50,1.495,whom,"['(%', 'whom', 'whom', 'whose', 'the', 'she', 'they', '&', 'whose', 'flood']",q3,6,0.31252434104047844,"geographic/administrative entity nouns (United Kingdom, Belgium, region codes) + citation numbering"
884,0.3,50,5.588,their,"['their', 'to', 'their', 'the', '-', 'their', 'it', 'efforts', 'desire', 'to']",q3,4,0.2941096457013835,pure determiner/preposition feature (a/the/to/of) — no topical theme
900,0.3,50,1.559,},"['.', 'mockery', 'wearer', '.', 'sake', 'cornerstone', '}', '}', 'newcomer', '}']",q3,6,0.40205021308660427,"geographic/administrative entity nouns (United Kingdom, Belgium, region codes) + citation numbering"
914,0.4,50,4.168,a,"['the', 'being', 'a', 'too', 'a', 'the', 'a', 'stuck', 'a', 'the']",q3,4,0.29300860506128523,pure determiner/preposition feature (a/the/to/of) — no topical theme
953,0.2,50,1.667,-,"['-', 'of', 'same', 'she', 'her', 'their', '-', '.', 'same', 'an']",q3,7,0.3887960369901843,'It was...' historical/technical-description sentences (computing-history register)
959,0.4,50,5.178,directly,"['directly', '=>', 'directly', 'specifically', '=>', '=>', 'directly', '=>', '5', 'directly']",q3,2,0.5002792002929587,"business/technical-strategy vocabulary (strategy, efficiency, calibration, analytic)"
965,0.1,50,4.953,associating,"['associating', 'curate', 'aggregating', 'covariate', 'contaminating', 'consolidates', 'abbreviated', 'covariates', 'fixate', 'validates']",q3,13,0.39034500882479656,regulatory-comment-response register ('A commenter requested/raised...')
1012,0.2,50,5.635,behalf,"['behalf', 'electrical', 'defunct', 'â§â§', 's', 'has', 'behalf', 'former', 'â§â§', 'â§']",q3,13,0.39062776413669237,regulatory-comment-response register ('A commenter requested/raised...')
1018,0.2,50,4.838,even,"['longest', 'much', 'well', 'hz', 'while', 'even', 'displaced', 'even', 'threshold', 'beings']",q3,5,0.36910425584528556,abstract-noun grab-bag: instruction/direction/destruction/treatment (academic register)
1023,0.1,50,1.567,region,"['region', 'anywhere', 'came', 'became', 'belgium', 'four', 'anything', 'passions', 'respectively', '``']",q3,6,0.31002477395267003,"geographic/administrative entity nouns (United Kingdom, Belgium, region codes) + citation numbering"
1051,0.1,50,4.686,""",""","['"",""', 'covers', '75', 'slider', 'down', 'shoot', '\\', 'viii', 'follow', 'vibration']",q3,2,0.3748485384611492,"business/technical-strategy vocabulary (strategy, efficiency, calibration, analytic)"
1077,0.4,50,5.618,that,"['an', 'that', 'the', 'a', 'a', 'that', 'that', 'that', 'a', 'a']",q3,4,0.376283754209619,pure determiner/preposition feature (a/the/to/of) — no topical theme
1106,0.3,50,1.544,isn,"['doubt', 'surrounds', 'isn', '75', 'it', 'isn', 'isn', 'from', 'latter', 'nothing']",q3,0,0.3882716789590909,relative-clause connective (who/which/whom) in descriptive/narrative prose
1170,0.3,50,5.075,presented,"['presented', 'present', 'applying', 'presented', 'replacing', 'place', 'places', 'applied', 'puts', 'presented']",q3,11,0.4038979133144021,"mixed content-word grab-bag (clothing, sports scores, geological timescales)"
1192,0.2,50,4.921,the,"['investing', 'investors', 'markets', 'traders', 'the', 'market', 'investment', 'trading', 'investment', 'the']",q3,3,0.3787462922294518,"community/user-engagement vocabulary (players, communities, user interface)"
1197,0.2,50,1.58,et,"['10', 'kingdom', 'et', '120', 'k', '-', 'et', 'two', '-', '45']",q3,6,0.3099000672565418,"geographic/administrative entity nouns (United Kingdom, Belgium, region codes) + citation numbering"
1208,0.2,50,1.569,give,"['degrees', 'each', 'another', 'give', 'hers', '$\\', 'give', '$', 'shop', 'themselves']",q3,0,0.30275158081122616,relative-clause connective (who/which/whom) in descriptive/narrative prose
1223,0.1,50,5.179,india,"['india', 'vista', 'illinois', 'spain', 'ravens', 'austria', 'facebook', 'norway', 'california', 'australia']",q3,3,0.49555118739434034,"community/user-engagement vocabulary (players, communities, user interface)"
1233,0.2,50,1.659,into,"['into', 'measures', 'into', 'families', 'analysts', 'regions', 'sure', 'stones', 'others', 'sure']",q3,3,0.33986352188129476,"community/user-engagement vocabulary (players, communities, user interface)"
1254,0.4,50,4.93,allowed,"['allowed', 'allow', 'allowed', 'allowed', 'allow', 'allows', 'allowed', 'permits', 'permitted', 'allowing']",q3,5,0.45409262363390285,abstract-noun grab-bag: instruction/direction/destruction/treatment (academic register)
1262,0.4,50,3.612,great,"['greater', 'great', 'greatest', 'great', 'worthy', 'most', 'great', 'greatest', 'greater', 'great']",q3,11,0.4203565663708844,"mixed content-word grab-bag (clothing, sports scores, geological timescales)"
1268,0.2,50,1.871,they,"['ts', 'figures', 'things', 'countries', 'they', 'they', 'lives', 'fish', 'movies', 'movies']",q3,8,0.3449987563047433,'from all walks of life' idiom + generic narrative connectives
1301,0.4,50,5.007,make,"['make', 'sake', 'produce', 'make', 'make', 'make', 'produced', 'sake', 'produced', 'makes']",q3,11,0.42011230469458166,"mixed content-word grab-bag (clothing, sports scores, geological timescales)"
1329,0.1,50,1.492,imagery,"['imagery', 'obtain', '-', 'clean', 'accused', '(', ').', 'rapper', 'audiences', 'adventurer']",q3,0,0.3050429044608993,relative-clause connective (who/which/whom) in descriptive/narrative prose
1367,0.3,50,5.625,feel,"['felt', 'feeling', 'feel', 'looks', 'feels', 'looks', 'feel', 'situations', 'feels', 'feel']",q3,11,0.4837131377924598,"mixed content-word grab-bag (clothing, sports scores, geological timescales)"
1403,0.4,50,1.73,kinds,"['somewhere', 'kind', 'kinds', 'contents', 'kinds', 'kind', 'kinds', 'kinds', 'classes', 'little']",q3,5,0.4662360183067188,abstract-noun grab-bag: instruction/direction/destruction/treatment (academic register)
1440,0.3,50,4.744,car,"['cars', 'seat', 'the', 'car', 'game', 'car', 'car', 'results', 'game', 'player']",q3,11,0.35965656906698107,"mixed content-word grab-bag (clothing, sports scores, geological timescales)"
1453,0.1,17,1.606,165,"['165', '167', '170', '166', '153', '61', '213', '169', '92', '175']",q3,6,0.5336909297207904,"geographic/administrative entity nouns (United Kingdom, Belgium, region codes) + citation numbering"
1454,0.3,50,3.486,nature,"['nature', 'nature', 'etc', 'seo', 'nature', 'animals', 'life', 'fake', 'life', '*/']",q3,5,0.33477202897204056,abstract-noun grab-bag: instruction/direction/destruction/treatment (academic register)
1480,0.2,50,1.438,mode,"['trip', 'mode', 'journey', 'powers', 'further', 'miles', 'critics', 'courtesy', 'scene', 'mode']",q3,0,0.30196514859011075,relative-clause connective (who/which/whom) in descriptive/narrative prose
1483,0.2,50,1.513,difficulty,"['difficulty', 'variability', 'number', 'running', 'difficulty', 'message', 'partial', 'multi', 'particular', 'field']",q3,10,0.2589720836525894,noisy grab-bag (medical symptoms + business/tech metrics)
1510,0.3,50,4.999,subset,"['deepest', 'subset', 'run', 'subset', 'run', 'importantly', 'go', 'way', 'hold', 'subset']",q3,5,0.34456392657645235,abstract-noun grab-bag: instruction/direction/destruction/treatment (academic register)
1511,0.1,50,1.529,quantity,"['quantity', 'small', 'quantities', 'properties', 'conservation', 'lower', 'previous', 'to', 'smaller', 'restrictions']",q3,0,0.31859220014874434,relative-clause connective (who/which/whom) in descriptive/narrative prose
1533,0.3,50,5.065,with,"['meet', 'to', 'the', 'meet', 'the', 'to', 'with', 'with', 'with', 'meets']",q3,4,0.37916614694370077,pure determiner/preposition feature (a/the/to/of) — no topical theme
1562,0.4,50,1.445,it,"['it', 'it', 'it', '-', 'century', ',', 'it', ""'s"", 'd', 'they']",q3,7,0.35084097454370844,'It was...' historical/technical-description sentences (computing-history register)
1575,0.4,50,4.344,step,"['level', 'levels', 'step', 'level', 'step', 'steps', 'level', 'step', 'status', 'step']",q3,11,0.38704481504699706,"mixed content-word grab-bag (clothing, sports scores, geological timescales)"
1581,0.3,50,1.53,account,"['into', 'account', 'for', 'overflow', 'advantage', 'account', 'most', 'me', 'into', 'account']",q3,0,0.4175934215993185,relative-clause connective (who/which/whom) in descriptive/narrative prose
1582,0.3,50,1.466,very,"['very', 'your', 'while', 'room', 'very', 'taken', 'well', 'very', 'your', 'long']",q3,1,0.33245960549426634,mixed prose: informal tech-forum voice + institutional-report phrasing
1592,0.3,50,4.697,account,"['pt', 'shift', 'account', 'account', 'shift', 'account', 'effect', 'resistance', 'deviations', 'enum']",q3,5,0.3540550204004317,abstract-noun grab-bag: instruction/direction/destruction/treatment (academic register)
1598,0.3,50,1.793,);,"['bio', ');', ""']"", ""']"", ');', '];', 'he', '];', ');', ""');""]",q3,6,0.48252730082842704,"geographic/administrative entity nouns (United Kingdom, Belgium, region codes) + citation numbering"
1608,0.3,50,5.036,well,"['well', 'well', 'impressive', 'elegant', 'careful', 'competently', 'thoughtful', 'tastefully', 'well', 'elegant']",q3,11,0.36903964650949217,"mixed content-word grab-bag (clothing, sports scores, geological timescales)"
1610,0.2,50,1.536,parts,"['$', 'parts', '$\\', 'parts', 'rid', 'and', 'sometimes', 'care', 'putting', 'care']",q3,1,0.3428360787740707,mixed prose: informal tech-forum voice + institutional-report phrasing
1638,0.1,50,5.545,costume,"['costume', 'clothing', 'shoes', 'track', 'sweaters', 'one', 'clothes', 'it', 'in', ""'s""]",q3,11,0.3159840245492353,"mixed content-word grab-bag (clothing, sports scores, geological timescales)"
1682,0.3,50,2.749,work,"['work', 'work', 'spend', 'work', 'good', 'rest', 'the', 'they', 'use', 'be']",q3,11,0.3542134463247411,"mixed content-word grab-bag (clothing, sports scores, geological timescales)"
1686,0.2,50,5.631,configuration,"['configuration', 'controls', 'control', 'control', 'calibration', 'configuration', 'controls', 'logic', 'calibration', 'settings']",q3,2,0.3468824505115207,"business/technical-strategy vocabulary (strategy, efficiency, calibration, analytic)"
1688,0.3,50,4.054,communities,"['communities', 'urban', 'cities', 'society', 'cities', 'communities', 'community', 'communities', 'society', 'community']",q3,3,0.3606736568212788,"community/user-engagement vocabulary (players, communities, user interface)"
1696,0.1,50,1.487,vector,"['vector', 'amount', 'spent', 'amounts', 'ounces', 'app', 'experience', 'excluding', 'function', 'area']",q3,5,0.33626688576163877,abstract-noun grab-bag: instruction/direction/destruction/treatment (academic register)
1698,0.3,50,4.652,known,"['known', 'reconstructed', 'yet', 'known', 'procedures', 'yet', 'known', 'yet', 'tell', 'know']",q3,5,0.35611734486696417,abstract-noun grab-bag: instruction/direction/destruction/treatment (academic register)
1712,0.2,50,1.545,retrieved,"['select', 'retrieved', 'friday', 'now', '|', '*/', 'retrieved', 'j', 'nurs', 'rbi']",q3,12,0.4141584104198074,paragraph-break whitespace before 'ACKNOWLEDGEMENTS' + noisy grab-bag
1727,0.3,50,4.738,affiliate,"['affluent', 'affluent', 'affiliate', 'affiliate', 'writes', 'universe', 'affiliate', 'significant', 'wants', 'material']",q3,2,0.5800958640036911,"business/technical-strategy vocabulary (strategy, efficiency, calibration, analytic)"
1769,0.4,50,5.384,the,"['sea', 'she', 'the', 'her', 'the', 'sea', 'boat', 'the', 'sea', 'the']",q3,11,0.40554945844948276,"mixed content-word grab-bag (clothing, sports scores, geological timescales)"
1814,0.2,50,5.239,investing,"['cells', 'casinos', 'bonds', 'cryptography', 'waves', 'investing', 'soil', 'investing', 'dumps', 'cameras']",q3,3,0.3627950514706667,"community/user-engagement vocabulary (players, communities, user interface)"
1816,0.2,50,4.951,gathered,"['gathered', 'gathered', 'get', 'receives', 'collected', 'collection', 'collecting', 'collected', 'collecting', 'gotten']",q3,11,0.4057404823036658,"mixed content-word grab-bag (clothing, sports scores, geological timescales)"
1823,0.2,50,4.47,1985,"['1985', '1985', '1962', '1983', '1905', '1962', '1984', '1970', '1988', '1982']",q3,8,0.5877029013622114,'from all walks of life' idiom + generic narrative connectives
1840,0.2,50,5.447,proteoliposomes,"['proteoliposome', 'proteoliposomes', 'panathinaikos', 'isopods', 'ornithomimus', 'ornithopod', 'herodotus', 'proteoliposomes', 'aeneid']",q3,11,0.4162175607402616,"mixed content-word grab-bag (clothing, sports scores, geological timescales)"
1846,0.3,50,1.53,just,"['done', 'best', 'just', 'been', 'just', 'just', 'good', 'done', 'been', 'seen']",q3,1,0.38400494118255807,mixed prose: informal tech-forum voice + institutional-report phrasing
1847,0.2,50,1.45,expenditures,"['beyond', 'fathers', 'expenditures', 'been', 'themselves', 'born', 'hinges', 'chief', 'been', 'expenditures']",q3,0,0.3655985079191954,relative-clause connective (who/which/whom) in descriptive/narrative prose
1861,0.4,50,5.528,beginners,"['beginner', 'beginners', 'novice', 'beginner', 'beginner', 'beginners', 'beginners', 'novice', 'newbie', 'beginners']",q3,13,0.4801187990007852,regulatory-comment-response register ('A commenter requested/raised...')
1862,0.1,50,4.99,shield,"['shield', 'gregg', 'transformers', 'commanding', 'vehicle', '2005', 'weaker', 'sud', 'runner', 'activated']",q3,12,0.33375471183259053,paragraph-break whitespace before 'ACKNOWLEDGEMENTS' + noisy grab-bag
1864,0.2,50,5.314,structured,"['structured', 'breaks', 'fracture', 'structured', 'metrics', 'metrics', 'worksheets', 'cracking', 'bathe', 'soak']",q3,0,0.35207084667312794,relative-clause connective (who/which/whom) in descriptive/narrative prose
1874,0.2,50,1.461,previous,"['hancock', 'phenomenon', 'prowess', 'previous', 'mandate', 'endeavor', 'spectacle', 'previous', '1988', 'village']",q3,0,0.3154698431170683,relative-clause connective (who/which/whom) in descriptive/narrative prose
1876,0.3,50,1.573,other,"['of', 'other', 'of', 'so', 'exemplary', 'other', 'side', 'you', 'other', 'special']",q3,4,0.33438599592802815,pure determiner/preposition feature (a/the/to/of) — no topical theme
1884,0.2,50,5.475,natural,"['natural', 'trial', 'restriction', 'restriction', 'sorts', 'nature', 'redirect', 'natural', 'sorts', 'against']",q3,2,0.31916781560030755,"business/technical-strategy vocabulary (strategy, efficiency, calibration, analytic)"
1885,0.2,50,1.712,parts,"['somebody', 'indianapolis', 'introduction', 'learners', 'aren', 'apart', 'parts', 'objects', 'parts', 'although']",q3,8,0.3307385302656153,'from all walks of life' idiom + generic narrative connectives
1887,0.3,50,4.224,to,"['being', 'of', 'been', 'to', 'to', 'a', 'been', 'to', 'of', 'their']",q3,4,0.2951327124813741,pure determiner/preposition feature (a/the/to/of) — no topical theme
1901,0.3,50,1.932,day,"['taken', 'took', 'age', 'day', 'day', 'day', 'choice', 'ever', 'rise', 'place']",q3,11,0.34724864730125404,"mixed content-word grab-bag (clothing, sports scores, geological timescales)"
1904,0.2,50,1.481,association,"['piano', 'association', 'olympic', 'cancer', 'the', 'association', 'development', 'and', 'and', 'cancer']",q3,8,0.3562235352978839,'from all walks of life' idiom + generic narrative connectives
1909,0.1,50,5.387,06033,"['06033', '-', '10597590', '59901', '20011843335', '0021565684', '0001123423583', '59701', '25957586']",q3,7,0.40740827981550654,'It was...' historical/technical-description sentences (computing-history register)
1917,0.4,50,1.727,others,"['never', 'others', 'others', 'others', 'others', 'never', 'own', 'first', 'first', 'opposite']",q3,0,0.4147914695028644,relative-clause connective (who/which/whom) in descriptive/narrative prose
1920,0.4,50,5.467,happy,"['happy', 'enjoyable', 'pleasant', 'delightful', 'happy', 'enjoyable', 'pleasant', 'happy', 'enjoyable', 'happy']",q3,5,0.40340412283214655,abstract-noun grab-bag: instruction/direction/destruction/treatment (academic register)
1929,0.2,50,3.35,tag,"['tag', 'tag', 'attribute', 'bar', 'panel', 'attribute', 'column', 'icon', 'modifier', 'terminal']",q3,2,0.439116302836299,"business/technical-strategy vocabulary (strategy, efficiency, calibration, analytic)"
1937,0.3,50,1.448,that,"['people', 'your', 'that', 'someone', 'someone', 'that', 'your', 'that', 'figure', 'someone']",q3,1,0.37364432551359,mixed prose: informal tech-forum voice + institutional-report phrasing
1988,0.4,50,1.682,those,"['their', 'those', 'an', 'those', 'them', 'their', 'their', 'those', 'those', 'her']",q3,1,0.3591616384972168,mixed prose: informal tech-forum voice + institutional-report phrasing
1991,0.3,50,5.226,some,"['%)', 'sure', 'some', '%:', 'some', 'a', 'âłâł', 'in', 'noticed', 'some']",q3,0,0.44207596629319007,relative-clause connective (who/which/whom) in descriptive/narrative prose
2022,0.3,50,3.304,others,"['consequently', 'however', 'nevertheless', 'otherwise', 'finally', 'others', 'something', 'others', 'others', 'something']",q3,9,0.22051357194723853,discourse-connective/conjunctive-adverb list (however/therefore/nevertheless/consequently) — grammar-lesson text
2028,0.2,50,1.659,has,"['-', 'uses', 'has', '/', 'moment', 'has', 'includes', 'encourage', 'greeted', 'monday']",q3,1,0.3372490517976739,mixed prose: informal tech-forum voice + institutional-report phrasing
2098,0.2,50,1.575,patriarch,"['into', 'no', 'fahrenheit', 'bottle', 'open', 'patriarch', 'million', 'voltage', 'trillion', 'patriarch']",q3,13,0.40935236052668494,regulatory-comment-response register ('A commenter requested/raised...')
2134,0.2,50,1.921,who,"['i', 'which', 'often', 'those', 'families', 'who', 'that', 'who', 'few', 'many']",q3,0,0.3411158661502017,relative-clause connective (who/which/whom) in descriptive/narrative prose
2141,0.4,50,3.899,sooner,"['sooner', 'sooner', 'sooner', 'time', 'here', 'sooner', 'time', 'time', 'time', 'here']",q3,1,0.5012853696092582,mixed prose: informal tech-forum voice + institutional-report phrasing
2149,0.1,50,1.454,religious,"['religious', 'hotels', 'deb', 'holidays', 'shopping', 'laundry', 'food', 'track', 'fathers', 'birthday']",q3,10,0.2914075290766123,noisy grab-bag (medical symptoms + business/tech metrics)
2160,0.4,50,5.481,hand,"['hands', 'holding', 'hands', 'hand', 'handed', 'hand', 'hand', 'hand', 'handed', 'holding']",q3,11,0.5000829400503141,"mixed content-word grab-bag (clothing, sports scores, geological timescales)"
2161,0.2,50,1.449,=,"['=', '`', '=', 'grants', 'percentage', 'which', '`', 'percentage', '?', 'which']",q3,0,0.3506254778944528,relative-clause connective (who/which/whom) in descriptive/narrative prose
2165,0.2,50,4.577,stupid,"['stupid', 'afl', 'sequence', 'jsonarray', 'stupid', 'len', 'index', 'iterator', 'state', 'null']",q3,2,0.386979335830834,"business/technical-strategy vocabulary (strategy, efficiency, calibration, analytic)"
2183,0.4,50,3.477,contain,"['contain', 'contain', 'contain', 'contain', 'restrain', 'back', 'hold', 'keep', 'back', 'bring']",q3,1,0.5004204900856275,mixed prose: informal tech-forum voice + institutional-report phrasing
2203,0.2,50,4.227,efficiency,"['techniques', 'strategies', 'efficiency', 'strategy', 'direction', 'strategy', 'efficiency', 'exam', 'tax', 'function']",q3,2,0.3008359347173713,"business/technical-strategy vocabulary (strategy, efficiency, calibration, analytic)"
2204,0.4,50,5.298,a,"['a', 'to', 'have', 'a', 'they', 'the', 'who', 'a', 'its', 'a']",q3,4,0.29341282111887607,pure determiner/preposition feature (a/the/to/of) — no topical theme
2210,0.4,50,4.889,a,"['use', 'a', 'a', 'use', 'for', 'a', 'in', 'a', 'using', 'works']",q3,4,0.327225541913494,pure determiner/preposition feature (a/the/to/of) — no topical theme
2247,0.2,50,1.467,/*,"['/*', 'sought', 'potential', 'off', 'non', 'former', 'needs', '/*', 'sought', '+']",q3,0,0.3457762433504246,relative-clause connective (who/which/whom) in descriptive/narrative prose
2250,0.3,30,1.452,lest,"['lest', 'for', 'lest', 'come', 'lest', 'despite', 'd', 'hath', 'da', 'a']",q3,6,0.3681035455189476,"geographic/administrative entity nouns (United Kingdom, Belgium, region codes) + citation numbering"
2283,0.2,50,5.423,put,"['opened', 'put', 'grabbed', 'uploaded', 'put', 'got', 'named', 'brought', 'used', 'have']",q3,11,0.3964653032297205,"mixed content-word grab-bag (clothing, sports scores, geological timescales)"
2286,0.3,50,5.192,of,"['of', 'some', 'as', 'two', 'them', 'of', 'a', 'of', 'these', 'were']",q3,4,0.32144524539711294,pure determiner/preposition feature (a/the/to/of) — no topical theme
2295,0.4,50,1.438,welcome,"['welcome', 'i', '.', 'welcome', 'wanted', 'come', 'welcome', 'touched', 'welcome', 'read']",q3,7,0.3791769328935417,'It was...' historical/technical-description sentences (computing-history register)
2305,0.3,50,1.77,.?,"['factor', '.?', '.?', 'others', 'keen', 'editors', '.?', 'one', 'factors', 'factor']",q3,13,0.4200552080641079,regulatory-comment-response register ('A commenter requested/raised...')
2310,0.4,50,1.531,is,"['sorry', 'is', 'is', 'sorry', 'is', 'thank', 'sorry', 'healthy', 'is', 'best']",q3,7,0.372485051425261,'It was...' historical/technical-description sentences (computing-history register)
2313,0.2,45,2.231,34,"['34', '37', '50', '63', '43', '66', '34', '36', '74', '173']",q3,8,0.6787550174590881,'from all walks of life' idiom + generic narrative connectives
2323,0.3,50,4.546,",","[',', 'my', 'provide', '-', ',', '-', ',', 'red', ""'s"", '2']",q3,8,0.34892253940820817,'from all walks of life' idiom + generic narrative connectives
2345,0.3,50,5.583,process,"['process', 'file', 'process', 'file', 'process', 'schema', 'message', 'entity', 'file', 'message']",q3,2,0.3693695747489638,"business/technical-strategy vocabulary (strategy, efficiency, calibration, analytic)"
2348,0.2,50,1.467,--,"['amendment', 'after', '--', 'increase', 'game', 'encourage', '--', 'clause', 'get', 'increased']",q3,0,0.2960824475854562,relative-clause connective (who/which/whom) in descriptive/narrative prose
2350,0.2,50,5.167,treat,"['treat', 'emphasis', 'treating', 'treat', 'confine', 'confuse', 'focusing', 'of', 'see', 'equate']",q3,5,0.3975236608299534,abstract-noun grab-bag: instruction/direction/destruction/treatment (academic register)
2378,0.3,50,5.339,be,"['be', 'are', 'are', 'it', 'we', 'is', 'is', 'be', 'be', 'it']",q3,4,0.34602016075682857,pure determiner/preposition feature (a/the/to/of) — no topical theme
2394,0.2,50,1.6,the,"['good', 'the', 'the', '[', 'âģ¢', 'acceleration', 'between', 'vibration', 'âģ¢', 'uh']",q3,13,0.32381633883134936,regulatory-comment-response register ('A commenter requested/raised...')
2402,0.1,50,1.659,property,"['property', '30', 'smallest', 'tolerance', 'only', '/', '${', 'âĥ¬', 'brand', 'treats']",q3,0,0.325358430315698,relative-clause connective (who/which/whom) in descriptive/narrative prose
2417,0.4,50,1.44,shall,"['and', 'shall', 'may', 'i', 'or', 'shall', 'namely', 'one', 'shall', 'shall']",q3,6,0.3971477047465277,"geographic/administrative entity nouns (United Kingdom, Belgium, region codes) + citation numbering"
2419,0.1,50,1.766,in,"['in', 'can', 'by', 'class', 'he', 'wouldn', 'sense', 'avoid', 'the', '=']",q3,7,0.3083302236289769,'It was...' historical/technical-description sentences (computing-history register)
2456,0.2,50,1.65,closer,"['closer', 'closer', 'other', 'delete', 'their', 'their', '6', 'ceo', 's', '),']",q3,3,0.328082722452879,"community/user-engagement vocabulary (players, communities, user interface)"
2462,0.4,50,1.644,the,"['in', 'scratch', 'first', 'the', 'thousands', 'the', 'the', 'logo', 'vision', 'the']",q3,11,0.33753653104293163,"mixed content-word grab-bag (clothing, sports scores, geological timescales)"
2474,0.3,50,1.449,",","[',', 'where', 'world', 'creator', 'where', ',', 'style', 'ensure', 'last', ',']",q3,1,0.35025125287721887,mixed prose: informal tech-forum voice + institutional-report phrasing
2479,0.4,50,3.996,|,"['|', 'contextual', '|', '[[', 'mechanisms', '0', '0', '|', 'situation', '|']",q3,1,0.48298465477543473,mixed prose: informal tech-forum voice + institutional-report phrasing
2484,0.2,50,4.138,affluent,"['affluent', 'secure', 'secure', 'improve', 'sustainable', 'score', 'sustainable', 'affluent', 's', 'scalable']",q3,0,0.3786050607665037,relative-clause connective (who/which/whom) in descriptive/narrative prose
2496,0.3,50,3.97,scientific,"['scientific', 'scientific', 'quality', 'scientific', 'space', 'bios', 'physics', 'states', 'ethical', 'those']",q3,2,0.37730529407326674,"business/technical-strategy vocabulary (strategy, efficiency, calibration, analytic)"
2500,0.2,50,1.503,tue,"['tue', 'wouldn', 'which', 'went', 'eh', 'second', 'mon', 'which', 'tue', 'bloom']",q3,6,0.34911261299788615,"geographic/administrative entity nouns (United Kingdom, Belgium, region codes) + citation numbering"
2517,0.3,50,1.758,>,"['>', 'he', 'it', 'he', 'it', '>', '>(', 'this', 'him', '>']",q3,1,0.40300754375970793,mixed prose: informal tech-forum voice + institutional-report phrasing
2518,0.3,50,4.633,note,"['describe', 'contain', 'note', 'consists', 'note', 'note', 'describing', 'mention', 'capture', 'contain']",q3,5,0.37602148172344924,abstract-noun grab-bag: instruction/direction/destruction/treatment (academic register)
2524,0.1,50,5.436,self,"['self', 'eye', 'high', 'highly', 'industry', 'well', 'user', 'highest', 'non', 'anti']",q3,11,0.341879486365109,"mixed content-word grab-bag (clothing, sports scores, geological timescales)"
2528,0.2,50,1.457,respectively,"['remind', 'respectively', 'manager', 'aged', 'same', 'with', 'with', 'aged', 'her', 'respectively']",q3,0,0.3506553810395769,relative-clause connective (who/which/whom) in descriptive/narrative prose
2557,0.4,50,3.514,anyways,"['anyway', 'anyways', 'anyways', 'anyways', 'consequently', 'although', 'however', 'others', 'anyways', 'nevertheless']",q3,9,0.27700348761478605,discourse-connective/conjunctive-adverb list (however/therefore/nevertheless/consequently) — grammar-lesson text
2571,0.3,50,1.505,use,"['use', 'card', 'continuous', 'return', 'use', 'return', '411', 'right', 'use', 'schedule']",q3,5,0.3756350493478497,abstract-noun grab-bag: instruction/direction/destruction/treatment (academic register)
2630,0.1,50,2.051,syntax,"['syntax', 'threading', 'vector', 'dispatch', 'responselistarticle', 'reactmethod', '\\', '<', '//', 'util']",q3,7,0.5260816707070352,'It was...' historical/technical-description sentences (computing-history register)
2634,0.3,50,5.089,heard,"['technique', 'heard', 'having', 'three', 'heard', 'needed', 'heard', 'version', 'technique', 'necessary']",q3,1,0.35558309216036144,mixed prose: informal tech-forum voice + institutional-report phrasing
2659,0.4,50,3.87,sunday,"['saturday', 'saturday', 'in', 'holiday', 'sunday', 'sunday', 'sunday', 'media', 'sunday', 'celebrate']",q3,11,0.40159432330555817,"mixed content-word grab-bag (clothing, sports scores, geological timescales)"
2707,0.4,50,1.509,who,"['haven', 'who', 'who', 'who', 'have', 'most', 'mother', 'mostly', 'who', 'their']",q3,0,0.32068095922411205,relative-clause connective (who/which/whom) in descriptive/narrative prose
2728,0.2,50,5.274,auto,"['integrated', 'automatic', 'auto', 'infinite', 'manual', 'continuous', 'selective', 'continuous', 'auto', 'partial']",q3,2,0.3642229021956893,"business/technical-strategy vocabulary (strategy, efficiency, calibration, analytic)"
2736,0.4,50,1.773,ones,"['ones', 'feet', 'ones', 'been', 'doubts', 'yorker', 'ones', 'ones', 'world', 'been']",q3,8,0.33694191634997156,'from all walks of life' idiom + generic narrative connectives
2764,0.0,50,2.89,,[],q3,12,0.43420174464908223,paragraph-break whitespace before 'ACKNOWLEDGEMENTS' + noisy grab-bag
2795,0.3,50,5.55,highest,"['highest', 'highest', 'breaking', 'minimum', 'deviations', 'highest', 'high', 'resist', 'break', 'break']",q3,5,0.3729723261295808,abstract-noun grab-bag: instruction/direction/destruction/treatment (academic register)
2803,0.4,43,1.788,aware,"['us', 'us', 'we', 'we', 'aware', 'aware', 'our', 'aware', 'we', 'aware']",q3,3,0.4505846724997835,"community/user-engagement vocabulary (players, communities, user interface)"
2807,0.2,50,1.676,destruction,"['laboratory', 'destruction', 'destruction', 'treatment', 'burning', 'themselves', 'themselves', 'products', 'storing', 'perimeter']",q3,5,0.3058593387738825,abstract-noun grab-bag: instruction/direction/destruction/treatment (academic register)
2811,0.2,50,4.199,was,"['i', 'was', 'knowledge', 'was', 'a', 'analysis', 'an', 'my', ',', 'of']",q3,4,0.38161881615617704,pure determiner/preposition feature (a/the/to/of) — no topical theme
2822,0.2,50,1.503,.,"['.', '`', ""''."", '.', ""''."", '`', 'â®', 'club', 'accordance', 'line']",q3,13,0.3968071670007312,regulatory-comment-response register ('A commenter requested/raised...')
2845,0.3,50,4.376,work,"['commercial', 'work', 'jobs', 'work', 'work', 'career', 'sexually', 'businesses', 'sexually', 'bars']",q3,11,0.3524211180902513,"mixed content-word grab-bag (clothing, sports scores, geological timescales)"
2847,0.4,50,1.512,commenter,"['commenter', 'commenter', 'new', 'be', 'commenter', 'recurrent', 'commenters', 'ability', 'consists', 'commenter']",q3,13,0.30706233758873114,regulatory-comment-response register ('A commenter requested/raised...')
2852,0.1,50,1.849,while,"['while', 'whereas', 'season', 'division', 'clause', 'reduce', 'since', 'collection', 'followed', 'conductor']",q3,7,0.3517153239972818,'It was...' historical/technical-description sentences (computing-history register)
2853,0.1,50,1.461,contact,"['contact', 'drink', 'someone', 'pulls', 'folk', 'digit', 'fighters', 'character', 'notified', 'releases']",q3,0,0.2828180182902671,relative-clause connective (who/which/whom) in descriptive/narrative prose
2864,0.1,19,1.791,consequently,"['consequently', 'nevertheless', 'however', 'otherwise', 'although', 'others', 'finally', 'though', 'also', 'therefore']",q3,9,0.16964065559135544,discourse-connective/conjunctive-adverb list (however/therefore/nevertheless/consequently) — grammar-lesson text
2865,0.1,50,1.462,their,"['their', 'he', 'took', 'the', 'lasted', 'your', 'called', 'blot', 'fought', 'compete']",q3,6,0.3211155893027948,"geographic/administrative entity nouns (United Kingdom, Belgium, region codes) + citation numbering"
2880,0.2,50,1.792,the,"['joining', 'corporation', 'iii', 'sender', 'the', 'the', 'i', 'up', 'awards', 'myself']",q3,1,0.31446914068503207,mixed prose: informal tech-forum voice + institutional-report phrasing
2913,0.2,50,1.488,acquisition,"['acquisition', 'assessments', '$', 'acquisition', 'exterior', 'independent', 'relating', 'blinded', 'limited', 'relating']",q3,10,0.2985169464168124,noisy grab-bag (medical symptoms + business/tech metrics)
2926,0.4,50,4.809,thought,"['thought', 'thought', 'believed', 'believed', 'believe', 'thought', 'believed', 'believes', 'thought', 'believed']",q3,11,0.4665870622969607,"mixed content-word grab-bag (clothing, sports scores, geological timescales)"
2937,0.2,50,1.547,anyone,"['petitioner', 'anyone', 'were', 'deceased', 'professionals', 'anyone', '46', 'users', 'accused', 'borrowed']",q3,0,0.33810844411768703,relative-clause connective (who/which/whom) in descriptive/narrative prose
2949,0.3,50,5.539,criteria,"['criteria', 'while', ""='"", 'criteria', 'criteria', 'global', ""'"", 'while', 'global', ""('""]",q3,2,0.40757803943412496,"business/technical-strategy vocabulary (strategy, efficiency, calibration, analytic)"
2961,0.2,50,1.591,it,"['called', 'better', 'it', 'want', 'sorry', 'was', 'that', 'just', 'just', 'it']",q3,7,0.37120854594285674,'It was...' historical/technical-description sentences (computing-history register)
2972,0.3,50,1.718,"""-","['""-', '""-', 'the', 'through', '1990', '""-', '=', '>', 'him', 'along']",q3,1,0.38377392422703777,mixed prose: informal tech-forum voice + institutional-report phrasing
2976,0.0,50,4.534,,[],q3,12,0.3863988918066819,paragraph-break whitespace before 'ACKNOWLEDGEMENTS' + noisy grab-bag
2990,0.4,50,4.246,witness,"['witness', 'witness', 'witness', 'witness', 'site', 'witnesses', 'greatness', 'colony', 'be', 'laboratories']",q3,5,0.38730394535436957,abstract-noun grab-bag: instruction/direction/destruction/treatment (academic register)
2997,0.3,50,4.621,action,"['action', 'regular', 'extreme', 'real', '12', 'actions', '135', 'regular', 'action', 'action']",q3,2,0.3296887083360824,"business/technical-strategy vocabulary (strategy, efficiency, calibration, analytic)"
