fid,frac,n_total,mean_act,modal,top_words,bucket,cluster,dist_to_centroid,label
6,0.2,28,0.927,specific,"['specific', 'are', 'object', 'body', 'natural', 'semi', 'objects', 'destructive', 'specific', 'body']",q1_lowest,3,0.3541093881607808,'once-in-a-lifetime' idiom + 'need'/archaic register mix
15,0.2,13,0.869,false,"['beyond', 'battlefield', 'outside', 'were', 'false', 'false', 'within', 'filled', 'elsewhere', 'rejected']",q1_lowest,13,0.28334744223973474,noisy grab-bag: technical/legal/scientific mix
22,0.1,12,0.92,strokes,"['strokes', 'following', 'extensions', 'wondering', 'weighs', '28', 'fractions', '41', 'previous', 'uncertainty']",q1_lowest,7,0.34840427868580937,"noisy grab-bag, no consistent theme"
24,0.3,28,1.029,",","['-', '-', 'month', 'have', ',', 'at', ',', ',', 'her', 'your']",q1_lowest,6,0.3407780525377037,"noisy grab-bag, no consistent theme"
51,0.2,20,0.89,/>,"['/>', '>', 'significantly', 'his', 'which', 'ready', 'chances', 'several', '>', '/>']",q1_lowest,13,0.39320811049778687,noisy grab-bag: technical/legal/scientific mix
52,0.4,29,1.064,intended,"['intended', 'intended', 'occurs', 'equals', 'intended', 'and', 'along', 'intended', 'along', 'along']",q1_lowest,4,0.41436346655156386,"noisy grab-bag, no consistent theme"
65,0.2,20,0.933,particularly,"['therefore', 'matter', 'particularly', 'its', 'particularly', 'others', 'he', 'often', 'hua', 'commonly']",q1_lowest,4,0.34359768236860766,"noisy grab-bag, no consistent theme"
68,0.2,22,0.994,added,"['added', 'came', 'joined', 'added', 'coverage', 'with', 'sabbath', 'used', 'remote', 'had']",q1_lowest,11,0.32312289019039275,'home to' idiom (place description) + noisy grab-bag
86,0.1,50,1.005,i,"['i', 'saga', 'and', 'let', 'a', 'count', 'chain', 'in', 'these']",q1_lowest,0,0.312759575476968,pure determiner/slash-fraction feature (a/the/'s + X/10 ratings) — no topical theme
95,0.1,35,0.991,object,"['object', 'they', 'it', '""]', 'lego', 'error', 'adapting', 'technique', 'routine', 'mission']",q1_lowest,7,0.2954889607818823,"noisy grab-bag, no consistent theme"
139,0.1,10,0.879,numeric,"['numeric', 'decentralized', '163', 'carbohydrates', '-->', 'cannabinoid', 'fraction', 'other', 'magnification', '332']",q1_lowest,8,0.4020500072058353,noisy grab-bag: business/legal boilerplate + travel/hospitality listings
149,0.2,36,0.973,here,"['here', 'on', 'comes', 'friends', 'here', 'comes', 'that', 'this', 'complies']",q1_lowest,0,0.3141534251448622,pure determiner/slash-fraction feature (a/the/'s + X/10 ratings) — no topical theme
162,0.2,15,0.929,quality,"['checking', 'showing', 'away', 'plays', 'consumption', 'consistently', 'quality', 'doing', 'abundance', 'quality']",q1_lowest,6,0.31280678921515265,"noisy grab-bag, no consistent theme"
216,0.1,50,1.076,only,"['only', 'jury', 'agent', 'property', 'youngest', 'ha', 'score', 'deal', 'marker', 'node']",q1_lowest,4,0.28651877526260927,"noisy grab-bag, no consistent theme"
224,0.3,12,0.892,thought,"['thought', 'figured', 'thought', ');', 'such', 'and', 'sure', ');', 'thought', 'far']",q1_lowest,6,0.39514205273243425,"noisy grab-bag, no consistent theme"
240,0.1,23,0.946,reflection,"['reflection', 'reflected', 'fringe', 'secrets', 'plane', 'reflective', 'reality', 'reflect', 'initiative', 'crypto']",q1_lowest,4,0.32364204831408205,"noisy grab-bag, no consistent theme"
267,0.2,16,0.926,and,"['pay', '15', 'friendly', '43', 'agree', 'and', 'hope', 'subscription', '3', 'and']",q1_lowest,2,0.3816225253009696,"citation/reference-list numeric formatting (Volume N, timestamps, number sequences)"
282,0.2,16,0.923,broke,"['bonus', 'broke', 'free', 'broke', '==', 'privilege', 'dream', 'smashed', 'delivered', 'aid']",q1_lowest,7,0.31619691682950235,"noisy grab-bag, no consistent theme"
284,0.2,10,0.947,9,"['41', '/', '""""""', '9', 'attended', '37', '19', '9', '):', ',""']",q1_lowest,2,0.42951859145925286,"citation/reference-list numeric formatting (Volume N, timestamps, number sequences)"
291,0.3,12,0.886,our,"['taken', 'horizontal', 'our', 'upon', 'i', 'horizontal', 'done', 'our', 'our']",q1_lowest,13,0.3101936907792919,noisy grab-bag: technical/legal/scientific mix
313,0.1,18,0.94,76,"['76', 'that', 'looked', 'wr', 'didn', 'look', 'came', 'stands', 'french', 'stays']",q1_lowest,12,0.3096514657763903,"noisy grab-bag, no consistent theme"
318,0.1,12,0.86,662,"['662', 'there', '76', 'newspaper', 'to', 'so', 'heavens', 'lesser', 'within', 'pes']",q1_lowest,7,0.3545095770329051,"noisy grab-bag, no consistent theme"
325,0.1,13,0.872,sorts,"['sorts', 'equivalent', 'it', 'âłâłâłâłâłâłâł', 'origins', 'relatively', 'compares', 'transforms', 'easily']",q1_lowest,0,0.38302099693329794,pure determiner/slash-fraction feature (a/the/'s + X/10 ratings) — no topical theme
352,0.2,31,0.93,via,"['via', 'including', 'including', '%,', 'and', '&', ""'."", 'also', 'via', 'and']",q1_lowest,0,0.42455828403520035,pure determiner/slash-fraction feature (a/the/'s + X/10 ratings) — no topical theme
357,0.1,18,0.88,)),"['))', 'around', 'side', 'although', '`', 'entire', 'full', 'surrounded', 'over', 'indicate']",q1_lowest,4,0.33899259758467293,"noisy grab-bag, no consistent theme"
368,0.1,11,0.892,have,"['have', 'loved', 'most', '=', 'each', 'stands', 'he', 'who', 'great']",q1_lowest,10,0.3377536258786241,"noisy grab-bag, business/tech/media reporting"
402,0.2,13,0.95,plate,"['when', 'plate', '""\\', '13', 'clayton', 'even', '1996', '.)', 'plate', 'alike']",q1_lowest,8,0.35671896254987534,noisy grab-bag: business/legal boilerplate + travel/hospitality listings
413,0.3,12,0.846,string,"['the', ""'t"", 'lowest', 'string', 'his', 'which', 'the', 'string', 'string', 'most']",q1_lowest,10,0.34821657772030284,"noisy grab-bag, business/tech/media reporting"
475,0.4,39,0.984,armed,"['armed', '<', 'armed', 'infrared', 'armed', 'armed', 'civil', 'always', '\\', 'best']",q1_lowest,7,0.3629786802434621,"noisy grab-bag, no consistent theme"
477,0.1,15,0.906,which,"['which', 'only', 'about', 'one', 'users', 'choose', 'where', 'anywhere', 'driving', 'sorts']",q1_lowest,4,0.33317439254720216,"noisy grab-bag, no consistent theme"
513,0.1,18,0.951,dealing,"['dealing', 'projects', 'oneself', 'bachelor', 'honour', 'ceremony', 'brethren', 'chapter', 'depends', '20']",q1_lowest,9,0.27877705665158137,noisy grab-bag: finance/business reporting
535,0.1,50,1.076,automobile,"['automobile', 'accounting', 'envisioned', 'right', '\\', 'armed', 'ordered', 'responsibility', 'behalf', '""']",q1_lowest,6,0.3625857455459237,"noisy grab-bag, no consistent theme"
562,0.2,18,0.846,m,"['ans', 'that', 'home', 'thing', 'm', 'attend', 'don', 'm', 'advantage', 'result']",q1_lowest,11,0.28922597315704224,'home to' idiom (place description) + noisy grab-bag
581,0.2,19,0.973,risk,"['junior', 'risk', 'o', 'o', 'do', 'new', 'have', 'risk', 'regulatory', 'other']",q1_lowest,9,0.3021287111297505,noisy grab-bag: finance/business reporting
582,0.4,50,1.022,**,"['**', 'inches', '**', '**', 'usual', ""'s"", '**', 'system', 'addition', 'other']",q1_lowest,6,0.37278128322435616,"noisy grab-bag, no consistent theme"
583,0.3,12,1.064,anniversary,"['percentile', 'anniversary', 'anniversary', 'percentile', 'anniversary', 'parallel', '])', 'note', 'consequence', 'it']",q1_lowest,7,0.3629962017284221,"noisy grab-bag, no consistent theme"
609,0.1,15,0.935,duration,"['duration', 'now', 'name', 'radius', ',', 'bids', 'so', 'b', '5', '2']",q1_lowest,12,0.3408098223827543,"noisy grab-bag, no consistent theme"
679,0.1,50,0.99,proceedings,"['proceedings', '103', '58', '101', 'snap', 'because', 'month', 'restart', 'staple', 'it']",q1_lowest,2,0.3357261932563134,"citation/reference-list numeric formatting (Volume N, timestamps, number sequences)"
698,0.3,17,0.912,neuron,"['yi', 'fellow', 'others', 'neuron', 'neuron', 'tracking', 'fellow', 'neuron', 'yi', 'millennials']",q1_lowest,4,0.3754487176956737,"noisy grab-bag, no consistent theme"
700,0.3,50,1.023,/,"['/', 'question', 'the', 'challenged', '/', 'invite', 'conquer', 'almost', 'dear', '/']",q1_lowest,0,0.31004853050596415,pure determiner/slash-fraction feature (a/the/'s + X/10 ratings) — no topical theme
709,0.2,50,0.972,&,"['&', 'where', '/', 'him', '&', 'minute', '3', 'import', 'his', 'd']",q1_lowest,10,0.3666355176126948,"noisy grab-bag, business/tech/media reporting"
710,0.3,12,1.075,r,"['r', '19', 'r', '3', '17', '16', '33', 'raspberry', 'r', '12']",q1_lowest,7,0.4999514658075554,"noisy grab-bag, no consistent theme"
724,0.4,26,0.994,lifting,"['on', 'had', 'lifting', 'compromising', 'standards', 'lifting', 'lifting', 'knocked', 'did', 'lifting']",q1_lowest,4,0.40069107731048476,"noisy grab-bag, no consistent theme"
728,0.3,50,1.059,3,"['3', 'production', 'images', 'between', 'suite', '3', '13', 'evidence', 'experience', '3']",q1_lowest,8,0.37485451157398614,noisy grab-bag: business/legal boilerplate + travel/hospitality listings
738,0.2,50,1.05,_.,"['concentrate', 'get', 's', 'had', 'been', 'up', 'taken', '_.', '_.', 'd']",q1_lowest,7,0.3411839355297019,"noisy grab-bag, no consistent theme"
744,0.4,25,1.039,ceo,"['officer', 'ceo', 'director', 'mr', 'mrs', 'ceo', 'premises', 'ceo', 'ceo', 'the']",q1_lowest,10,0.44578347735904317,"noisy grab-bag, business/tech/media reporting"
748,0.2,50,1.037,gpa,"['causes', 'gpa', 'yard', 'md', 'former', 'reader', 'memory', 'feel', 'gpa', 'grades']",q1_lowest,6,0.33029338586653906,"noisy grab-bag, no consistent theme"
767,0.2,48,1.061,',"['rest', ""'"", 'complexity', ""'"", 'partners', 'latter', 'complexity', 'sorts', 'dynamics', 'former']",q1_lowest,4,0.32447257106014415,"noisy grab-bag, no consistent theme"
772,0.2,11,0.88,those,"['communities', 'these', 'those', 'descending', 'those', 'great', 'millions', 'purchased', 'return']",q1_lowest,13,0.2850127562075594,noisy grab-bag: technical/legal/scientific mix
778,0.1,21,0.911,husband,"['husband', ""''"", 'sheriff', 'magistrate', '$', 'others', 'reasonable', 'rabbits', 'defendant', 'playboy']",q1_lowest,7,0.3675042445565983,"noisy grab-bag, no consistent theme"
779,0.3,10,0.931,ratio,"['ratio', 'fundamental', 'officer', 'and', 'resolution', 'to', 'ratio', 'ratio', '2', 'cent']",q1_lowest,4,0.4034785350320953,"noisy grab-bag, no consistent theme"
780,0.1,10,0.831,"]),","[']),', 'oral', 'all', 'min', 'carried', ""',"", 'none', 'invoked', 'conscious', 'cover']",q1_lowest,13,0.3512221931477239,noisy grab-bag: technical/legal/scientific mix
785,0.1,11,0.916,out,"['out', 'entire', 'infinite', 'nowhere', 'east', 'endless', 'max', 'all', ""',"", 'ensuring']",q1_lowest,10,0.41285597562522613,"noisy grab-bag, business/tech/media reporting"
840,0.1,50,1.068,many,"['many', 'www', 'teams', 'may', 'heels', 'seniors', 'league', 'head', 'conjunction']",q1_lowest,7,0.27658765021769915,"noisy grab-bag, no consistent theme"
851,0.1,35,1.0,brought,"['brought', 'that', 'fields', 'affects', 'requirements', 'sets', ',', 'disciplines', 'holds', '>']",q1_lowest,10,0.33915620067212987,"noisy grab-bag, business/tech/media reporting"
858,0.2,16,0.899,the,"['annually', 'year', 'std', 'the', 'the', 'from', 'brace', 'const', 'something', 'posterior']",q1_lowest,9,0.27257302569951025,noisy grab-bag: finance/business reporting
879,0.2,44,1.027,"),","['his', 'when', 'blend', 'configure', '),', '),', 'behind', ']),', 'into', 'handle']",q1_lowest,10,0.39277601044759963,"noisy grab-bag, business/tech/media reporting"
890,0.2,50,1.071,there,"['appears', 'there', 'there', '171', 'himself', 'those', 'though', 'twice', 'seems', 'wasn']",q1_lowest,1,0.34739213948629877,'never before existed' + narrative-intensifier grab-bag
895,0.2,50,1.061,adaptation,"['adaptation', 'replace', 'example', 'know', 'adaptation', 'exception', 'in', 'replacing', 'was', 'someone']",q1_lowest,4,0.3159623544225893,"noisy grab-bag, no consistent theme"
902,0.2,50,0.949,9,"['9', '119', 'commands', 'thanks', 'goes', '9', '-', 'due', '}}', '-']",q1_lowest,8,0.3816603824921689,noisy grab-bag: business/legal boilerplate + travel/hospitality listings
904,0.2,41,0.985,respectively,"['d', '43', 'respectively', 'and', 'november', '0000', 'old', 'episode', 'respectively', '15']",q1_lowest,8,0.3791312986448661,noisy grab-bag: business/legal boilerplate + travel/hospitality listings
923,0.3,19,0.899,watched,"['cue', 'regained', 'bay', 'watched', 'hailed', 'watch', 'about', 'watched', 'watched']",q1_lowest,11,0.36576715038515567,'home to' idiom (place description) + noisy grab-bag
924,0.2,29,0.941,send,"['occasion', 'case', 'hold', 'send', 'honour', 'mail', 'decent', 'send', 'attain', 'lead']",q1_lowest,9,0.2991404725420722,noisy grab-bag: finance/business reporting
926,0.2,22,0.919,/**,"['13', '/**', '/**', '11', '146', 'used', 'sixth', '6', 'surged', 'pour']",q1_lowest,2,0.3691385116867454,"citation/reference-list numeric formatting (Volume N, timestamps, number sequences)"
938,0.1,39,1.074,"),","['),', 'aren', '14', 'others', '2004', 'what', '2007', 'don', 'and', ')?']",q1_lowest,2,0.38630410945847277,"citation/reference-list numeric formatting (Volume N, timestamps, number sequences)"
946,0.2,50,1.043,so,"['so', 'also', 'i', 'so', 'here', 'respectively', 'other', 'this', 'week', 'and']",q1_lowest,10,0.40518989814105394,"noisy grab-bag, business/tech/media reporting"
983,0.2,20,0.957,40,"['fahrenheit', 'a', 'technical', 'for', 'facial', 'profit', 'spiritual', 'fatty', '40', '40']",q1_lowest,8,0.3715456417260258,noisy grab-bag: business/legal boilerplate + travel/hospitality listings
985,0.2,17,0.947,audiences,"['most', 'audiences', 'audiences', 'accessibility', 'chain', 'playing', 'thousands', 'occasion', 'she', 'ranging']",q1_lowest,1,0.2751184195248701,'never before existed' + narrative-intensifier grab-bag
987,0.2,12,0.883,once,"['once', 'instant', 'once', 'the', 'whatever', 'to', 'craft', 'every', 'achieved', 'been']",q1_lowest,3,0.31368673589036317,'once-in-a-lifetime' idiom + 'need'/archaic register mix
989,0.1,50,1.066,z,"['z', 'dialogue', 'nyc', 'gaining', 'problem', 'arise', 'winter', 'gmo', 'grasp']",q1_lowest,4,0.2865657126016517,"noisy grab-bag, no consistent theme"
994,0.2,11,0.88,said,"['said', 'yeah', 'holy', 'sometimes', 'going', 'feb', ',', 'hz', 'fairfax', 'said']",q1_lowest,4,0.452366071020962,"noisy grab-bag, no consistent theme"
1000,0.4,30,1.046,in,"['should', 'in', 'in', 'in', 'late', 'in', 'do', 'late', 'thursday', 'ĉ']",q1_lowest,11,0.33704744190185304,'home to' idiom (place description) + noisy grab-bag
1010,0.2,13,0.906,cumulative,"['mining', 'even', 'cumulative', 'anxious', 'lesser', 'menstrual', 'cumulative', 'ninth', 'tablespoon', 'shuttle']",q1_lowest,9,0.4280258259044915,noisy grab-bag: finance/business reporting
1028,0.2,10,0.838,wake,"['instruction', 'wake', 'wake', 'health', 'judge', 'create', 'real', 'regional', 'health', 'make']",q1_lowest,7,0.35426704664531544,"noisy grab-bag, no consistent theme"
1030,0.2,10,0.857,ponytail,"['a', 'eh', 'and', 'medicare', 'asked', 'ponytail', 'ponytail', 'plugs', 'participated', 'variable']",q1_lowest,11,0.3158267409002595,'home to' idiom (place description) + noisy grab-bag
1062,0.3,20,0.971,longer,"['yard', 'longer', '139', 'month', '130', 'speed', 'mag', 'longer', 'longer']",q1_lowest,7,0.37466799147209706,"noisy grab-bag, no consistent theme"
1071,0.3,10,0.899,'',"[""''"", '$$', 'others', 'neither', ']:', '$$', ""''"", 'as', ',', ""''""]",q1_lowest,6,0.41272576060173916,"noisy grab-bag, no consistent theme"
1072,0.4,22,1.064,from,"['likes', 'would', 'from', 'no', 'from', 'from', 'whole', 'whole', 'was', 'from']",q1_lowest,11,0.35501611381855686,'home to' idiom (place description) + noisy grab-bag
1086,0.1,50,1.022,dragging,"['dragging', 'farther', '?', '30', 'sole', 'whoever', 'persons', 'oman', 'smoother', 'cared']",q1_lowest,9,0.3097112154141976,noisy grab-bag: finance/business reporting
1097,0.1,11,0.86,set,"['set', '@', 'hit', 'conversion', '31', 'hunt', 'the', 'takes', '1']",q1_lowest,10,0.30760390450925057,"noisy grab-bag, business/tech/media reporting"
1098,0.2,18,0.977,only,"['mundane', 'cases', 'court', 'only', 'commons', 'another', 'and', 'limestone', 'pane', 'only']",q1_lowest,1,0.3348407260663825,'never before existed' + narrative-intensifier grab-bag
1111,0.1,10,0.875,degree,"['degree', 'filed', 'vec', 'persons', 'fellow', 'phd', 'probe']",q1_lowest,13,0.3288251930802731,noisy grab-bag: technical/legal/scientific mix
1129,0.2,50,1.012,23,"['23', '23', '#', 'a', 'long', 'its', 'jury', 'call', 'a', 'to']",q1_lowest,6,0.29863456680798933,"noisy grab-bag, no consistent theme"
1134,0.2,11,0.852,use,"['established', 'âģ¢', 'after', 'finished', 'set', 'use', 'gets', 'program', 'use']",q1_lowest,10,0.3204261106028752,"noisy grab-bag, business/tech/media reporting"
1145,0.3,13,0.863,furthermore,"['furthermore', 'furthermore', ')?', 'e', 'e', ').', 'furthermore', 'depending', 'e', 'which']",q1_lowest,5,0.3893910242258287,"epidemiology/public-health reporting vocabulary (outbreaks, studies) + colonial/political history"
1146,0.2,13,0.927,11,"['11', 'extent', '/', '11', 'thy', 'cannot', 'et', '&&', 'et', '"",']",q1_lowest,2,0.38864213803558767,"citation/reference-list numeric formatting (Volume N, timestamps, number sequences)"
1159,0.2,19,0.994,10,"['no', '10', 'c', 'button', 'c', 'there', 'de', 'when', 'tend', '10']",q1_lowest,12,0.33921350080973445,"noisy grab-bag, no consistent theme"
1228,0.4,50,1.051,ãĺ,"['ãĺ', 'ãĺ', '+', 'than', 'label', 'contact', 'ãĺ', 'format', 'ãĺ', '+']",q1_lowest,3,0.37271684199495086,'once-in-a-lifetime' idiom + 'need'/archaic register mix
1238,0.2,16,0.949,/,"['/', 'own', 'those', 'pace', '08', 'your', '/', 'only', 'those', ',']",q1_lowest,0,0.3041107876657825,pure determiner/slash-fraction feature (a/the/'s + X/10 ratings) — no topical theme
1239,0.2,25,0.948,terms,"['terms', 'somewhere', 'dec', 'gone', 'ways', 'km', 'terms', 'ways', 'the', 'hour']",q1_lowest,6,0.34889768307225977,"noisy grab-bag, no consistent theme"
1260,0.3,37,1.042,'s,"['.', ""'s"", 'in', 'in', 'a', ""'s"", 'rank', 'favor', '.', ""'s""]",q1_lowest,0,0.3405844174581646,pure determiner/slash-fraction feature (a/the/'s + X/10 ratings) — no topical theme
1292,0.1,26,0.96,certainly,"['certainly', '46', 'ceo', '2006', 'made', 'deepest', 'only', 'spent', 'and', 'too']",q1_lowest,10,0.33451761228704835,"noisy grab-bag, business/tech/media reporting"
1353,0.2,36,1.042,fractions,"['courtesy', 'sorts', 'fractions', 'conditions', 'while', 'reasonable', '//', 'fractions', 'things', 'processing']",q1_lowest,7,0.38597818708872245,"noisy grab-bag, no consistent theme"
1368,0.2,50,1.058,the,"['promised', 'ratio', 'averaged', 'whole', 'passing', 'the', 'proportional', 'regression', 'the', 'accustomed']",q1_lowest,10,0.36642403385420763,"noisy grab-bag, business/tech/media reporting"
1393,0.2,50,1.067,subscribe,"['004', 'subscribe', 'subscribe', 'duration', '14', 'responds', 'latter', 'recipient', 'previous', 'adhere']",q1_lowest,2,0.4084973183346649,"citation/reference-list numeric formatting (Volume N, timestamps, number sequences)"
1410,0.2,42,0.923,3,"['sometimes', '3', 'so', 'need', '3', 'comes', 'so', '0', '13']",q1_lowest,3,0.3262950748534598,'once-in-a-lifetime' idiom + 'need'/archaic register mix
1414,0.3,41,0.965,how,"['up', 'job', 'up', 'how', 'how', 'how', 'for', 'under', 'stayed', 'year']",q1_lowest,6,0.3214672196434655,"noisy grab-bag, no consistent theme"
1421,0.3,15,0.88,behind,"['and', 'a', 'behind', 'the', 'command', 'behind', 'accurate', 'and', 'behind', 'data']",q1_lowest,4,0.4007074764564161,"noisy grab-bag, no consistent theme"
1425,0.3,26,1.058,projected,"['fraction', 'fraction', 'projected', 'projected', 'projected', 'of', '16', 'v', 'of', '21']",q1_lowest,6,0.4143898832016656,"noisy grab-bag, no consistent theme"
1447,0.2,18,0.909,"',","[""',"", '.', ""',"", '2', '|', ',', ',', '|', 'then', 'you']",q1_lowest,0,0.4145143536113827,pure determiner/slash-fraction feature (a/the/'s + X/10 ratings) — no topical theme
1455,0.1,20,0.927,fourth,"['fourth', 'mayor', 'dated', 'new', 'smoother', 'record', 'withstand', 'each', 'crown', ""';""]",q1_lowest,9,0.3487513567216527,noisy grab-bag: finance/business reporting
1469,0.2,17,1.017,applicant,"['applicant', 'essay', 'others', 'enhancement', '323', 'increase', 'hesitation', 'applicant', 'enhancement', 'argument']",q1_lowest,4,0.3284490414763746,"noisy grab-bag, no consistent theme"
1478,0.2,12,0.882,.,"['.', 'assures', 'scotland', '.', 'before', 'endings', 'fan', 'ans', 'latter', '""/']",q1_lowest,7,0.3574961073640613,"noisy grab-bag, no consistent theme"
1484,0.3,11,0.86,matter,"['matter', 'and', 'beta', 'external', 'matter', 'matter', 'particular', 'goals', 'fundamental', 'note']",q1_lowest,7,0.31897936143507033,"noisy grab-bag, no consistent theme"
1497,0.3,50,1.042,"=""","['unavailable', 'within', '=""', 'a', '=""', 'reached', '=""', 'both', '),', 'various']",q1_lowest,9,0.393035161451153,noisy grab-bag: finance/business reporting
1503,0.3,41,1.06,among,"['unsigned', 'identifying', 'among', 'among', 'subsequent', 'received', 'december', 'prepaid', 'and', 'among']",q1_lowest,13,0.40549150703213627,noisy grab-bag: technical/legal/scientific mix
1505,0.1,18,0.935,dishes,"['dishes', 'aber', 'provinces', 'meetings', 'midst', 'âģ¢', 'agencies', 'respective', '9', 'difference']",q1_lowest,8,0.28974078742652876,noisy grab-bag: business/legal boilerplate + travel/hospitality listings
1509,0.3,50,1.069,interval,"['interval', 'external', '+', 'extends', 'whenever', 'intervals', 'interval', 'vs', 'anniversary', 'interval']",q1_lowest,5,0.41576105840235217,"epidemiology/public-health reporting vocabulary (outbreaks, studies) + colonial/political history"
1520,0.1,10,0.866,2008,"['2008', '35', 'portuguese', 'fading', '46', 'former', 'latest', '52', 'greatest', 'led']",q1_lowest,2,0.3412725785470243,"citation/reference-list numeric formatting (Volume N, timestamps, number sequences)"
1578,0.4,14,0.935,into,"['into', 'into', '21', 'into', '274', 'issue', 'subsistence', 'into', '22', 'org']",q1_lowest,2,0.39939347894969207,"citation/reference-list numeric formatting (Volume N, timestamps, number sequences)"
1606,0.2,15,0.954,and,"['and', 'this', '),', 'and', '),', ',', 'which', '8', 'for', 'this']",q1_lowest,2,0.42679305577310706,"citation/reference-list numeric formatting (Volume N, timestamps, number sequences)"
1612,0.3,15,0.942,there,"['get', 'there', 'there', '-', 'l', 'there', '2', 'git', 'it', 'them']",q1_lowest,12,0.32677632380780147,"noisy grab-bag, no consistent theme"
1622,0.3,39,1.055,we,"['we', 'was', 'of', 'they', 'we', 'we', ""'"", ""'s"", 'who', 'the']",q1_lowest,0,0.3308373302584698,pure determiner/slash-fraction feature (a/the/'s + X/10 ratings) — no topical theme
1630,0.2,21,0.947,'s,"['out', ""'s"", 'authorization', 'responsibility', 'yeah', 'offense', 'abandoned', '676', ""'s"", 'dysfunctional']",q1_lowest,7,0.32900633727125894,"noisy grab-bag, no consistent theme"
1651,0.2,26,0.973,wife,"['2004', 'bothering', 'record', 'wife', 'more', 'accents', '221', 'we', 'wife', 'structure']",q1_lowest,9,0.2877043191980292,noisy grab-bag: finance/business reporting
1660,0.4,14,0.857,?,"['to', '?', '});', 'to', '?', '?', 'had', '?', 'virtually', 'and']",q1_lowest,12,0.32788506690454544,"noisy grab-bag, no consistent theme"
1665,0.3,50,1.045,args,"['today', 'origin', 'head', 'args', 'args', 'driven', 'schedule', 'nowhere', 'args', 'causing']",q1_lowest,8,0.3422840487025103,noisy grab-bag: business/legal boilerplate + travel/hospitality listings
1672,0.1,16,0.996,customers,"['customers', 'visible', '),', '$,', '))', 'thunder', '],', 'opposed', 'application', 'the']",q1_lowest,5,0.35052442285904445,"epidemiology/public-health reporting vocabulary (outbreaks, studies) + colonial/political history"
1714,0.3,50,1.043,order,"['order', 'unable', 'lookout', '#', 'order', 'face', 'order', 'allowed', 'hadn']",q1_lowest,7,0.3930626245906683,"noisy grab-bag, no consistent theme"
1728,0.2,15,1.052,6,"['</', '130', '11', '139', '6', '21', 'see', '6', '13', 'careful']",q1_lowest,2,0.42243464516005313,"citation/reference-list numeric formatting (Volume N, timestamps, number sequences)"
1736,0.2,10,0.841,himself,"['trim', 'hastily', 'tightly', 'even', 'himself', 'routine', '401', 'yourself', 'himself', 'â°']",q1_lowest,9,0.3233016856708005,noisy grab-bag: finance/business reporting
1757,0.2,25,0.921,develop,"['younger', 'definitions', 'enhance', 'develop', ""'"", 'develop', 'officers', 'childhood', 'experience', 'community']",q1_lowest,6,0.31900004780829017,"noisy grab-bag, no consistent theme"
1779,0.2,39,1.026,no,"['no', 'no', 'not', 'ago', 'to', 'probably', 'than', 'âģĵ', 'they', 'ago']",q1_lowest,12,0.2589148077010832,"noisy grab-bag, no consistent theme"
1805,0.3,50,1.017,a,"['every', 'a', '23', 'instant', 'significant', 'a', '-', 'one', 'a']",q1_lowest,10,0.3783635171977784,"noisy grab-bag, business/tech/media reporting"
1815,0.2,50,1.033,association,"['association', 'association', 'reach', '80', 'institute', 'amazing', 'america', '80', 'hub', 'size']",q1_lowest,9,0.29708360899126285,noisy grab-bag: finance/business reporting
1850,0.2,33,0.944,mindset,"['fellow', 'mindset', 'till', 'mindset', 'together', 'group', 'vicinity', 'state', 'psyche', 'suit']",q1_lowest,4,0.36903323686932266,"noisy grab-bag, no consistent theme"
1855,0.1,50,0.999,colonial,"['colonial', 'lives', 'numbers', 'temperatures', 'la', 'itself', 'civil', 'six', 'employment', 'lake']",q1_lowest,5,0.31063690493373913,"epidemiology/public-health reporting vocabulary (outbreaks, studies) + colonial/political history"
1863,0.2,12,0.899,},"['}', 'among', '\\', '}', 'informed', '></', 'province', 'were', 'most', 'in']",q1_lowest,11,0.33310728141611035,'home to' idiom (place description) + noisy grab-bag
1868,0.2,50,1.063,e,"['which', 'individuals', 'only', 'in', 'e', 'collective', 'they', 'every', 'they', 'e']",q1_lowest,1,0.35877963084389464,'never before existed' + narrative-intensifier grab-bag
1882,0.2,11,0.938,existed,"['existed', 'pressed', 'scene', 'nobody', 'existed', 'job', 'exists', 'there', 'available', 'to']",q1_lowest,1,0.2672772749265258,'never before existed' + narrative-intensifier grab-bag
1890,0.1,10,1.03,their,"['their', 'the', 'f', 'capitol', 'association', '][', 'format', 'where', 'have', '#']",q1_lowest,7,0.324714757023129,"noisy grab-bag, no consistent theme"
1899,0.2,11,0.853,thing,"['good', 'is', 'much', 'thing', 'light', 'too', 'thing', 'most', 'look', 'was']",q1_lowest,12,0.3319784110235714,"noisy grab-bag, no consistent theme"
1911,0.1,13,0.94,60,"['60', '66', 'least', 'he', 'advertisers', 'will', '62', '32', 'waves', 'a']",q1_lowest,8,0.4071862602128436,noisy grab-bag: business/legal boilerplate + travel/hospitality listings
1921,0.3,10,0.887,remained,"['remained', 'better', 'remained', 'appeared', 'thought', 'remained', '19', '&', 'images', 'said']",q1_lowest,7,0.4028600868257762,"noisy grab-bag, no consistent theme"
1956,0.2,11,0.871,});,"['there', 'amongst', 'order', 'whereas', 'degree', 'its', '});', '.', 'only', '});']",q1_lowest,7,0.3429784394484662,"noisy grab-bag, no consistent theme"
1967,0.3,12,0.912,grew,"['lifetime', 'discover', 'grew', 'grew', 'grew', 'discover', '@', '...', 'list', '@']",q1_lowest,7,0.3777213362423568,"noisy grab-bag, no consistent theme"
1993,0.2,20,0.95,duration,"['basis', 'manufacturer', 'patrons', 'duration', 'physical', 'supervisor', 'hosts', 'latter', 'retailer', 'duration']",q1_lowest,4,0.39013670701384584,"noisy grab-bag, no consistent theme"
2009,0.2,36,1.006,9999,"['in', 'august', 'ages', '9999', '.', '9999', 'wish', 'i', 'not', '.']",q1_lowest,10,0.3454851747897953,"noisy grab-bag, business/tech/media reporting"
2012,0.2,24,0.936,addition,"['addition', 'sauce', 'enough', 'interested', 'half', 'modified', 'almost', 'addition', 'turned', 'described']",q1_lowest,13,0.343456478071322,noisy grab-bag: technical/legal/scientific mix
2024,0.2,22,1.015,points,"['traditionally', 'grounds', 'points', 'kilometers', 'some', 'some', 'diversity', 'even', 'tails', 'points']",q1_lowest,3,0.3197786609271399,'once-in-a-lifetime' idiom + 'need'/archaic register mix
2026,0.2,12,0.955,outer,"['11', 'she', 'g', 'another', 'my', 'outer', 'hip', 'outer', '$\\', '119']",q1_lowest,8,0.37227314614606477,noisy grab-bag: business/legal boilerplate + travel/hospitality listings
2043,0.2,17,0.949,former,"['former', 'trio', 'will', ')))', 'lookup', 'former', 'staff', 'hands', 'had', 'draft']",q1_lowest,4,0.3918700521256592,"noisy grab-bag, no consistent theme"
2059,0.2,31,0.952,implied,"['05', 'implied', '15', 'constant', 'logistics', 'reflective', 'few', 'wounded', 'implied', 'dreamed']",q1_lowest,10,0.361999016885388,"noisy grab-bag, business/tech/media reporting"
2080,0.2,50,1.052,here,"['worlds', 'special', 'here', 'half', 'days', 'end', 'end', 'creator', 'here', 'born']",q1_lowest,6,0.34121823111199584,"noisy grab-bag, no consistent theme"
2086,0.2,10,0.886,huh,"['huh', 'associated', 'namespace', ""'"", 'protocol', 'arrangement', 'huh', '`', 'petitioner', 'liberation']",q1_lowest,8,0.34505729794862505,noisy grab-bag: business/legal boilerplate + travel/hospitality listings
2126,0.2,10,0.902,at,"['who', 'democratic', 'at', 'a', 'home', 'our', 'whole', 'at', '/*', 'home']",q1_lowest,11,0.2961581956366227,'home to' idiom (place description) + noisy grab-bag
2156,0.2,18,0.875,per,"['needs', 'per', 'need', 'learn', 'heat', 'phone', 'life', 'needed', 'per', 'character']",q1_lowest,3,0.2886196050203565,'once-in-a-lifetime' idiom + 'need'/archaic register mix
2164,0.3,29,0.918,with,"['let', 'with', 'with', 'five', 'build', '.', 'with', 'gives', 'gives', 'build']",q1_lowest,0,0.3112765760173372,pure determiner/slash-fraction feature (a/the/'s + X/10 ratings) — no topical theme
2179,0.2,17,0.94,needed,"['needed', 'need', 'deciding', 'when', 'needed', 'needs', 'lasting', 'superiority', 'deploying', 'defensive']",q1_lowest,7,0.401791114819625,"noisy grab-bag, no consistent theme"
2191,0.1,17,0.975,noun,"['noun', 'something', 'lesson', 'between', 'deter', 'thank', 'ideals', 'neural', '50', 'lower']",q1_lowest,4,0.30774405983902514,"noisy grab-bag, no consistent theme"
2197,0.2,19,0.978,-,"['-', 'exception', 'meantime', 'the', 'exception', '-', 'audience', 'whenever', 'those', 'environment']",q1_lowest,4,0.3173351100100605,"noisy grab-bag, no consistent theme"
2198,0.2,10,0.851,to,"['certain', 'living', 'through', 'grid', '#', 'to', 'satisfying', 'solve', 'to', 'towards']",q1_lowest,6,0.33734346663523623,"noisy grab-bag, no consistent theme"
2216,0.3,24,0.973,image,"['image', 'yeah', 'ownership', 'whole', 'counterparts', 'homework', 'hood', 'age', 'image', 'image']",q1_lowest,4,0.2865989732967734,"noisy grab-bag, no consistent theme"
2221,0.1,15,0.929,against,"['against', 'knocking', 'dual', 'knowledge', 'dysfunction', 'proprietary', 'respective', 'avoiding', 'resisting', 'their']",q1_lowest,9,0.3155100195441931,noisy grab-bag: finance/business reporting
2265,0.3,27,0.989,from,"['from', 'without', 'between', 'moved', '==', 'moved', 'from', 'time', '0', 'from']",q1_lowest,10,0.3532273075613745,"noisy grab-bag, business/tech/media reporting"
2296,0.3,50,1.024,check,"['check', 'check', 'that', 'that', 'justice', 'whole', 'check', 'there', 'that']",q1_lowest,12,0.37088275283301525,"noisy grab-bag, no consistent theme"
2329,0.3,13,0.86,a,"['a', 'pub', 'a', 'kingdom', 'old', 'a', 'after', 'of', 'heart', 'am']",q1_lowest,0,0.354308586629201,pure determiner/slash-fraction feature (a/the/'s + X/10 ratings) — no topical theme
2338,0.1,10,0.84,potential,"['potential', 'single', '*', 'first', ""'"", 've', 'still', '10', 'default', 'current']",q1_lowest,9,0.33997197842738125,noisy grab-bag: finance/business reporting
2340,0.2,16,0.905,users,"['of', 'cast', 'users', 'users', 'in', 'next', 'user', 'decided', 'fifth', 'brought']",q1_lowest,10,0.27661305576644823,"noisy grab-bag, business/tech/media reporting"
2354,0.1,42,1.009,gripped,"['gripped', 'so', 'risen', 'closer', 'an', 'boulder', 'it', 'ever', 'first', 'guide']",q1_lowest,1,0.2580818408719318,'never before existed' + narrative-intensifier grab-bag
2401,0.3,50,1.067,should,"['returns', 'should', 'annually', 'should', 'in', 'should', 'would', 'similarly', 'episodes', 'kinds']",q1_lowest,10,0.42642988270728416,"noisy grab-bag, business/tech/media reporting"
2411,0.2,40,1.003,993,"['could', '993', '993', 'mean', 'was', 'meant', 'pleasure', ""'d"", 'meant', 'lot']",q1_lowest,6,0.41231808319409685,"noisy grab-bag, no consistent theme"
2457,0.2,26,0.991,that,"['happened', 'three', 'she', 'complement', 'they', 'that', 'poetry', 'that', 'colonies', 'familiar']",q1_lowest,3,0.32482926390290867,'once-in-a-lifetime' idiom + 'need'/archaic register mix
2460,0.3,12,0.881,former,"['former', 'former', 'former', 'sixth', 'nine', 'search', '13', 'exception', 'oklahoma', 'type']",q1_lowest,8,0.4032620891995541,noisy grab-bag: business/legal boilerplate + travel/hospitality listings
2476,0.1,19,0.945,admin,"['admin', 'was', 'struggled', 'winner', 'difference', '$$', 'glittered', 'none', 'officials', 'failure']",q1_lowest,1,0.2949598398881327,'never before existed' + narrative-intensifier grab-bag
2496,0.2,10,0.88,"},","['smallest', '199', '},', '4', '\\(', 'by', '),', '\\)', '6', '},']",q1_lowest,8,0.41383347365651973,noisy grab-bag: business/legal boilerplate + travel/hospitality listings
2502,0.2,10,1.017,region,"['region', 'region', 'ray', 'user', '25', 'country', 'âĺı', 'method', '10', '11']",q1_lowest,4,0.40855670489699125,"noisy grab-bag, no consistent theme"
2516,0.2,16,1.027,by,"['brings', 'legal', 'in', 'trigger', 'triggers', 'to', 'by', 'essential', 'by', 'under']",q1_lowest,9,0.29531963058181065,noisy grab-bag: finance/business reporting
2533,0.2,35,0.988,heavens,"['heavens', 'heavens', 'arranged', 'wizard', 'parties', 'association', 'designated', 'friday', 'outcome', 'lone']",q1_lowest,4,0.34198187827407556,"noisy grab-bag, no consistent theme"
2536,0.2,27,0.919,"),","['),', 'result', 'likes', 'think', 'name', 'think', 'wide', ',', '),', 'result']",q1_lowest,6,0.37490520171787833,"noisy grab-bag, no consistent theme"
2549,0.2,12,0.91,angle,"['kinds', 'better', 'angle', 'angle', 'think', 'corners', 'is', 'importantly', 'a', 'pressure']",q1_lowest,8,0.37376286852188306,noisy grab-bag: business/legal boilerplate + travel/hospitality listings
2579,0.1,15,0.95,believed,"['believed', 'neither', '`', 'the', 'third', 'was', 'world', 'allied', 'baird', 'i']",q1_lowest,7,0.33129350232444815,"noisy grab-bag, no consistent theme"
2592,0.2,36,1.0,smallest,"['degrees', 'smallest', '$', '/', 'as', 'smallest', 'as', 'sections', 'down', '/']",q1_lowest,13,0.4316109207677803,noisy grab-bag: technical/legal/scientific mix
2599,0.1,10,0.858,authoritative,"['authoritative', 'there', 'covenant', '87', '43', 'raw', 'ns', 'epoch', '18', 'upright']",q1_lowest,8,0.38477151153524636,noisy grab-bag: business/legal boilerplate + travel/hospitality listings
2604,0.3,13,0.939,select,"['a', 'select', 'select', 'is', 'select', 'that', 'battling', 'that', 'instance', 'studios']",q1_lowest,7,0.35678062264386534,"noisy grab-bag, no consistent theme"
2619,0.3,22,0.921,examples,"['explosion', 'examples', 'examples', '),', 'manifestations', 'origins', '),', 'counterparts', 'examples', 'exposes']",q1_lowest,5,0.32030136321123304,"epidemiology/public-health reporting vocabulary (outbreaks, studies) + colonial/political history"
2648,0.2,16,0.998,achieve,"['end', 'control', 'themselves', 'allen', 'company', ""'"", 'writer', 'example', 'achieve', 'achieve']",q1_lowest,9,0.2784612965987381,noisy grab-bag: finance/business reporting
2664,0.2,11,0.958,the,"['storing', 'the', '186', 'putting', 'history', 'the', 'history']",q1_lowest,0,0.3137442319274789,pure determiner/slash-fraction feature (a/the/'s + X/10 ratings) — no topical theme
2679,0.2,11,1.0,thing,"['thing', 'wed', 'of', 'may', 'wondered', 'wed', 'name', 'cup', 'thing', 'wednesday']",q1_lowest,4,0.43744775814115644,"noisy grab-bag, no consistent theme"
2694,0.1,50,1.043,"`,","['`,', 'likewise', '-', '121', 'configure', '>=', 'renown', 'hosts', 'allocate', 'exploration']",q1_lowest,4,0.39447826262944796,"noisy grab-bag, no consistent theme"
2696,0.3,24,1.029,so,"['anecdote', 'â»', 'so', 'idea', '50', 'so', 'email', 'so', 'â»', 'stuff']",q1_lowest,6,0.44352205487844826,"noisy grab-bag, no consistent theme"
2702,0.2,24,0.987,more,"['more', 'which', 'himself', 'others', 'entitled', 'result', 'more', 'others', '-', 'categories']",q1_lowest,4,0.3726096702680608,"noisy grab-bag, no consistent theme"
2709,0.4,50,1.045,long,"['long', 'we', 'long', 'behalf', 'we', 'with', 'long', 'couldn', 'long', 'we']",q1_lowest,11,0.3652345159985543,'home to' idiom (place description) + noisy grab-bag
2711,0.1,20,0.886,----,"['----', 'dent', 'âł', 'attainment', ""'"", 'instead', '10', 'competitions', 'westminster', ""')""]",q1_lowest,7,0.26860358034026205,"noisy grab-bag, no consistent theme"
2746,0.1,46,1.068,lacking,"['lacking', '19', 'variables', 'arising', 'will', '249', 'can', 'lying', 'social', 'gross']",q1_lowest,4,0.3029800491441444,"noisy grab-bag, no consistent theme"
2755,0.1,50,1.053,per,"['per', 'r', 'into', '1', '10', 'att', 'return', 'features', 'more', 'vor']",q1_lowest,13,0.2791369198927528,noisy grab-bag: technical/legal/scientific mix
2791,0.1,19,0.955,like,"['like', 'be', 'more', 'in', '.', 'i', 'nearest', 'why', 'could', 'click']",q1_lowest,12,0.3870140437196964,"noisy grab-bag, no consistent theme"
2805,0.2,50,1.06,circles,"['circles', '&', 'to', 'as', 'circles', 'to', 'categories', 'branches', 'were', 'nodes']",q1_lowest,4,0.3070719889093016,"noisy grab-bag, no consistent theme"
2812,0.3,12,0.851,an,"['accessing', 'rolling', 'vol', 'an', 'an', 'an', 'closures', 'closing', 'course', 'jun']",q1_lowest,7,0.3168338448719029,"noisy grab-bag, no consistent theme"
2835,0.2,10,0.851,nothing,"['nothing', 'nothing', 'sake', 'derive', 'instance', 'possesses', 'good', 'stems', 'speak']",q1_lowest,13,0.3314565159497328,noisy grab-bag: technical/legal/scientific mix
2859,0.3,14,0.939,join,"['godmother', 'join', 'join', ',', 'necessary', 'join', 'out', ',""', 'doubt', 'out']",q1_lowest,10,0.35120537820736275,"noisy grab-bag, business/tech/media reporting"
2862,0.2,16,0.974,outbreaks,"['outbreaks', 'studies', 'outbreaks', 'explosive', '2004', '1886', 'incest', 'without', ""'s"", 'leaks']",q1_lowest,5,0.2864249935180792,"epidemiology/public-health reporting vocabulary (outbreaks, studies) + colonial/political history"
2894,0.2,11,0.85,"),","['arrows', 'into', '),', '),', '40', '<', 'frac', 'monitors', 'upper', 'drills']",q1_lowest,8,0.36578262316993454,noisy grab-bag: business/legal boilerplate + travel/hospitality listings
2896,0.2,11,0.908,how,"['how', 'relied', 'like', 'like', 'pp', 'every', 'how', 'pp', 'last', 'rid']",q1_lowest,3,0.35554426694187347,'once-in-a-lifetime' idiom + 'need'/archaic register mix
2898,0.4,10,0.881,(_,"['45', 'wiki', '(_', ""','"", 'twain', '(_', 'wikipedia', 'statements', '(_', '(_']",q1_lowest,8,0.5471204718826483,noisy grab-bag: business/legal boilerplate + travel/hospitality listings
2899,0.4,11,0.89,2,"[',', '),', 'hands', '2', '2', 'will', 'is', 'hands', '2', '2']",q1_lowest,8,0.4437162843212327,noisy grab-bag: business/legal boilerplate + travel/hospitality listings
2928,0.2,50,1.075,discounts,"['6', 'charge', 'discounts', '0', '&', 'apart', 'day', 'count', 'discounts', 'if']",q1_lowest,9,0.299345768300756,noisy grab-bag: finance/business reporting
2940,0.2,19,0.925,so,"['way', 'so', 'ca', 'so', 'far', 'very', 'with', 'through', 'c', 'through']",q1_lowest,6,0.3210174448277652,"noisy grab-bag, no consistent theme"
2960,0.2,16,0.919,how,"['how', 'around', '.', 'introduction', 'you', '6', 'day', 'how', 'you', 'box']",q1_lowest,6,0.3315144139300497,"noisy grab-bag, no consistent theme"
2965,0.1,12,0.891,use,"['use', 'll', 'construed', 'alleging', '3', 'available', 'diagram', 'determine', 'arising', 'back']",q1_lowest,1,0.3067256677631549,'never before existed' + narrative-intensifier grab-bag
2966,0.1,14,0.89,officers,"['officers', 'photo', 'had', '45', 'netherlands', 'belonged', 'b', 'voting', 'minnesota', 'worked']",q1_lowest,8,0.3216854308818776,noisy grab-bag: business/legal boilerplate + travel/hospitality listings
2984,0.1,37,1.046,us,"['us', 'year', '-', 'hand', 'him', '20', 'agency', 'in', 'way', 'second']",q1_lowest,9,0.3098633993517958,noisy grab-bag: finance/business reporting
2989,0.2,50,1.053,few,"["",''"", 'hierarchy', 'few', 'association', 'following', 'foregoing', 'identifiable', 'of', 'few', 'for']",q1_lowest,10,0.37583311317318097,"noisy grab-bag, business/tech/media reporting"
0,0.3,50,1.226,others,"['equals', '),', 'others', 'and', '),', 'answer', 'others', 'others', 'some', 'equals']",q2,7,0.42145913385924627,"entertainment/media-review vocabulary (appearance, release, genre) — noisy"
31,0.3,50,1.234,rely,"['rely', '&', 'impacts', '-', 'and', 'fields', ""',"", 'rely', ""'"", 'rely']",q2,10,0.38316336507043,mixed: paragraph-break whitespace + corporate/institutional-name lists
40,0.1,37,1.095,kingdom,"['kingdom', 'components', 'practitioner', 'subscription', 'independent', 'assembly', 'paragraph', '81', 'introduction', 'from']",q2,4,0.2633129395087699,"legal/consumer-terms vocabulary (subscription, license, public domain, practitioner)"
41,0.1,50,1.223,protection,"['protection', '7', 'generate', 'portion', 'protected', 'energy', 'produce', 'slaves', 'produced', 'retrieve']",q2,3,0.31866762976247126,"noisy grab-bag, no consistent theme"
46,0.1,50,1.309,arabia,"['arabia', 'ago', 'servants', 'want', 'leadership', 'distance', 'might', 'caused', 'f']",q2,3,0.2682502491145498,"noisy grab-bag, no consistent theme"
66,0.3,50,1.263,thank,"['sorry', 'fact', 'thank', '10', 'necessary', 'thank', 'like', 'need', 'thank', 'hopefully']",q2,2,0.3988327449649318,"noisy grab-bag, no consistent theme"
74,0.4,46,1.227,http,"['http', 'http', 'latter', 'latter', 'stands', 'http', 'latter', 'face', 'latter', 'http']",q2,7,0.44178568396956536,"entertainment/media-review vocabulary (appearance, release, genre) — noisy"
80,0.2,50,1.141,::,"['under', 'header', 'plane', '::', 'card', 'constraint', 'worker', 'operator', 'angle', '::']",q2,3,0.39968181732164265,"noisy grab-bag, no consistent theme"
133,0.2,50,1.176,different,"['votes', 'single', 'visited', 'different', 'different', 'within', 'any', 'under', 'a', 'other']",q2,6,0.3028434346961598,"chemistry/reaction-kinetics vocabulary (reaction rates, conditions) + archaic legal-narrative prose"
135,0.2,50,1.178,no,"['ever', 'no', 'say', 'it', 'compact', 'mentioned', 'do', 'do', 'design', 'no']",q2,2,0.2955287792141138,"noisy grab-bag, no consistent theme"
144,0.2,50,1.092,",","['>', 'which', 'environments', 'april', '4', 'at', '-', '18', ',', ',']",q2,9,0.3704919092856681,noisy grab-bag: technical specs + career/business advice prose
163,0.2,50,1.312,huh,"['were', '###', 'huh', 'weren', 'no', 'may', '``', 'att', 'att', 'huh']",q2,7,0.38753665459255243,"entertainment/media-review vocabulary (appearance, release, genre) — noisy"
165,0.1,40,1.124,77,"['77', '88', 'traumatic', 'woes', 'nearest', 'shorthand', '91', 'justice', 'reputation', 'requisite']",q2,11,0.3940332788160076,noisy grab-bag: engineering/game-mechanics vocabulary
202,0.2,50,1.144,74,"['74', '82', '74', '42', 'resource', 'ranging', '47', '399', '14', 'speaking']",q2,13,0.42124979093021403,noisy grab-bag: measurement-conversion tables + misc
208,0.3,28,1.081,the,"['within', 'the', 'of', 'the', 'those', 'they', 'from', 'that', 'those', 'the']",q2,6,0.38802555605698175,"chemistry/reaction-kinetics vocabulary (reaction rates, conditions) + archaic legal-narrative prose"
209,0.3,50,1.147,so,"['about', 'last', '21', 'pace', 'so', 'must', '21', 'so', 'so', 'accessed']",q2,6,0.44376202231280076,"chemistry/reaction-kinetics vocabulary (reaction rates, conditions) + archaic legal-narrative prose"
210,0.3,16,1.188,6,"['and', '5', '6', '9', 'and', '8', '9', '6', '6', '5']",q2,11,0.6480135998188362,noisy grab-bag: engineering/game-mechanics vocabulary
218,0.1,50,1.211,measured,"['measured', 'â±', 'www', 'fahrenheit', 'of', 'week', 'api', 'medicines', 'medicine', 'culture']",q2,13,0.2802782761361417,noisy grab-bag: measurement-conversion tables + misc
235,0.2,15,1.186,tables,"['days', 'tables', 'free', 'tables', 'topics', '0', 'day']",q2,10,0.35583203166256433,mixed: paragraph-break whitespace + corporate/institutional-name lists
249,0.3,50,1.275,",","['15', 'fee', '35', 'challenges', 'in', ',', '15', 'enhances', ',', ',']",q2,8,0.3394458953329031,noisy grab-bag: scientific/statistical tables + code snippets
280,0.2,50,1.189,â±,"['â±', 'and', 'â±', '/>', 'he', ')', 'they', 'those', '161', 'him']",q2,9,0.3731603859327001,noisy grab-bag: technical specs + career/business advice prose
307,0.3,50,1.249,was,"['aren', 'as', 'was', 'was', 'and', 'was', 'is', 'after', 'yet', 'of']",q2,12,0.37960787792095313,"legal-citation/civic-reporting register (population figures, court citations, 'in addition')"
334,0.3,50,1.205,learned,"['learned', 'metric', 'then', 'out', 'https', 'learned', 'learned', 'asked', 'full', 'handed']",q2,2,0.3316433787796948,"noisy grab-bag, no consistent theme"
346,0.3,30,1.141,=,"['=', 'date', '+', 'to', 'year', '=', 'clone', 'published', 'integer', '=']",q2,10,0.46423420718804054,mixed: paragraph-break whitespace + corporate/institutional-name lists
361,0.1,50,1.141,acquired,"['acquired', 'observed', 'asserts', 'requires', 'apparent', 'about', '56', 'generated', 'latter', 'and']",q2,12,0.41963325462924783,"legal-citation/civic-reporting register (population figures, court citations, 'in addition')"
362,0.2,29,1.1,s,"['bath', 'by', 's', 'be', 's', 'enthusiasts', 'words', 'com']",q2,10,0.31582702273135704,mixed: paragraph-break whitespace + corporate/institutional-name lists
374,0.4,23,1.09,hadn,"['http', 'hadn', ""';"", 'hadn', 'whereas', 'hadn', 'whereas', 'whereas', 'ago', 'hadn']",q2,5,0.4392894021205925,sensory-comparison prose (smelled/looked/tasted) + noisy grab-bag
380,0.4,50,1.33,label,"['label', 'label', 'label', 'act', 'act', 'label', 'article', 'regular', 'spot', 'article']",q2,1,0.3434394063007961,noisy narrative/dialogue grab-bag
393,0.2,50,1.248,â±,"['former', 'through', 'which', 'â±', '7', 'formerly', '7', '`,', 'crushed', 'â±']",q2,9,0.4679754835028007,noisy grab-bag: technical specs + career/business advice prose
443,0.2,50,1.374,also,"['hrs', 'whose', 'well', 'also', 'in', 'course', 'its', 'also', 'his', 'recently']",q2,9,0.28413023324510794,noisy grab-bag: technical specs + career/business advice prose
448,0.2,50,1.235,%),"['%)', 'facilitate', 'resources', 'depend', 'rely', 'a', 'another', 'grants', 'rely', '%)']",q2,12,0.3413876715705041,"legal-citation/civic-reporting register (population figures, court citations, 'in addition')"
465,0.2,18,1.091,sundays,"['sundays', 'weekends', 'when', 'held', 'sundays', 'runs', 'when', 'himself', 'held', 'flies']",q2,0,0.3106155582457844,news-dateline/press-release register + 'thought that' reported belief
471,0.2,50,1.137,against,"['fy', 'enhancing', 'against', 'since', '/', 'against', '1956', 'a', 'founded', 'of']",q2,0,0.27319708652230923,news-dateline/press-release register + 'thought that' reported belief
473,0.4,50,1.355,it,"['it', 'it', 'it', 'highlight', 'the', 'while', 'kind', 'plan', 'it', 'part']",q2,1,0.3337839186915176,noisy narrative/dialogue grab-bag
502,0.2,50,1.22,estate,"['refer', 'added', 'pretty', 'as', 'starting', 'on', 'estate', 'do', 'estate', 'lowest']",q2,5,0.3181069069312997,sensory-comparison prose (smelled/looked/tasted) + noisy grab-bag
559,0.4,50,1.259,const,"['called', 'same', 'part', 'after', 'right', 'const', 'const', 'const', 'const', 'skin']",q2,3,0.4005640009734544,"noisy grab-bag, no consistent theme"
571,0.4,50,1.131,duty,"['duty', 'course', 'maximum', 'the', 'young', 'duty', 'duty', 'duty', 'campus', 'emphasis']",q2,3,0.29161379287933564,"noisy grab-bag, no consistent theme"
593,0.2,50,1.282,was,"['crime', 'court', 'rest', 'was', 'was', 'post', 'seat', 'also', 'which', 'birth']",q2,6,0.2571154918539273,"chemistry/reaction-kinetics vocabulary (reaction rates, conditions) + archaic legal-narrative prose"
595,0.4,50,1.315,would,"['force', 'would', 'she', 'she', 'at', 'would', 'would', 'encourage', 'would', 'for']",q2,3,0.40415279172664365,"noisy grab-bag, no consistent theme"
621,0.2,50,1.195,addition,"['memory', 'studies', 'v', 'opposed', 'addition', 'academic', 'courts', 'addition', 'there', 'accommodation']",q2,12,0.27076792471928374,"legal-citation/civic-reporting register (population figures, court citations, 'in addition')"
625,0.1,50,1.37,field,"['field', 'age', 'good', 'priority', 'without', 'purpose', 'pick', 'aim', 'demand', '-']",q2,3,0.2860494316072183,"noisy grab-bag, no consistent theme"
633,0.3,50,1.264,layer,"['layers', 'layers', 'layer', 'layer', 'layer', 'facility', 'resource', 'industry', 'era', 'genre']",q2,3,0.3584469720063603,"noisy grab-bag, no consistent theme"
672,0.2,50,1.249,old,"['time', 'old', 'old', 'right', 'took', 'ago', 'guy', 'one', 'into', '--']",q2,6,0.30129932277463334,"chemistry/reaction-kinetics vocabulary (reaction rates, conditions) + archaic legal-narrative prose"
683,0.1,50,1.318,4,"['4', 'present', '&', 'go', 'friday', 'march', '04', 'mar', 'ground', '/']",q2,10,0.3730041713586012,mixed: paragraph-break whitespace + corporate/institutional-name lists
693,0.2,50,1.298,were,"['corner', 'between', 'ground', 'thing', 'were', 'were', 'purpose', 'tomb', 'purpose', 'then']",q2,11,0.3486585567395769,noisy grab-bag: engineering/game-mechanics vocabulary
695,0.3,50,1.166,said,"['s', 'had', '<<', 'said', 'said', 'behalf', 'originating', 'said', 'impacting', 'impact']",q2,12,0.38584751274797335,"legal-citation/civic-reporting register (population figures, court citations, 'in addition')"
703,0.2,50,1.131,into,"['into', '?', 'inches', 'âģ¢', 'degrees', 'any', 'any', 'degrees', 'into', 'inches']",q2,12,0.45575028300769266,"legal-citation/civic-reporting register (population figures, court citations, 'in addition')"
730,0.2,50,1.109,explore,"['explore', 'external', 'album', 'and', 'oak', 'indian', 'digital', '11', 'explore', ',']",q2,5,0.31377759518046566,sensory-comparison prose (smelled/looked/tasted) + noisy grab-bag
759,0.1,50,1.101,gives,"['gives', 'acts', 'eden', 'operating', 'act', 'eco', 'with', 'ought', 'dead', 'natural']",q2,3,0.2710994077054986,"noisy grab-bag, no consistent theme"
769,0.1,50,1.083,character,"['character', 'righteous', 'improved', 'worse', 'measure', 'appeal', 'their', 'in', 'order']",q2,5,0.28634538284843586,sensory-comparison prose (smelled/looked/tasted) + noisy grab-bag
786,0.2,50,1.201,were,"['being', 'wouldn', 'name', 'regarding', 'while', 'were', 'regular', 'year', 'were', 'create']",q2,8,0.3361785259887797,noisy grab-bag: scientific/statistical tables + code snippets
795,0.3,50,1.261,=,"['cycle', 'bank', 'cycle', '=', '=', 'university', 'road', '=', 'aged', 'code']",q2,10,0.3433647540201709,mixed: paragraph-break whitespace + corporate/institutional-name lists
796,0.1,50,1.258,wish,"['wish', 'kind', 'something', 'hardly', 'result', '``', 'aim', 'might', 'latter', 'little']",q2,7,0.3676285478744056,"entertainment/media-review vocabulary (appearance, release, genre) — noisy"
804,0.2,50,1.329,per,"['per', 'per', 'high', 'studies', 'vertical', 'vertical', 'dollar', 'currency', 'basis', 'use']",q2,12,0.3447308871062573,"legal-citation/civic-reporting register (population figures, court citations, 'in addition')"
808,0.4,50,1.357,|,"['"").', 'intervals', '|', 'intervals', 'officers', '|', '|', '|', '});', '"").']",q2,11,0.4434717029712652,noisy grab-bag: engineering/game-mechanics vocabulary
809,0.3,50,1.134,that,"['city', 'bi', 'that', 'that', '3', '233', 'that', '13', 'can', '150']",q2,9,0.3030723199707488,noisy grab-bag: technical specs + career/business advice prose
892,0.1,20,1.206,blogs,['blogs'],q2,10,0.3656374512004211,mixed: paragraph-break whitespace + corporate/institutional-name lists
922,0.2,50,1.256,back,"['same', 'right', 'for', 'back', 'back', 'in', 'don', 'through', 'by', 'here']",q2,6,0.36123152058207364,"chemistry/reaction-kinetics vocabulary (reaction rates, conditions) + archaic legal-narrative prose"
948,0.2,50,1.145,then,"['suggested', 'then', 'before', 'then', 'need', 'once', ""'"", 'return', 'later', '):']",q2,2,0.2934517803453863,"noisy grab-bag, no consistent theme"
970,0.1,50,1.272,without,"['without', 'premiered', 'survey', 'inventory', 'medications', 'retailers', 'subjected', 'behalf', 'traveled', 'interactions']",q2,4,0.3752599033859771,"legal/consumer-terms vocabulary (subscription, license, public domain, practitioner)"
981,0.3,11,1.162,line,"['line', 'line', 'line', 'interest', '25', 'arts', 'ordinary', 'needs', 'love', 'taxa']",q2,3,0.35489267297300925,"noisy grab-bag, no consistent theme"
1036,0.3,50,1.088,.,"['\\', 'told', '.', 'sorry', '.', 'told', 'world', 'matter', '.', 'how']",q2,2,0.41052830989286665,"noisy grab-bag, no consistent theme"
1041,0.2,50,1.08,and,"['hours', 'some', 'and', 'had', 'had', 'cell', 'and', 'look', 'looked', 'looked']",q2,11,0.3663683380450267,noisy grab-bag: engineering/game-mechanics vocabulary
1052,0.2,50,1.327,want,"['want', 'and', 'then', 'thing', 'registered', 'thing', 'want', 'certain', 'a']",q2,1,0.30415448091817027,noisy narrative/dialogue grab-bag
1054,0.2,50,1.141,town,"['town', 'town', '],', 'borough', 'were', 'voters', 'australia', 'schools', 'patients', 'medical']",q2,5,0.35536452433267385,sensory-comparison prose (smelled/looked/tasted) + noisy grab-bag
1063,0.4,50,1.3,the,"['laboratories', 'who', 'films', 'exposures', 'the', 'layers', 'the', 'the', 'exposures', 'the']",q2,12,0.42516710154627824,"legal-citation/civic-reporting register (population figures, court citations, 'in addition')"
1096,0.2,50,1.258,given,"['gives', 'prohibition', 'given', 'go', 'committed', 'given', 'ward', 'born', 'conversation', 'still']",q2,1,0.2959916574122653,noisy narrative/dialogue grab-bag
1116,0.2,50,1.278,from,"['from', 'the', 'the', '=$', 'cursor', '$', 'from', '.', 'cf', '""],']",q2,2,0.32017729533372896,"noisy grab-bag, no consistent theme"
1138,0.2,50,1.298,disabled,"['disabled', 'been', 'before', 'but', 'other', 'disabled', 'who', 'but', 'it', 'languages']",q2,6,0.33339155944205767,"chemistry/reaction-kinetics vocabulary (reaction rates, conditions) + archaic legal-narrative prose"
1181,0.3,50,1.22,certain,"['certain', 'direct', 'with', 'modifying', 'if', 'certain', 'mr', '+', 'certain', 'direct']",q2,12,0.3543130867948267,"legal-citation/civic-reporting register (population figures, court citations, 'in addition')"
1212,0.2,45,1.135,over,"['over', 'weekend', 'over', 'testament', 'around', 'the', 'cause', 'around', 'just', 'testament']",q2,12,0.33616676019861313,"legal-citation/civic-reporting register (population figures, court citations, 'in addition')"
1237,0.2,50,1.377,before,"['known', 'before', 'part', 'day', 'very', 'before', 'thought', 'care', 'america', 'for']",q2,9,0.34023720662368573,noisy grab-bag: technical specs + career/business advice prose
1286,0.2,50,1.33,-,"['.', 'of', '-', 'variables', 'the', 'sides', 'part', '-', '32', 'sides']",q2,13,0.37191840740208587,noisy grab-bag: measurement-conversion tables + misc
1289,0.4,11,1.116,share,"['share', 'share', 'for', 'share', 'for', 'four', 'negative', 'cake', 'for', 'share']",q2,1,0.4329146474297189,noisy narrative/dialogue grab-bag
1300,0.3,50,1.164,given,"['given', '*/', 'tends', 'since', 'given', 'given', '*/', 'tend', 'since', 'tended']",q2,3,0.385413861686713,"noisy grab-bag, no consistent theme"
1315,0.1,50,1.203,tunnels,"['tunnels', 'filters', 'drains', 'tables', 'leaving', 'skies', 'twenty', 'between', 'leave']",q2,11,0.33174074059033654,noisy grab-bag: engineering/game-mechanics vocabulary
1320,0.1,50,1.303,established,"['established', 'open', 'na', 'a', 'his', 'passed', '6', 'unveiled', 'lbs', 'double']",q2,2,0.2945410912876759,"noisy grab-bag, no consistent theme"
1329,0.3,10,1.196,fantastic,"['fantastic', 'fantastic', 'sort', 'sometime', 'wonderful', 'majestic', 'kinds', 'fantastic', 'wonderful', 'kinds']",q2,6,0.476923964994997,"chemistry/reaction-kinetics vocabulary (reaction rates, conditions) + archaic legal-narrative prose"
1333,0.3,50,1.324,which,"['which', '),', 'which', 'which', '),', 'extends', '46', '46', 'sep', 'and']",q2,8,0.4149391566366085,noisy grab-bag: scientific/statistical tables + code snippets
1369,0.1,50,1.284,with,"['with', '.)', 'the', 'then', 'cared', 'or', 'either', 'but', 'problems', '.""']",q2,12,0.3569773933328785,"legal-citation/civic-reporting register (population figures, court citations, 'in addition')"
1382,0.3,44,1.205,pick,"['pick', 'holy', 'pick', 'holy', 'we', 'we', 'pick', 'one', 'wake', 'day']",q2,1,0.3487223682722004,noisy narrative/dialogue grab-bag
1392,0.2,50,1.322,if,"['if', 'played', 'enable', 'to', 'at', 'given', 'time', 'of', 'effort', 'if']",q2,0,0.3656981843571825,news-dateline/press-release register + 'thought that' reported belief
1397,0.2,50,1.084,by,"['by', 'here', 'could', 'happened', 'last', 'here', 'last', '),', 'by', 'ãĺ']",q2,9,0.3216674661918845,noisy grab-bag: technical specs + career/business advice prose
1398,0.2,11,1.128,1998,"['1998', '1998', 'co', 'force', 'they', 'the', 'bool', '#', 'co', 'technique']",q2,8,0.35254746070272985,noisy grab-bag: scientific/statistical tables + code snippets
1401,0.4,50,1.356,by,"['suppose', 'by', 'whose', 'by', 'unix', 'by', 'perfect', 'human', 'by', 'purpose']",q2,2,0.37997692986341314,"noisy grab-bag, no consistent theme"
1463,0.1,50,1.121,*,"['*', 'âł', 'all', '14', '++', 'to', '28', 'ever', 'mid']",q2,2,0.37550002656737164,"noisy grab-bag, no consistent theme"
1466,0.1,50,1.096,something,"['something', 'regardless', 'sorts', 'meantime', 'throughout', 'emotions', 'mood', 'shades', 'aware', 'heard']",q2,7,0.2943231508674523,"entertainment/media-review vocabulary (appearance, release, genre) — noisy"
1492,0.3,50,1.132,for,"[',', 'save', 'for', '],', 'for', '-', '-', 'press', ',', 'for']",q2,10,0.40443416167632157,mixed: paragraph-break whitespace + corporate/institutional-name lists
1527,0.2,50,1.086,thought,"['--', 'celebrates', 'thought', 'hoped', 'thought', 'jpg', 'expects', 's', 'was', 'nyse']",q2,0,0.308018744561156,news-dateline/press-release register + 'thought that' reported belief
1534,0.2,50,1.372,response,"['response', 'device', '#', '-', 'company', 'response', 'adopt', 'team', 'fly', 'dear']",q2,3,0.300478102709802,"noisy grab-bag, no consistent theme"
1544,0.2,50,1.162,generation,"['hungary', 'generation', '76', 'friday', 'female', 'french', 'thursday', 'generation', 'guitar', 'iceland']",q2,4,0.40726798813324494,"legal/consumer-terms vocabulary (subscription, license, public domain, practitioner)"
1547,0.1,50,1.154,obstacles,"['obstacles', 'obstacle', 'order', 'around', 'thing', 'indicator', 'improving', 'hands', 'episodes', 'guide']",q2,11,0.31122559752506695,noisy grab-bag: engineering/game-mechanics vocabulary
1549,0.1,13,1.124,least,"['least', 'unless', 'some', 'standard', 'until', 'average', 'raw', 'both', 'many', 'however']",q2,1,0.38135212692885856,noisy narrative/dialogue grab-bag
1557,0.4,50,1.278,the,"['specifications', 'the', 'appeared', 'the', 'the', 'standards', 'organization', 'the', 'standards', 'appearing']",q2,7,0.3871314336882074,"entertainment/media-review vocabulary (appearance, release, genre) — noisy"
1564,0.1,50,1.08,38,"['38', '98', 'carve', 'others', 'different', 'kind', 'definite', 'thence', 'him', 'lot']",q2,6,0.31729081492181027,"chemistry/reaction-kinetics vocabulary (reaction rates, conditions) + archaic legal-narrative prose"
1573,0.3,50,1.143,part,"['part', 'time', 'away', 'parts', 'resistance', 'probability', 'now', 'weather', 'part', 'part']",q2,4,0.4172457919193674,"legal/consumer-terms vocabulary (subscription, license, public domain, practitioner)"
1589,0.3,50,1.197,menu,"['hr', ');', 'menu', 'matter', 'menu', 'monthly', 'menu', 'hr', 'where', 'assistance']",q2,11,0.39728433837722604,noisy grab-bag: engineering/game-mechanics vocabulary
1591,0.2,50,1.077,-,"['-', 'battles', 'and', 'mostly', 'vs', 'look', 'onwards', 'against', '-', 'occurs']",q2,7,0.3783529254449283,"entertainment/media-review vocabulary (appearance, release, genre) — noisy"
1604,0.4,50,1.171,credit,"['credit', 'persons', 'hashtag', 'rely', 'most', 'credit', 'developing', '80', 'credit', 'credit']",q2,4,0.3405845401025771,"legal/consumer-terms vocabulary (subscription, license, public domain, practitioner)"
1616,0.2,50,1.18,third,"['third', 'fifth', 'third', 'respective', 'majesty', 'such', 'will', 'mission', 'holder', 'violate']",q2,12,0.37088630124540184,"legal-citation/civic-reporting register (population figures, court citations, 'in addition')"
1627,0.1,50,1.241,away,"['away', 'wales', 'resumes', 'success', 'charge', 'will', 'went', 'that', 'talented', 'innovation']",q2,9,0.29402427092768574,noisy grab-bag: technical specs + career/business advice prose
1637,0.2,50,1.101,to,"['jurassic', '%),', 'which', 'vs', 'and', 'apiece', '>', 'to', 'to', 'key']",q2,8,0.301515444916514,noisy grab-bag: scientific/statistical tables + code snippets
1659,0.1,50,1.317,kinds,"['kinds', 'released', 'of', 'months', 'price', 'report', 'ga', 'shortest', 'weeks', 'from']",q2,12,0.3073612627585235,"legal-citation/civic-reporting register (population figures, court citations, 'in addition')"
1683,0.1,50,1.327,bytes,"['bytes', 'birds', 'typing', 'exercise', 'type', 'entering', 'stresses', 'bodied', 'that', 'soils']",q2,12,0.31972296612088524,"legal-citation/civic-reporting register (population figures, court citations, 'in addition')"
1692,0.2,50,1.225,that,"['of', 'that', 'non', 'field', 'balkans', '7', 'that']",q2,10,0.30782374868172024,mixed: paragraph-break whitespace + corporate/institutional-name lists
1718,0.3,50,1.378,high,"['high', 'supposed', 'high', 'high', 'see', 'person', 'for', 'true', 'style', 'hire']",q2,5,0.3145320558505836,sensory-comparison prose (smelled/looked/tasted) + noisy grab-bag
1722,0.3,50,1.19,way,"['something', 'way', 'have', 'work', 'some', 'way', 'crank', 'their', 'way', 'furthermore']",q2,1,0.33136488106127754,noisy narrative/dialogue grab-bag
1732,0.2,50,1.306,.,"['a', 'array', '->', 'able', '.', '=', '.', 'and', '||', 'force']",q2,2,0.36670587059570886,"noisy grab-bag, no consistent theme"
1739,0.1,50,1.224,middle,"['middle', 'region', '26', 'europe', 'district', 'application', 'luxury', 'industry', 'today', 'serve']",q2,9,0.33292003236246315,noisy grab-bag: technical specs + career/business advice prose
1742,0.3,50,1.116,'.,"[""',"", ""'."", 'whereas', ""'."", 'reg', 'same', 'highest', 'of', 'liberty', ""'.""]",q2,12,0.4063516176301966,"legal-citation/civic-reporting register (population figures, court citations, 'in addition')"
1760,0.2,50,1.365,nearer,"['nearer', 'closer', 'now', 'nearer', 'time', 'sole', 'widening', 'downtime', 'now', 'designated']",q2,12,0.39887184176149726,"legal-citation/civic-reporting register (population figures, court citations, 'in addition')"
1771,0.2,50,1.077,22,"['that', 'to', 'dealt', 'ãģį', '22', 'c', 'majestic', '8', '22', 'on']",q2,13,0.43588757914914694,noisy grab-bag: measurement-conversion tables + misc
1782,0.2,50,1.327,**,"['**', 'potential', 'wants', '`', '**', 'case', 'celsius', 'realization', 'turns', 'realized']",q2,13,0.446194697851072,noisy grab-bag: measurement-conversion tables + misc
1783,0.3,50,1.277,*/,"['*/', 'passive', '*/', 'classmates', 'shortage', 'legislature', '*/', ':', 'the', 'trial']",q2,3,0.4027431809051566,"noisy grab-bag, no consistent theme"
1800,0.1,50,1.079,18,"['18', 'meets', 'fastest', 'expense', 'half', 'most', '></', ',', 'whom', '//']",q2,9,0.37321342909932737,noisy grab-bag: technical specs + career/business advice prose
1819,0.3,12,1.301,he,"['he', 'scale', 'scale', 'he', 'the', 'scale', 'him', 'he', 'trial', 'the']",q2,5,0.38101454033785537,sensory-comparison prose (smelled/looked/tasted) + noisy grab-bag
1834,0.3,50,1.251,greek,"['fifth', 'vertical', 'civil', 'third', 'southern', 'you', 'greek', 'greek', 'greek', 'second']",q2,7,0.38823081536534887,"entertainment/media-review vocabulary (appearance, release, genre) — noisy"
1873,0.4,50,1.113,such,"['such', 'such', 'such', 'manual', 'ie', 'such', 'if', 'first', 'user', 'higher']",q2,5,0.3477444604534262,sensory-comparison prose (smelled/looked/tasted) + noisy grab-bag
1874,0.1,50,1.317,that,"['that', 'appearance', 'but', 'drama', 'daytime', 'however', 'destiny', 'given', 'although']",q2,7,0.27685123422432506,"entertainment/media-review vocabulary (appearance, release, genre) — noisy"
1887,0.4,11,1.17,by,"['by', 'maintenance', 'needs', 'by', 'need', 'by', 'by', 'testament', 'mood', ':']",q2,6,0.3255572790231205,"chemistry/reaction-kinetics vocabulary (reaction rates, conditions) + archaic legal-narrative prose"
1926,0.1,50,1.102,celsius,"['celsius', '2018', 'latin', 'linux', ']),', 'onion', 'compartment', 'and', 'socket', 'component']",q2,13,0.37434368883603614,noisy grab-bag: measurement-conversion tables + misc
1946,0.1,11,1.099,foster,['foster'],q2,10,0.417008543767503,mixed: paragraph-break whitespace + corporate/institutional-name lists
1947,0.4,50,1.268,in,"['in', 'in', 'est', '30', 'est', 'in', 'est', 'in', 'maharashtra']",q2,12,0.34878446177294364,"legal-citation/civic-reporting register (population figures, court citations, 'in addition')"
1950,0.3,50,1.216,ample,"['ample', 'encourage', 'encourage', 'ample', 'engage', 'encourage', 'empower', 'that', 'promote', 'ample']",q2,13,0.3977401825967639,noisy grab-bag: measurement-conversion tables + misc
1957,0.2,50,1.143,costs,"['costs', 'friendships', '}', 'costs', 'landscapes', 'stake', '}', 'weighs', '18', 'tails']",q2,11,0.37941263255306196,noisy grab-bag: engineering/game-mechanics vocabulary
1969,0.4,50,1.102,a,"['another', 'his', 'a', 'are', 'a', 'that', 'a', 'that', 'here', 'a']",q2,2,0.37944877158406054,"noisy grab-bag, no consistent theme"
1989,0.2,50,1.106,to,"['particular', 'states', 'sn', 'to', 'sc', 'follows', 'spots', 'follows', 'to', 'sequences']",q2,10,0.35744569807623044,mixed: paragraph-break whitespace + corporate/institutional-name lists
2002,0.3,50,1.22,and,"['past', 'the', 'and', 'she', 'after', 'past', 'around', 'and', 'and', 'v']",q2,2,0.41850047830586284,"noisy grab-bag, no consistent theme"
2045,0.2,50,1.25,1000,"['selves', '1000', 'students', 'module', '1000', 'particular', 'individuals', 'university', 'the', 'and']",q2,7,0.3370028548303294,"entertainment/media-review vocabulary (appearance, release, genre) — noisy"
2049,0.2,50,1.103,""",""","['"",""', 'while', 'know', 'favorite', 'let', ',', '$', '"",""', 'hitting', '*']",q2,8,0.3195378115504063,noisy grab-bag: scientific/statistical tables + code snippets
2088,0.2,50,1.268,void,"['after', 'standards', 'void', 'void', 'for', '17', 'standard', 'commons', 'head']",q2,1,0.3228985765084617,noisy narrative/dialogue grab-bag
2130,0.4,50,1.172,sec,"['sec', 'lik', 'sec', 'release', 'have', 'have', 'having', 'sec', 'sec', 'annually']",q2,3,0.36935504429842597,"noisy grab-bag, no consistent theme"
2141,0.2,50,1.205,part,"['part', 'awake', 'promoted', 'part', 'addition', 'arousal', 'exercise', 'in', 'promotion', 'up']",q2,3,0.34740024894910865,"noisy grab-bag, no consistent theme"
2171,0.1,50,1.211,on,"['on', 'closed', 'had', 'been', 'presented', 'renamed', 'alarms', 'calls', 'reflected', 'raising']",q2,1,0.3189832616259171,noisy narrative/dialogue grab-bag
2183,0.1,50,1.146,smelled,"['smelled', 'looked', 'globe', 'smell', 'done', 'people', 'two', 'commissioner', 'degree', 'pubmed']",q2,5,0.3118418927653967,sensory-comparison prose (smelled/looked/tasted) + noisy grab-bag
2187,0.2,50,1.231,go,"['that', 'go', 'row', 'jun', 'fig', 'shop', 'lasted', 'go', 'lac', 'rest']",q2,1,0.333940909771727,noisy narrative/dialogue grab-bag
2203,0.4,50,1.238,good,"['good', 'usd', 'good', 'usd', 'ways', 'good', 'good', 'with', 'usual', 'might']",q2,3,0.4285277889211946,"noisy grab-bag, no consistent theme"
2228,0.1,50,1.19,of,"['of', '.', 'solved', 'and', 'a', 'the', 'mount', 'karachi', 'those', 'reached']",q2,2,0.3256959175682034,"noisy grab-bag, no consistent theme"
2242,0.4,12,1.16,toughest,"['toughest', 'hardest', 'defined', 'widest', 'toughest', 'toughest', 'highest', 'finest', 'toughest', 'highest']",q2,7,0.3867428557990689,"entertainment/media-review vocabulary (appearance, release, genre) — noisy"
2248,0.2,33,1.087,gearing,"['gearing', 'one', '00000000', 'gearing', 'figure', 'hatch', 'potential', 'nearest', 'face', 'quite']",q2,6,0.36539267597307695,"chemistry/reaction-kinetics vocabulary (reaction rates, conditions) + archaic legal-narrative prose"
2254,0.2,50,1.161,establishment,"['holder', 'although', 'organization', 'and', 'observer', 'occupancy', 'establishment', 'weren', 'booth', 'establishment']",q2,11,0.3639912791583119,noisy grab-bag: engineering/game-mechanics vocabulary
2260,0.2,50,1.279,8,"['8', '3', '7', 'after', 'the', 'p', '8', 'after', '3', 'total']",q2,9,0.40280263167653263,noisy grab-bag: technical specs + career/business advice prose
2275,0.2,50,1.153,plaintiff,"['liberty', 'plaintiff', 'inception', 'inception', 'founded', 'the', 'plaintiff', 'far', 'formed', '`']",q2,0,0.3335915093895847,news-dateline/press-release register + 'thought that' reported belief
2308,0.1,50,1.172,disabled,"['disabled', 'disabilities', 'issued', 'charity', 'elderly', 'not', 'itself', 'indicators', 'away', 'entitled']",q2,12,0.28085144302275505,"legal-citation/civic-reporting register (population figures, court citations, 'in addition')"
2324,0.2,50,1.365,hands,"['hands', 'jersey', 'work', 'work', 'jersey', 'number', 'year', '25', 'chapter', 'hands']",q2,11,0.38203692139559886,noisy grab-bag: engineering/game-mechanics vocabulary
2333,0.4,16,1.153,calories,"['calories', 'current', 'after', 'both', 'hrs', 'calories', 'after', 'calories', 'current', 'calories']",q2,13,0.38849923827395266,noisy grab-bag: measurement-conversion tables + misc
2341,0.2,43,1.092,04,"['sorry', 'uh', 'had', '04', '04', 'when', 'took', 'keep', 'as', 'with']",q2,5,0.36297014921241505,sensory-comparison prose (smelled/looked/tasted) + noisy grab-bag
2364,0.2,50,1.282,only,"['only', 'nations', 'never', 'only', 'far', 'doubt', 'never', 'vital', 'thought', 'dreamed']",q2,0,0.3731117182873689,news-dateline/press-release register + 'thought that' reported belief
2368,0.3,50,1.207,been,"['been', 'tiny', 'been', 'november', '11', 'date', 'june', 'been', 'alpine', 'office']",q2,0,0.3908037772511915,news-dateline/press-release register + 'thought that' reported belief
2369,0.3,39,1.115,time,"['around', 'time', ""'s"", 'time', 'time', '""', 'a', ""'s"", 's', 'house']",q2,2,0.31885469680507994,"noisy grab-bag, no consistent theme"
2376,0.2,50,1.184,between,"['between', 'name', 'between', 'welcome', 'of', 'weren', 'way', 'good', 'b', 'forsaking']",q2,11,0.3394227661383805,noisy grab-bag: engineering/game-mechanics vocabulary
2381,0.2,50,1.267,bidding,"['works', '/', 'midst', 'bidding', 'trials', 'query', 'totaling', 'aspect', 'aspects', 'bidding']",q2,1,0.4330678266818438,noisy narrative/dialogue grab-bag
2386,0.2,50,1.188,we,"['services', 'std', 'bn', 'we', 'hp', 'that', 'we', 'who', '-']",q2,5,0.32602903093359087,sensory-comparison prose (smelled/looked/tasted) + noisy grab-bag
2387,0.3,50,1.243,day,"['the', 'day', 'occasion', 'day', 'deduction', 'prohibition', 'day', 'regex', 'with', 'with']",q2,3,0.28733606159769093,"noisy grab-bag, no consistent theme"
2389,0.1,50,1.186,governments,"['governments', 'impaired', 'ever', 'divided', 'least', 'of', 'color', 'associated', 'm', 'university']",q2,4,0.3108584200371056,"legal/consumer-terms vocabulary (subscription, license, public domain, practitioner)"
2391,0.1,50,1.166,ourselves,"['ourselves', 'out', 'backgrounds', 'platforms', 'state', 'quality', 'macos', 'regions', 'ids', 'exempt']",q2,12,0.3078223385717678,"legal-citation/civic-reporting register (population figures, court citations, 'in addition')"
2415,0.3,50,1.109,concentrations,"['concentration', 'concentrations', 'concentrations', 'concentrations', 'composed', 'in', 'degree', 'limits', 'degrees', '/>']",q2,11,0.3694168747964034,noisy grab-bag: engineering/game-mechanics vocabulary
2433,0.2,50,1.299,domain,"['domain', 'consciousness', 'interval', 'domain', 'license', 'license', 'particular', 'state', 'jersey', 'entity']",q2,4,0.2882395587971155,"legal/consumer-terms vocabulary (subscription, license, public domain, practitioner)"
2443,0.2,50,1.224,day,"['steel', 'tomorrow', 'theme', 'apart', 'day', 'day', ""',"", 'vision', 'unit', 'wolf']",q2,3,0.34244319629666825,"noisy grab-bag, no consistent theme"
2452,0.2,50,1.143,severity,"['users', 'according', 'severity', 'lasted', 'prevalence', 'lasted', 'between', 'outcome', 'severity', 'worst']",q2,13,0.33692885737274847,noisy grab-bag: measurement-conversion tables + misc
2475,0.2,50,1.266,/,"['/', 'rest', 'least', '/', 'will', 'seventh']",q2,1,0.3686639226390468,noisy narrative/dialogue grab-bag
2477,0.1,19,1.108,healthcare,"['healthcare', '2019', 'private', 'profile', 'marking', 'each']",q2,10,0.3155515431584703,mixed: paragraph-break whitespace + corporate/institutional-name lists
2491,0.2,50,1.143,"',","[""',"", 'formulation', ""',"", '&&', 'âł âł', 'liquids', 'group', '5', 'integer', 'recent']",q2,11,0.4214884194608337,noisy grab-bag: engineering/game-mechanics vocabulary
2509,0.3,50,1.19,reaction,"['reaction', 'reaction', 'spring', ""'s"", 'existence', 'charge', 'than', ""'s"", 'make', 'reaction']",q2,6,0.29866453582705144,"chemistry/reaction-kinetics vocabulary (reaction rates, conditions) + archaic legal-narrative prose"
2512,0.3,50,1.302,earlier,"['earlier', 'it', 'award', 'in', 'earlier', 'attractive', 'earlier', 'tie', 'extensive', 'retrieved']",q2,9,0.3223083078984816,noisy grab-bag: technical specs + career/business advice prose
2520,0.2,50,1.321,the,"['behalf', 'publishers', 'the', 'displayed', 'i', 'require', '),', 'the', '),', 'without']",q2,9,0.39682634344387674,noisy grab-bag: technical specs + career/business advice prose
2530,0.4,17,1.272,how,"['how', 'how', 'how', 'a', 'a', 'o', 'how', 'i', 'a', 'v']",q2,10,0.45364347506390024,mixed: paragraph-break whitespace + corporate/institutional-name lists
2541,0.2,50,1.247,delhi,"['delhi', 'village', 'delhi', 'c', 'celebrates', 'vs', 'tumult', 'work', 'c', 'go']",q2,9,0.3446198562559894,noisy grab-bag: technical specs + career/business advice prose
2544,0.3,50,1.082,thy,"['thy', 'would', 'thy', 'involved', 'about', 'various', 'thy', 'gonna', ""\\'"", ""''""]",q2,6,0.3829408698809974,"chemistry/reaction-kinetics vocabulary (reaction rates, conditions) + archaic legal-narrative prose"
2555,0.3,50,1.16,kind,"['equivalent', 'where', 'source', 'resources', 'or', 'kind', 'soccer', 'kind', 'out', 'kind']",q2,3,0.3279917725382146,"noisy grab-bag, no consistent theme"
2558,0.1,50,1.169,rat,"['rat', '*', 'replacement', ""'"", 'his', 'this', '-', 'uses', 'to']",q2,2,0.2895072802022888,"noisy grab-bag, no consistent theme"
2590,0.2,50,1.099,be,"['eventually', 'chief', '04', 'nation', 'be', 'be', 'own', 'out', '2004', 'in']",q2,5,0.32379151025233494,sensory-comparison prose (smelled/looked/tasted) + noisy grab-bag
2598,0.4,10,1.108,opened,"['that', 'opened', 'opening', 'folders', 'and', 'opened', 'opened', 'yourself', 'opened', 'categories']",q2,2,0.44548716646168396,"noisy grab-bag, no consistent theme"
2618,0.2,50,1.123,meantime,"['meantime', 'meantime', 'applicant', 'deal', 'estimate', 'chapter', 'associated', '``', 'precisely', 'legislature']",q2,13,0.3124459802985293,noisy grab-bag: measurement-conversion tables + misc
2620,0.4,50,1.281,amendment,"['beyond', 'amendment', 'amendment', 'amendment', 'within', 'amendment', 'apparent', 'within', '))', 'offences']",q2,12,0.3626795177868328,"legal-citation/civic-reporting register (population figures, court citations, 'in addition')"
2627,0.2,50,1.339,it,"['enterprise', 'it', 'launched', 'launched', 'we', 'we', 'partners', 'tier', 'you', 'it']",q2,5,0.31779756240049584,sensory-comparison prose (smelled/looked/tasted) + noisy grab-bag
2639,0.3,50,1.365,",","['a', 's', ',', ',', '000', ',', 'of', 'inclusive', 'between', '%']",q2,2,0.3657898498678293,"noisy grab-bag, no consistent theme"
2668,0.3,50,1.327,told,"['keep', 'told', 'bade', 'further', 'told', 'told', 'tell', 'directed', 'further', 'kicked']",q2,9,0.38481873378227743,noisy grab-bag: technical specs + career/business advice prose
2671,0.4,50,1.286,from,"['from', 'of', 'from', 'from', 'here', 'stop', 'from', 'to', 'around', 'clicks']",q2,2,0.34944062261509445,"noisy grab-bag, no consistent theme"
2682,0.3,50,1.271,second,"['second', 'second', 'spiritual', 'the', 'appeared', 'reasonable', 'victorian', 'chrom', 'second', 'version']",q2,5,0.34144081511719065,sensory-comparison prose (smelled/looked/tasted) + noisy grab-bag
2699,0.3,50,1.273,province,"['meant', 'province', 'province', 'civilizations', 'thought', 'colonies', 'granite', 'province', 'eternity', 'wanted']",q2,3,0.35243309359049935,"noisy grab-bag, no consistent theme"
2703,0.1,50,1.157,all,"['all', 'areas', 'volt', 'logic', 'nervous', 'if', 'enough', 'vice', 'identified', 'needs']",q2,12,0.3546015439097971,"legal-citation/civic-reporting register (population figures, court citations, 'in addition')"
2738,0.2,50,1.291,vehicles,"['first', 'son', 'neither', 'args', 'comparison', 'vehicles', 'struggle', 'vehicles', 'behaviour', 'standard']",q2,13,0.29090971956534334,noisy grab-bag: measurement-conversion tables + misc
2784,0.2,50,1.36,they,"['are', 'they', 'who', 'they', 'as', 'humans', 'well', 'must', 'who', 'whom']",q2,6,0.35622483198871824,"chemistry/reaction-kinetics vocabulary (reaction rates, conditions) + archaic legal-narrative prose"
2800,0.1,50,1.356,father,"['father', 'pair', 'billion', 'year', 'me', 'line', ""',"", 'weren', 'position', '],']",q2,0,0.33219515325514376,news-dateline/press-release register + 'thought that' reported belief
2803,0.3,50,1.31,for,"['farthest', 'response', 'for', ""'"", 'for', 'finder', 'for', 'frequency', 'cursor', ""'""]",q2,2,0.3752580259580982,"noisy grab-bag, no consistent theme"
2809,0.2,50,1.313,association,"['choice', 'amendment', 'systems', 'association', 'league', 'loyalty', 'brand', 'association', 'belonging', 'groups']",q2,3,0.3122365705483488,"noisy grab-bag, no consistent theme"
2817,0.2,13,1.198,72,"['72', '73', '73', '63', '1972', '72', '71', '1971', '1973', '71']",q2,9,0.5592961350791804,noisy grab-bag: technical specs + career/business advice prose
2821,0.1,50,1.248,population,"['population', 'scenario', 'mentioned', 'a', 'operations', 'in', 'activities', 'administration', 'attention', 'operation']",q2,12,0.27116712587793274,"legal-citation/civic-reporting register (population figures, court citations, 'in addition')"
2846,0.3,50,1.113,right,"['right', 'rule', 'you', 'right', '}', 'theorem', 'call', 'don', 'runner', 'right']",q2,5,0.33505714434613293,sensory-comparison prose (smelled/looked/tasted) + noisy grab-bag
2853,0.2,50,1.356,release,"['they', 'realize', 'release', 'release', 'beings', 'interactions', 'command', 'contact', 'contact', 'manager']",q2,7,0.28922760130441355,"entertainment/media-review vocabulary (appearance, release, genre) — noisy"
2873,0.3,50,1.209,came,"['got', 'america', 'came', 'ways', 'battled', 'things', 'god', 'my', 'came', 'came']",q2,1,0.34631783934026544,noisy narrative/dialogue grab-bag
2874,0.3,50,1.348,works,"['reading', 'he', 'reading', 'learned', 'felt', 'idea', 'works', 'works', 'knew', 'works']",q2,1,0.37474713621905287,noisy narrative/dialogue grab-bag
2904,0.4,30,1.271,costs,"['costs', 'costs', 'costs', 'costs', 'to', 'than', 'lifting', 'ways', '):', 'at']",q2,11,0.39140332604695194,noisy grab-bag: engineering/game-mechanics vocabulary
2918,0.2,50,1.114,and,"['himself', 'level', 'they', 'and', 'and', 'sentence', 'following', '_', 'next', 'play']",q2,1,0.34061125434519146,noisy narrative/dialogue grab-bag
2924,0.4,17,1.172,â»,"['â»', 'â»', 'â»', 'update', 'â»', '*', '==', '>', '*', '==']",q2,8,0.5038601921812444,noisy grab-bag: scientific/statistical tables + code snippets
2931,0.2,50,1.215,for,"['since', 'then', "",''"", 'now', 'team', '&', "".''"", ""'),"", 'for', 'for']",q2,7,0.3369418202970488,"entertainment/media-review vocabulary (appearance, release, genre) — noisy"
2946,0.4,39,1.284,tax,"['tax', 'tax', 'gap', 'the', 'spell', 'tax', 'billion', 'reported', 'such', 'tax']",q2,6,0.3105390066550077,"chemistry/reaction-kinetics vocabulary (reaction rates, conditions) + archaic legal-narrative prose"
2969,0.1,24,1.221,is,"['is', 'and', 'as']",q2,10,0.38671077666052894,mixed: paragraph-break whitespace + corporate/institutional-name lists
2973,0.2,50,1.151,""",","['"",', 'cover', 'cover', 'state', 'guides', '32', '"",', 'clear', 'something', 'ancient']",q2,3,0.2957206230765776,"noisy grab-bag, no consistent theme"
23,0.2,50,1.733,section,"['section', 'section', 'part', 'mods', 'rankings', 'weeks', 'another', 'along', 'community', 'below']",q3,0,0.3011200545283169,noisy grab-bag: course-content/customer-service prose
30,0.4,50,2.961,it,"['the', 'the', 'a', 'it', 'the', 'a', 'a', 'it', 'it', 'it']",q3,4,0.3798354759887799,pure determiner/preposition feature (a/the/to) — no topical theme
49,0.2,50,5.596,there,"['there', 'do', 'there', 'it', 'love', 'compassion', 'cares', 'it', 'kind', 'kindness']",q3,4,0.3583899024764935,pure determiner/preposition feature (a/the/to) — no topical theme
54,0.3,50,1.482,carolina,"['carolina', 'hampshire', 'carolina', 'jersey', 'piece', 'luck', 'catal', 'carolina', 'mexico', 'hampshire']",q3,6,0.4087979091374909,"'feel' verb family (feel helpless, feel that way) — subjective-experience prose"
57,0.4,50,5.219,always,"['also', 'always', 'always', 'always', 'also', ',', ',', ',', 'always', 'never']",q3,4,0.388111537155766,pure determiner/preposition feature (a/the/to) — no topical theme
62,0.2,50,3.978,brand,"['brand', 'certificates', 'brand', 'certificate', 'marks', 'reputation', 'brands', 'certificate', 'certification', 'reputation']",q3,9,0.3289677761104741,"technical-systems vocabulary (controller, infrastructure, technology, vulnerabilities)"
73,0.2,50,1.522,avatar,"['avatar', 'avatar', 'â¶', 'moments', 'been', 'the', 'a', 'que', '54', 'per']",q3,11,0.35834168117127496,'mission' statement/brand vocabulary + noisy tech/code grab-bag
82,0.3,50,1.537,to,"['to', 'represented', 'represented', 'have', 'and', 'to', 'is', 'and', 'and', 'to']",q3,6,0.4098809992317756,"'feel' verb family (feel helpless, feel that way) — subjective-experience prose"
92,0.3,50,1.516,matter,"['matter', 'into', 'had', 'had', 'into', 'matter', 'had', 'passenger', 'whose', 'matter']",q3,0,0.34806095744481064,noisy grab-bag: course-content/customer-service prose
98,0.4,28,1.583,hurricane,"['category', 'category', 'hurricane', 'classified', 'provider', 'hurricane', 'provider', 'hurricane', 'provider', 'hurricane']",q3,5,0.38307326781181006,'various/former/latter' comparison words + archaic-biblical repetition register
118,0.2,50,5.019,antigens,"['stupas', 'cesarean', 'antigens', 'grammars', 'wastes', 'corticothalamic', 'semaphores', 'suites', 'aneurysms', 'antigens']",q3,10,0.34010176562056477,noisy grab-bag: gardening/agriculture + medical/technical mix
152,0.3,50,1.429,m,"['q', 'm', '-', 'previous', 'm', 'previous', 'm', 'south', '12']",q3,5,0.3390574683402144,'various/former/latter' comparison words + archaic-biblical repetition register
155,0.3,50,5.787,comments,"['opinion', 'to', 'comments', 'comment', 'comment', 'opinions', 'comments', 'comments', 'feedback', 'feedback']",q3,4,0.45036572507993433,pure determiner/preposition feature (a/the/to) — no topical theme
184,0.2,44,1.451,workspace,"['workspace', 'workspace', 'working', 'expedition', 'guide', 'configuration', 'session', 'workstation', 'workshop', 'workflow']",q3,3,0.35764747750682446,'runtime'/'ages' technical-config vocabulary — mixed exam/legal/tech register
195,0.1,50,4.382,substantial,"['substantial', 'destroyed', 'brute', 'head', 'workload', 'heads', 'responsible', 'catastrophic', 'load', 'massive']",q3,11,0.3287394770657375,'mission' statement/brand vocabulary + noisy tech/code grab-bag
222,0.2,50,5.219,memory,"['memory', 'between', 'social', 'between', 'memory', 'spaces', 'below', 'side', 'side', 'social']",q3,10,0.3519458809032266,noisy grab-bag: gardening/agriculture + medical/technical mix
223,0.2,50,5.162,risk,"['comfort', 'intended', 'extensive', 'risk', 'present', 'fact', 'mean', 'dialogue', 'mean', 'risk']",q3,9,0.3152244284679514,"technical-systems vocabulary (controller, infrastructure, technology, vulnerabilities)"
274,0.3,50,1.463,another,"['another', 'written', 'a', 'another', 'fourth', 'another', 'last', 'heaven', 'smaller', 'silence']",q3,6,0.34498810400083874,"'feel' verb family (feel helpless, feel that way) — subjective-experience prose"
281,0.3,50,5.323,solution,"['solution', 'complex', 'performed', 'performed', 'server', 'digits', 'solution', 'solution', 'perform', 'digits']",q3,10,0.3809625291935907,noisy grab-bag: gardening/agriculture + medical/technical mix
293,0.3,50,4.671,to,"['be', 'should', 'we', 'need', 'to', 'be', 'need', 'you', 'to', 'to']",q3,4,0.38378437384283215,pure determiner/preposition feature (a/the/to) — no topical theme
299,0.4,50,1.541,><,"['><', '><', 'and', '><', '10', '([', 'came', 'his', 'he', '><']",q3,1,0.4302686177463867,content-marketing 'read more/learn more' call-to-action vocabulary
319,0.2,50,1.503,'s,"['girls', 'to', '12', 'hole', 'man', ""'s"", ""'s"", 'below', 's', 'participating']",q3,2,0.3370695613992514,'from all walks of life' idiom + demographic 'backgrounds' vocabulary
328,0.3,50,1.417,second,"['second', 'latter', 'second', 'worse', 'about', 'first', 'second', 'better', 'novelist', 'material']",q3,6,0.4095849746123626,"'feel' verb family (feel helpless, feel that way) — subjective-experience prose"
331,0.3,50,1.571,especially,"['calls', '&', 'called', 'especially', '&', 'case', 'especially', 'furthermore', 'especially', 'escaped']",q3,2,0.40458442293921754,'from all walks of life' idiom + demographic 'backgrounds' vocabulary
335,0.3,50,4.853,-,"['-', '-', '-']",q3,12,0.3730741169844502,paragraph-break whitespace before named-entity or numbered-list intro
343,0.4,50,2.312,have,"['have', 'have', 'have', 'have', 'rather', 'that', 'that', 'rather', 'that', 'that']",q3,4,0.5494925013608599,pure determiner/preposition feature (a/the/to) — no topical theme
364,0.3,50,1.601,sort,"['job', 'it', 'upon', 'sort', 'at', 'myth', 'sort', 'sort', 'unity', 'scheme']",q3,7,0.34693156518013696,noisy grab-bag: demographic/health stats + brand-campaign vocabulary
365,0.1,50,4.424,value,"['value', 'meanings', 'chat', 'pain', '20', 'neighbor', 'one', 'simulation', 'equals', 'realize']",q3,11,0.303516053530485,'mission' statement/brand vocabulary + noisy tech/code grab-bag
367,0.2,50,1.394,held,"['opened', 'held', 'nowhere', '&', 'disagreed', 'were', 'seeking', 'knew', 'since', 'held']",q3,7,0.3665338896430317,noisy grab-bag: demographic/health stats + brand-campaign vocabulary
414,0.2,50,1.423,'s,"['ago', 'image', 'et', 'damage', ""'s"", ""'s"", 'younger', 'rest', 'do', 'and']",q3,6,0.29223278661630425,"'feel' verb family (feel helpless, feel that way) — subjective-experience prose"
422,0.3,50,5.647,leader,"['leaders', 'example', 'leader', 'goals', 'takeaways', 'leader', 'leader', 'leaders', 'advantages', 'heroes']",q3,11,0.36588372247308587,'mission' statement/brand vocabulary + noisy tech/code grab-bag
424,0.3,50,1.63,other,"['there', 'other', 'moved', 'came', 'they', 'been', 'a', 'last', 'other', 'other']",q3,6,0.3492188339564862,"'feel' verb family (feel helpless, feel that way) — subjective-experience prose"
433,0.0,50,5.703,,[],q3,12,0.4138963551230959,paragraph-break whitespace before named-entity or numbered-list intro
435,0.2,50,4.412,of,"['to', 'liking', 'the', 'of', 'find', 'of', '-', '-', 'like', 'praised']",q3,4,0.3223518759235862,pure determiner/preposition feature (a/the/to) — no topical theme
450,0.2,50,5.543,column,"['column', 'column', 'principles', 'essay', 'magnitude', 'essay', 'factors', 'median', 'motions', 'median']",q3,9,0.37023919023786644,"technical-systems vocabulary (controller, infrastructure, technology, vulnerabilities)"
456,0.2,50,1.397,instruction,"['eu', 'international', 'instruction', 'individuals', 'optical', 'recipient', 'objective', 'the', 'environmental', 'instruction']",q3,3,0.3490931094383503,'runtime'/'ages' technical-config vocabulary — mixed exam/legal/tech register
459,0.3,50,1.458,thing,"['men', 'thing', 'thing', 'n', 'visitors', 'until', 'thing', '00', '10', 'a']",q3,6,0.3501719740333146,"'feel' verb family (feel helpless, feel that way) — subjective-experience prose"
499,0.2,50,5.539,almost,"['hours', 'almost', 'operator', 'affected', 'twin', 'method', 'almost', '==', 'advantages', 'boost']",q3,10,0.36137896396161495,noisy grab-bag: gardening/agriculture + medical/technical mix
501,0.3,50,1.834,walks,"['walks', 'distributor', 'reader', 'reader', 'walks', 'ceremony', 'institution', 'impressed', 'walks', 'walked']",q3,2,0.33931655985531994,'from all walks of life' idiom + demographic 'backgrounds' vocabulary
504,0.3,50,5.733,âģ¢,"['ã¢', 'ã¢', 'âģ¤', 'âģ¢', 'âĵ', 'âģ£', 'âģ¢', 'âĵ', 'âģ£', 'âģ¢']",q3,11,0.5376631962182784,'mission' statement/brand vocabulary + noisy tech/code grab-bag
525,0.2,50,1.389,.,"['in', '.', 'one', 'mid', '.', 'first', 'features', 'a', 'td', 'latest']",q3,6,0.3001201967665771,"'feel' verb family (feel helpless, feel that way) — subjective-experience prose"
543,0.1,50,1.456,most,"['most', 'began', 'beginning', 'dynamic', 'to', 'outset', 'problem', 'surrounding', 'grounds', '),']",q3,2,0.34390377228839153,'from all walks of life' idiom + demographic 'backgrounds' vocabulary
561,0.1,50,1.399,known,"['known', 'functions', 'with', 'lived', 'years', 'had', 'formerly', 'were', 'who']",q3,2,0.34007715761600155,'from all walks of life' idiom + demographic 'backgrounds' vocabulary
589,0.1,50,4.111,at,"['at', 'crucial', 'perfect', 'becoming', 'critical', 'there', 'actually', 'maternity', 'way', 'longer']",q3,12,0.3749964376528553,paragraph-break whitespace before named-entity or numbered-list intro
606,0.4,50,5.04,the,"[""'re"", 'the', 'a', 'the', 'the', 'the', 'a', 'a', '.', 'a']",q3,4,0.3909146033354798,pure determiner/preposition feature (a/the/to) — no topical theme
651,0.2,50,5.627,legal,"['legal', 'their', 'human', 'their', 'human', 's', 'its', 'legal', 'user', 'personal']",q3,11,0.38113274502630873,'mission' statement/brand vocabulary + noisy tech/code grab-bag
654,0.2,50,1.382,relation,"['relation', 'dependence', 'relation', 'finish', ""''"", 'equivalent', 'attached', 'equivalent', 'respect', 'index']",q3,2,0.37353598515815684,'from all walks of life' idiom + demographic 'backgrounds' vocabulary
669,0.1,50,5.319,120,"['120', 'box', 'labs', 'hunt', 'motor', 'ii', 'walters', 'at', 'bo', 'mask']",q3,1,0.41998026675730604,content-marketing 'read more/learn more' call-to-action vocabulary
684,0.3,50,5.779,activity,"['interactions', 'friction', 'force', 'activity', 'impact', 'input', 'input', 'activity', 'force', 'activity']",q3,9,0.31691902441911524,"technical-systems vocabulary (controller, infrastructure, technology, vulnerabilities)"
701,0.2,50,5.089,section,"['forms', 'scenario', 'section', 'tissue', 'neo', 'f', 'section', 'predicate', 'f', 'articles']",q3,11,0.36740332605943793,'mission' statement/brand vocabulary + noisy tech/code grab-bag
745,0.3,50,1.379,-,"['-', '-', 'paid', 'administration', 'all', 'the', '>', 'administrative', '-', 'legacies']",q3,0,0.3109724775307872,noisy grab-bag: course-content/customer-service prose
766,0.2,50,1.727,latter,"['other', 'latter', 'former', 'totality', 'latter', 'whole', 'second', 'namely', 'second', 'former']",q3,5,0.380535868307988,'various/former/latter' comparison words + archaic-biblical repetition register
787,0.1,50,5.796,common,"['common', 'capability', 'variance', 'constant', 'infrastructure', 'center', 'identity', 'allied', 'three', 'issue']",q3,9,0.3384419719314681,"technical-systems vocabulary (controller, infrastructure, technology, vulnerabilities)"
788,0.2,50,4.94,",","[',', 'behind', 'and', 'around', 'in', 'and', 'associated', ',', 'behind', 'involved']",q3,4,0.4020052757177912,pure determiner/preposition feature (a/the/to) — no topical theme
797,0.2,50,1.622,human,"['it', 'there', 'their', 'shopping', 'human', 'reciprocal', 'has', 'a', 'human', 'those']",q3,4,0.31628688665301125,pure determiner/preposition feature (a/the/to) — no topical theme
810,0.2,50,3.141,mission,"['mission', 'the', 'mission', 'one', 'devices', 'one', 'weight', 'evidence', 'principles', 'initiative']",q3,11,0.2964631626117313,'mission' statement/brand vocabulary + noisy tech/code grab-bag
819,0.2,50,1.509,in,"['enthusiasts', 'in', 'into', 'campaign', 'software', 'in', 'latest', 'kingdom', 'into', 'baltimore']",q3,7,0.300751834540284,noisy grab-bag: demographic/health stats + brand-campaign vocabulary
820,0.2,50,1.379,so,"['closer', 'from', 'same', 'so', 'said', 'more', 'so', 'thing', 'shows', 'went']",q3,7,0.331142212220262,noisy grab-bag: demographic/health stats + brand-campaign vocabulary
857,0.3,50,1.461,equals,"['equals', 'accompanied', 'equals', 'looks', 'monthly', 'equals', 'divided', 'sounds', 'looks', 'looks']",q3,13,0.40502403324304526,"noisy grab-bag, no consistent theme"
859,0.2,50,1.7,004,"['002', '004', '004', '005', '015', '009', '028', '023', '021', '032']",q3,8,0.07444273423787011,"sequential filename/index numbering (e.g. file_004, nba-2k14_021)"
870,0.2,50,1.392,after,"['bath', '[', 'after', 'what', 'their', 'after', 'more', 'run', 'recipient', 'further']",q3,2,0.34967654123714564,'from all walks of life' idiom + demographic 'backgrounds' vocabulary
871,0.1,50,4.863,moist,"['moist', 'local', 'temperature', 'adhere', 'developing', 'carried', 'personal', 'accurate', 'detail', 'how']",q3,10,0.307907060144057,noisy grab-bag: gardening/agriculture + medical/technical mix
872,0.2,50,1.425,were,"['were', 'hash', 'them', 'grace', 'were', 'somewhere', 'human', '100', 'the', 'soft']",q3,5,0.3106041172562034,'various/former/latter' comparison words + archaic-biblical repetition register
917,0.3,50,1.443,and,"['and', 'half', 'and', 'parking', 'get', 'true', 'his', 'perfect', 'and', 'perfect']",q3,6,0.3966188116518393,"'feel' verb family (feel helpless, feel that way) — subjective-experience prose"
955,0.4,50,5.241,day,"['downtime', 'days', 'days', 'iteration', 'daily', 'day', 'day', 'day', 'day', 'through']",q3,11,0.40565503011652043,'mission' statement/brand vocabulary + noisy tech/code grab-bag
965,0.3,50,4.66,state,"['states', 'states', 'state', 'explain', 'state', 'state', 'aggregations', 'annotated', '->', 'annihilate']",q3,10,0.4001112313102499,noisy grab-bag: gardening/agriculture + medical/technical mix
988,0.2,50,1.407,/>,"['provision', 'one', 'some', '%)', 'those', '/>', 'np', 'concentrations', '/>', 'regardless']",q3,11,0.39082532223292843,'mission' statement/brand vocabulary + noisy tech/code grab-bag
1001,0.4,50,1.397,use,"['use', 'use', 'sense', 'scale', 'used', 'used', 'use', 'man', 'use', 'scan']",q3,7,0.31777262536100565,noisy grab-bag: demographic/health stats + brand-campaign vocabulary
1008,0.2,50,1.515,guys,"['guys', 'close', 'ways', 'straight', 'its', 'current', 'neighbor', 'said', 'guys', '`']",q3,13,0.29834025434270317,"noisy grab-bag, no consistent theme"
1016,0.3,50,1.38,an,"['had', 'considered', 'religions', 'an', 'an', '?"".', 'has', 'has', 'religions', 'an']",q3,2,0.37896674279035786,'from all walks of life' idiom + demographic 'backgrounds' vocabulary
1034,0.2,50,4.816,otherwise,"['otherwise', 'otherwise', 'poor', 'course', 'carefully', 'int', 'clean', 'program', 'even', 'program']",q3,11,0.34741940600350857,'mission' statement/brand vocabulary + noisy tech/code grab-bag
1051,0.3,50,4.734,review,"['zip', 'review', 'review', 'javascript', 'jump', 'zip', '\\""', 'pip', 'review', 'javascript']",q3,10,0.36562198325872236,noisy grab-bag: gardening/agriculture + medical/technical mix
1103,0.4,50,1.397,trying,"['how', 'trying', 'trying', 'not', 'out', 'trying', 'try', '--', ""'"", 'trying']",q3,4,0.4242503920820766,pure determiner/preposition feature (a/the/to) — no topical theme
1117,0.1,50,3.3,021,"['021', '002', '027', '018', '028', '023', '015', '005', '004', '009']",q3,8,0.07444273423787011,"sequential filename/index numbering (e.g. file_004, nba-2k14_021)"
1125,0.2,50,5.582,work,"['functions', 'worked', 'been', 'were', 'properly', 'work', 'work', 'correctly', 'works', 'works']",q3,4,0.4034333373638596,pure determiner/preposition feature (a/the/to) — no topical theme
1170,0.3,50,4.76,place,"['override', 'defaults', 'place', 'take', 'put', 'take', 'place', 'application', 'take', 'place']",q3,11,0.3792369760753564,'mission' statement/brand vocabulary + noisy tech/code grab-bag
1182,0.3,50,1.474,units,"['mother', 'units', 'holiday', 'units', 'universities', 'services', 'meetings', 'existing', 'mean', 'units']",q3,0,0.2999345762002166,noisy grab-bag: course-content/customer-service prose
1185,0.3,50,4.406,explain,"['explain', 'explain', 'development', 'explain', 'applications', 'break', 'developer', 'development', 'elaborate', 'followed']",q3,11,0.37729803289696784,'mission' statement/brand vocabulary + noisy tech/code grab-bag
1190,0.2,50,3.133,65,"['62', '74', '81', '65', '15', '61', '65', '78', '10', '78']",q3,11,0.7236969805677957,'mission' statement/brand vocabulary + noisy tech/code grab-bag
1197,0.2,50,1.572,and,"['and', '122', 'associated', "".'"", '.', 'address', '.', 'il', 'latter', 'and']",q3,5,0.32677928048353594,'various/former/latter' comparison words + archaic-biblical repetition register
1208,0.3,50,1.491,gears,"['gears', 'gears', 'another', 'areas', 'gear', 'weapons', 'feelings', 'gears', 'given', 'give']",q3,3,0.3285669904213747,'runtime'/'ages' technical-config vocabulary — mixed exam/legal/tech register
1215,0.2,50,1.418,unique,"['have', 'unique', 'unique', 'their', 'this', 'aren', ""['"", 'theirs', 'this', 'no']",q3,11,0.39594478400850597,'mission' statement/brand vocabulary + noisy tech/code grab-bag
1233,0.3,50,1.716,ensuring,"['sure', 'others', 'measures', 'ensuring', 'sure', 'people', 'measures', 'ensuring', 'ensuring', 'us']",q3,0,0.34602381647788655,noisy grab-bag: course-content/customer-service prose
1236,0.2,50,1.583,various,"['various', 'highway', 'various', 'hemisphere', '-', 'aspect', 'former', 'component', 'hemisphere', 'unit']",q3,5,0.2856527760538739,'various/former/latter' comparison words + archaic-biblical repetition register
1244,0.3,50,1.462,while,"['while', 'goodbye', 'leave', ""'s"", 'while', 'rid', 'points', 'of', 'grade', 'while']",q3,2,0.321776048152476,'from all walks of life' idiom + demographic 'backgrounds' vocabulary
1265,0.3,50,4.838,system,"['security', 'system', 'systems', 'applicable', 'systems', 'systems', 'applicable', 'system', 'system', 'units']",q3,9,0.3517534132793271,"technical-systems vocabulary (controller, infrastructure, technology, vulnerabilities)"
1277,0.4,26,1.481,â»,"['â»', 'â»', 'â»', 'â»', '*', '*/', '==', '3', '*', '*']",q3,1,0.6262905649960863,content-marketing 'read more/learn more' call-to-action vocabulary
1308,0.4,50,4.527,c,"['class', 'c', 'c', 'cases', 'c', 'request', 'c', 'call', 'class', 'class']",q3,9,0.418452768370121,"technical-systems vocabulary (controller, infrastructure, technology, vulnerabilities)"
1332,0.4,50,5.106,",","['%', 'same', ',', ',', ',', ',', 'highest', '2', '1997', '2007']",q3,5,0.43464591005261316,'various/former/latter' comparison words + archaic-biblical repetition register
1359,0.2,50,4.635,you,"['in', 'you', 'you', 'decided', 'deciding', 'interested', 'diehard', 'and', 'still', 'and']",q3,1,0.4047739445956985,content-marketing 'read more/learn more' call-to-action vocabulary
1367,0.4,50,5.111,situation,"['source', 'occasion', 'situation', 'situation', 'occasion', 'situation', 'situation', 'feels', 'topic', 'conditions']",q3,9,0.3357426834806249,"technical-systems vocabulary (controller, infrastructure, technology, vulnerabilities)"
1374,0.2,50,1.58,mind,"['mind', '--', 'give', '--', 'non', 'mind', '\\(\\', '$\\', 'the', 'clock']",q3,13,0.3226414290877242,"noisy grab-bag, no consistent theme"
1375,0.2,50,4.983,served,"['served', 'very', 'compared', 'account', 'covered', 'under', 'served', 'covered', 'compared', 'being']",q3,11,0.3610929390454328,'mission' statement/brand vocabulary + noisy tech/code grab-bag
1378,0.3,50,1.603,yeah,"['wants', 'desires', 'cache', 'others', 'yeah', 'a', 'craving', 'yeah', 'yeah', 'combination']",q3,2,0.3697717192510205,'from all walks of life' idiom + demographic 'backgrounds' vocabulary
1386,0.2,50,1.401,had,"['had', 'isbn', 'had', 'an', 'anywhere', 'april', 'and', 'would', 'is', 'isbn']",q3,2,0.3779438217996248,'from all walks of life' idiom + demographic 'backgrounds' vocabulary
1389,0.1,50,1.411,cutting,"['cutting', 'care', 'vital', 'you', 'ethos', 'civilization', 'healthy', 'city', 'stature', 'their']",q3,0,0.282010265750572,noisy grab-bag: course-content/customer-service prose
1394,0.2,50,3.425,encompasses,"['encompasses', 'enhances', 'comprises', 'consists', 'sums', 'constituting', 'underscores', 'encompasses', 'extends', 'comprises']",q3,3,0.4039757618868967,'runtime'/'ages' technical-config vocabulary — mixed exam/legal/tech register
1446,0.2,50,1.447,ages,"['ages', 'runtime', 'runtime', 'expires', 'ages', 'careers', 'tha', 'delivers', 'our', 'corresponding']",q3,3,0.27847625523812675,'runtime'/'ages' technical-config vocabulary — mixed exam/legal/tech register
1483,0.3,50,1.558,multiple,"['multiple', 'multiple', 'poor', 'distances', 'multiple', 'spectrum', 'quantity', 'after', 'quantity', 'distributing']",q3,0,0.3557437164256052,noisy grab-bag: course-content/customer-service prose
1510,0.4,50,4.988,a,"['the', 'is', 'a', 'just', 'the', 'a', 'something', 'a', 'offer', 'a']",q3,4,0.3460909193787552,pure determiner/preposition feature (a/the/to) — no topical theme
1521,0.3,50,5.614,the,"['the', 'did', '-', '-', 'q', 'the', '-', 'the', 'a', 'a']",q3,4,0.4186837415660621,pure determiner/preposition feature (a/the/to) — no topical theme
1541,0.4,50,4.794,><,"['><', '><', '><', '><', 'very', 'very', 'least', 'meter', 'very', 'grade']",q3,11,0.5129608648745394,'mission' statement/brand vocabulary + noisy tech/code grab-bag
1581,0.2,50,1.571,account,"['most', 'anytime', 'account', 'notice', 'something', 'around', 'account', 'about', 'usual']",q3,6,0.346850862208005,"'feel' verb family (feel helpless, feel that way) — subjective-experience prose"
1582,0.3,50,1.576,very,"['take', 'very', 'very', 'so', 'very', 'while', 'their', 'their', 'room', 'cutting']",q3,7,0.34360601476722885,noisy grab-bag: demographic/health stats + brand-campaign vocabulary
1610,0.3,50,1.563,$\,"['parts', 'parts', '$\\', '$\\', 'sometimes', '$\\', 'and', '%', '%', '-']",q3,7,0.36116029242486974,noisy grab-bag: demographic/health stats + brand-campaign vocabulary
1638,0.2,50,5.565,classic,"['designer', '**', 'creative', 'classic', 'designers', 'classic', 'persona', 'creativity', 'target', 'tenth']",q3,11,0.3351475261685209,'mission' statement/brand vocabulary + noisy tech/code grab-bag
1641,0.2,50,3.577,most,"['most', 'part', 'failed', 'to', 'most', 'themselves', 'a', 'yourself', 'carry', 'a']",q3,4,0.32202792832783883,pure determiner/preposition feature (a/the/to) — no topical theme
1642,0.3,50,5.594,designer,"['designers', 'design', 'designer', 'write', 'designer', 'designed', 'essay', 'f', 'design', 'designer']",q3,10,0.38183800689174824,noisy grab-bag: gardening/agriculture + medical/technical mix
1648,0.4,50,5.133,point,"['pole', 'receiver', 'points', 'point', 'point', 'content', 'point', 'point', 'source', 'points']",q3,9,0.3418698410347789,"technical-systems vocabulary (controller, infrastructure, technology, vulnerabilities)"
1652,0.4,50,3.929,his,"['his', 'his', 'a', 'your', 'a', 'his', 'her', 'a', 'one', 'his']",q3,4,0.42892316752358267,pure determiner/preposition feature (a/the/to) — no topical theme
1673,0.2,50,4.32,sixty,"['sixty', 'fifty', 'sixty', 'forty', 'twenty', 'seventy', 'twenty', 'thirty', 'forty', 'eighty']",q3,10,0.6256254139295628,noisy grab-bag: gardening/agriculture + medical/technical mix
1682,0.0,50,5.719,,[],q3,12,0.40302581378055824,paragraph-break whitespace before named-entity or numbered-list intro
1688,0.4,50,4.026,social,"['social', 'social', 'social', 'urban', 'socio', 'community', 'communities', 'social', 'community', 'urban']",q3,10,0.365328281179042,noisy grab-bag: gardening/agriculture + medical/technical mix
1698,0.3,50,5.419,deciding,"['predictions', 'decide', 'predicted', 'deciding', 'known', 'decisions', 'deciding', 'decisions', 'deciding', 'prediction']",q3,11,0.39650674029093774,'mission' statement/brand vocabulary + noisy tech/code grab-bag
1703,0.3,50,5.126,*/,"['measured', '*/', 'basis', '*/', 'v', '*/', 'v', 'week', 'q', 'course']",q3,11,0.41438060610401806,'mission' statement/brand vocabulary + noisy tech/code grab-bag
1738,0.2,50,1.393,little,"['{', 'way', 'need', '}', 'a', 'little', 'needed', 'little', 'his', 'pain']",q3,13,0.3446454136223908,"noisy grab-bag, no consistent theme"
1748,0.4,21,1.382,expectancy,"['expectancy', 'expectancy', 'expectancy', 'backs', 'ratio', 'assets', 'expectancy', 'outcomes', 'safety']",q3,7,0.34299865873041135,noisy grab-bag: demographic/health stats + brand-campaign vocabulary
1763,0.4,50,1.558,"""""""","['""""""', 'is', 'is', '""""""', '""""""', 'is', ',', 'is', '``', '""""""']",q3,4,0.5583269062573913,pure determiner/preposition feature (a/the/to) — no topical theme
1765,0.2,50,1.442,such,"['%,', 'such', '%)', '=', '%)', 'physically', 'physical', 'thinking', 'lived', 'such']",q3,5,0.3641013310119978,'various/former/latter' comparison words + archaic-biblical repetition register
1798,0.2,50,1.411,players,"['),', 'includes', 'in', 'one', 'above', 'players', 'wants', 'instructor', 'persons', 'players']",q3,0,0.2559489611045829,noisy grab-bag: course-content/customer-service prose
1807,0.0,50,2.983,,[],q3,12,0.4365003637792938,paragraph-break whitespace before named-entity or numbered-list intro
1816,0.4,50,4.74,benefits,"['benefit', 'benefit', 'gets', 'benefits', 'benefits', 'life', 'benefits', 'get', 'benefits', 'perks']",q3,2,0.3894739354743614,'from all walks of life' idiom + demographic 'backgrounds' vocabulary
1871,0.3,50,1.467,the,"['that', 'f', '77', 'the', 'the', '-', 'in', 'by', 'por', 'the']",q3,1,0.3754825365204135,content-marketing 'read more/learn more' call-to-action vocabulary
1893,0.3,50,1.569,backgrounds,"['landlords', 'backgrounds', 'backgrounds', 'communities', 'vs', 'nothing', 'against', 'backgrounds', 'somebody', 'without']",q3,2,0.3035073062472327,'from all walks of life' idiom + demographic 'backgrounds' vocabulary
1901,0.2,50,1.871,took,"['era', 'age', 'took', 'took', 'journey', '.', 'history', 'place', 'living', 'way']",q3,2,0.31596615288823804,'from all walks of life' idiom + demographic 'backgrounds' vocabulary
1904,0.2,50,1.389,the,"['the', 'modulation', 'team', 'molecular', 'association', 'and', 'radiation', 'baptist', 'the', 'convention']",q3,5,0.3615737899587123,'various/former/latter' comparison words + archaic-biblical repetition register
1910,0.0,50,1.841,,[],q3,12,0.39057026907163483,paragraph-break whitespace before named-entity or numbered-list intro
1917,0.2,50,1.45,moment,"['never', 'moment', 'freedom', 'others', 'others', 'clock', 'other', 'self', 'moment', 'self']",q3,11,0.39241432250210667,'mission' statement/brand vocabulary + noisy tech/code grab-bag
1920,0.3,50,4.405,into,"[',', 'be', 'a', 'into', 'and', 'into', 'to', 'into', 'as', 'is']",q3,4,0.32445216811638156,pure determiner/preposition feature (a/the/to) — no topical theme
1931,0.3,50,1.394,this,"['surpassed', 'races', 'achieved', 'acquired', 'this', 'this', 'produced', 'seen', 'this', 'released']",q3,1,0.35481789064295227,content-marketing 'read more/learn more' call-to-action vocabulary
1937,0.2,50,1.492,people,"['available', 'people', 'people', 'playing', 'your', 'person', 'person', 'that', 'it', 'someone']",q3,7,0.31694750607592376,noisy grab-bag: demographic/health stats + brand-campaign vocabulary
1958,0.0,50,1.985,,[],q3,12,0.3725221485793756,paragraph-break whitespace before named-entity or numbered-list intro
1968,0.3,50,5.273,discount,"['free', 'discount', 'off', 'discounts', 'free', 'bonus', 'discount', 'discounts', 'bonus', 'discount']",q3,11,0.3963225006502715,'mission' statement/brand vocabulary + noisy tech/code grab-bag
1974,0.4,50,1.648,have,"['have', 'things', 'things', 'want', 'have', 'have', 'configure', 'kinds', 'have', 'that']",q3,13,0.3031036758330575,"noisy grab-bag, no consistent theme"
1988,0.2,50,1.667,those,"['them', 'their', 'those', '-', 'people', 'those', 'that', 'when', 'her', 'events']",q3,7,0.29263117170192304,noisy grab-bag: demographic/health stats + brand-campaign vocabulary
1992,0.3,50,5.475,looking,"['seeking', 'looking', 'seeking', 'searching', 'search', 'looking', 'reaching', 'looking', 'seek', 'look']",q3,11,0.48309054914228644,'mission' statement/brand vocabulary + noisy tech/code grab-bag
2003,0.2,50,1.391,0,"['0', 'second', '0', 'side', 'secondly', '`', 'bottom', '`', 'secondly', 'second']",q3,1,0.4048117445184972,content-marketing 'read more/learn more' call-to-action vocabulary
2006,0.2,50,1.538,administrator,"['bigger', 'administrator', 'manager', 'coordinator', 'administrator', 'lateral', 'administrators', 'plaintiff', 'associate', 'partner']",q3,0,0.354479178898719,noisy grab-bag: course-content/customer-service prose
2030,0.2,50,1.689,task,"['prevent', 'need', 'task', 'devices', 'respect', 'till', 'task', 'uk', 'producers', 'ethnicities']",q3,0,0.26896363528602063,noisy grab-bag: course-content/customer-service prose
2052,0.3,50,1.535,are,"['yourself', 'and', 'as', 'your', 'as', 'are', 'are', 'yourself', 'are', 'most']",q3,13,0.33925617949200654,"noisy grab-bag, no consistent theme"
2055,0.3,50,1.511,fruition,"['fruition', 'fruition', 'fruition', 'to', 'pronounced', 'happen', 'pronounce', 'to', 'he', 'trust']",q3,6,0.37639341720440816,"'feel' verb family (feel helpless, feel that way) — subjective-experience prose"
2098,0.2,50,1.403,procedure,"['trillion', 'nausea', 'procedure', 'procedure', 'terms', 'system', 'system', 'smallest', 'suspicion', 'methodology']",q3,2,0.4197873991485505,'from all walks of life' idiom + demographic 'backgrounds' vocabulary
2099,0.1,50,1.57,bury,['bury'],q3,12,0.3440248277687446,paragraph-break whitespace before named-entity or numbered-list intro
2139,0.2,50,1.569,feel,"['think', 'feel', 'cause', 'way', 'feel', '%.', 'we', 'hours', 'sec', '/']",q3,6,0.29061543755437325,"'feel' verb family (feel helpless, feel that way) — subjective-experience prose"
2153,0.3,50,4.003,still,"['still', 'co', 'still', 'co', 'future', 'still', 'common', 'ghz', 'counter', 'dual']",q3,11,0.3577043683527374,'mission' statement/brand vocabulary + noisy tech/code grab-bag
2161,0.2,50,1.453,groups,"['numbers', 'huh', 'groups', '.', 'which', 'something', 'groups', '?', 'portion', '`']",q3,6,0.3515590957553431,"'feel' verb family (feel helpless, feel that way) — subjective-experience prose"
2165,0.2,50,4.655,temp,"['eclipse', 'temperature', 'browser', 'cursor', 'temp', 'c', 'ctx', 'temp', 'dcs', 'webkit']",q3,9,0.3866284313765234,"technical-systems vocabulary (controller, infrastructure, technology, vulnerabilities)"
2175,0.4,50,1.526,happy,"['like', 'happy', 'happy', '.', 'happy', 'happy', 'the', 'like', 'the', 'the']",q3,13,0.3663452359400424,"noisy grab-bag, no consistent theme"
2188,0.3,50,5.785,more,"['more', 'article', 'more', 'the', 'the', 'a', 'more', 'required', 'content', 'article']",q3,1,0.3573979218454987,content-marketing 'read more/learn more' call-to-action vocabulary
2204,0.2,50,4.759,points,"['technology', 'points', 'vulnerabilities', 'company', 'concepts', 'country', 'point', 'concepts', 'points', 'companies']",q3,9,0.3068033101203214,"technical-systems vocabulary (controller, infrastructure, technology, vulnerabilities)"
2210,0.3,50,4.801,by,"['with', 'by', 'by', 'a', 'by', ',', ',', 'be', 'with', 'using']",q3,4,0.3724043837741657,pure determiner/preposition feature (a/the/to) — no topical theme
2229,0.2,50,1.389,second,"['second', 'second', '//', 'their', 'brought', 'back', 'nowhere', '//', 'had', 'final']",q3,6,0.3069961473082092,"'feel' verb family (feel helpless, feel that way) — subjective-experience prose"
2234,0.3,50,1.525,every,"['most', 'happened', 'every', 'every', 'every', 'took', 'any', 'took', 'st', 'take']",q3,6,0.33585035177149025,"'feel' verb family (feel helpless, feel that way) — subjective-experience prose"
2247,0.1,50,1.59,thoughts,"['thoughts', 'potential', 'per', '+', 'off', 'world', 'plus', 'dependence', 'your']",q3,3,0.2873544247804604,'runtime'/'ages' technical-config vocabulary — mixed exam/legal/tech register
2249,0.0,50,3.998,,[],q3,4,0.6037377684048608,pure determiner/preposition feature (a/the/to) — no topical theme
2251,0.0,50,4.895,,[],q3,12,0.27442231296035263,paragraph-break whitespace before named-entity or numbered-list intro
2271,0.4,50,1.825,there,"['there', 'vs', 'it', 'there', 'vs', 'vs', 'vs', 'there', 'there', 'both']",q3,2,0.36682189162589196,'from all walks of life' idiom + demographic 'backgrounds' vocabulary
2290,0.1,50,1.582,learned,"['learned', 'councils', 'liked', 'had', 'degrees', 'council', 'scheme', 'got', 'which', 'talked']",q3,2,0.32957791291327254,'from all walks of life' idiom + demographic 'backgrounds' vocabulary
2310,0.2,50,1.514,right,"['most', 'right', 'clean', 'goes', 'as', 'best', 'right', 'sorry', 'is', 'as']",q3,13,0.3387621543901319,"noisy grab-bag, no consistent theme"
2312,0.4,50,1.634,smallest,"['greatest', 'largest', 'greatest', 'smallest', 'smallest', 'largest', 'smallest', 'smallest', 'shortest', 'newest']",q3,10,0.5359270521219889,noisy grab-bag: gardening/agriculture + medical/technical mix
2321,0.4,50,3.802,to,"['under', 'to', 'after', 'to', 'to', 'to', 'under', 'is', 'between', 'in']",q3,4,0.42286151508655384,pure determiner/preposition feature (a/the/to) — no topical theme
2336,0.4,50,4.904,^,"['parts', 'parts', 'parts', 'regions', 'head', '^', '^', '^', '^', 'same']",q3,11,0.4632996271521131,'mission' statement/brand vocabulary + noisy tech/code grab-bag
2394,0.2,50,1.536,âģ¢,"['good', 'achieving', 'capable', 'far', 'âģ¢', 'improving', 'attackers', 'university', 'âģ¢', 'designed']",q3,0,0.26716644403869727,noisy grab-bag: course-content/customer-service prose
2402,0.1,50,1.544,/,"['/', 'use', '</', 'only', '00', 'this', '"");', 'kind']",q3,6,0.32312472147240595,"'feel' verb family (feel helpless, feel that way) — subjective-experience prose"
2405,0.2,50,1.408,out,"['the', 'out', 'will', 'community', 'organization', 'willing', 'out', 'â°', 'career', 'axis']",q3,0,0.2802718602505999,noisy grab-bag: course-content/customer-service prose
2417,0.4,50,1.47,shall,"['and', 'and', 'shall', 'shall', 'twenty', 'shall', 'equals', 'cubic', 'shall', 'and']",q3,5,0.3930284793858022,'various/former/latter' comparison words + archaic-biblical repetition register
2419,0.1,50,1.732,of,"['of', 'boy', 'character', 'sense', 'best', 'december', 'facebook', 'label', 'couldn', 'the']",q3,13,0.329557759070464,"noisy grab-bag, no consistent theme"
2456,0.2,50,1.732,other,"['potential', 'last', 'other', '6', 'born', 'doubt', 'their', 'larger', 'other', 'better']",q3,13,0.29967240549702534,"noisy grab-bag, no consistent theme"
2462,0.3,50,1.704,first,"['into', 'first', 'x', '...""', 'to', 'happened', 'through', 'first', 'first', 'through']",q3,4,0.41467289376777333,pure determiner/preposition feature (a/the/to) — no topical theme
2479,0.4,50,3.693,most,"['many', 'most', 'most', 'find', 'many', 'throws', '--', 'most', 'most', 'was']",q3,4,0.37603870443786025,pure determiner/preposition feature (a/the/to) — no topical theme
2492,0.3,50,1.539,as,"['why', 'as', 'as', 'as', 'how']",q3,12,0.37876333538320894,paragraph-break whitespace before named-entity or numbered-list intro
2528,0.2,50,1.456,age,"['the', 'no', 'age', 'ranged', 'line', 'born', 'age', 'respectively', 'remind', 'with']",q3,6,0.318184861307127,"'feel' verb family (feel helpless, feel that way) — subjective-experience prose"
2546,0.3,50,1.382,who,"['which', 'time', 'time', 'no', 'who', 'who', 'who', 'person', 'the']",q3,6,0.30988055093637185,"'feel' verb family (feel helpless, feel that way) — subjective-experience prose"
2571,0.2,50,1.392,return,"['resumes', 'open', 'chapter', 'return', 'needs', 'patents', 'return', 'claims', 'continuous', 'respective']",q3,3,0.26709648847080364,'runtime'/'ages' technical-config vocabulary — mixed exam/legal/tech register
2603,0.4,50,1.429,it,"['it', 'it', 'to', 'it', 'terms', 'terms', 'velocity', 'it', 'terms', 'need']",q3,13,0.32841813226268934,"noisy grab-bag, no consistent theme"
2608,0.4,50,1.875,tiny,"['tiny', 'tiny', 'tiny', 'tiny', ""'s"", 'those', 'smart', 'plastic', 'plastic', 'plastic']",q3,10,0.38818458987648985,noisy grab-bag: gardening/agriculture + medical/technical mix
2614,0.0,44,1.425,,[],q3,12,0.3471879772310645,paragraph-break whitespace before named-entity or numbered-list intro
2641,0.1,50,5.028,controllers,"['controllers', 'containers', 'controller', 'delivery', 'dependent', 'detection', 'suspension', 'sensory', 'sensor', 'variables']",q3,9,0.306237645046208,"technical-systems vocabulary (controller, infrastructure, technology, vulnerabilities)"
2681,0.2,50,1.55,not,"['collaboration', 'came', 'in', 'not', ':', 'not', 'built', 'starred', 'predominantly', 'thought']",q3,6,0.33478122011010986,"'feel' verb family (feel helpless, feel that way) — subjective-experience prose"
2736,0.3,50,1.764,been,"['gone', 'states', 'well', 'been', 'ones', 'been', 'been', 'fathers', 'went', 'ones']",q3,2,0.35525263982251465,'from all walks of life' idiom + demographic 'backgrounds' vocabulary
2741,0.2,50,1.505,reached,"['than', '?', 'reached', 'stumbled', 'stumbling', 'look', 'reached', 'subscribe', 'please', '/']",q3,7,0.33047551895996524,noisy grab-bag: demographic/health stats + brand-campaign vocabulary
2743,0.2,50,5.65,the,"['the', 'crime', 'did', 'it', 'was', 'of', 'in', 'he', 'the', 'did']",q3,4,0.3796820051068943,pure determiner/preposition feature (a/the/to) — no topical theme
2792,0.1,50,1.556,own,"['own', 'unless', 'over', 'without', 'engine', 'added', 'aspect', 'owners', 'way', 'exhibited']",q3,6,0.3563756194087274,"'feel' verb family (feel helpless, feel that way) — subjective-experience prose"
2807,0.1,50,1.662,done,"['done', 'legalization', 'repeat', 'anymore', 'themselves', 'perimeter', 'others', 'beyond', 'treatment', 'comfort']",q3,11,0.3325722538351579,'mission' statement/brand vocabulary + noisy tech/code grab-bag
2822,0.3,50,1.562,line,"['`.', 'line', 'number', 'line', '&', 'line', '&', 'counter', 'ratio', '`.']",q3,11,0.4482792354074157,'mission' statement/brand vocabulary + noisy tech/code grab-bag
2845,0.4,50,5.289,mental,"['mental', 'mentally', 'emotional', 'mental', 'businesses', 'mental', 'psychological', 'mental', 'stress', 'anxiety']",q3,10,0.3975581970064923,noisy grab-bag: gardening/agriculture + medical/technical mix
2848,0.3,50,5.255,video,"['video', 'clip', 'video', 'min', 'clip', 'seconds', 'video', 'minute', 'minutes', 'minutes']",q3,11,0.39846182465388624,'mission' statement/brand vocabulary + noisy tech/code grab-bag
2852,0.3,50,1.818,season,"['season', 'conductor', 'since', 'season', 'guarantee', 'season', 'selecting', 'since', 'appearance', '),']",q3,0,0.3579527377158369,noisy grab-bag: course-content/customer-service prose
2864,0.2,50,1.404,walks,"['company', 'walks', 'landscape', 'every', '&', 'walks', 'day', 'journey', 'every', 'my']",q3,2,0.3133999148565979,'from all walks of life' idiom + demographic 'backgrounds' vocabulary
2883,0.4,50,1.482,.,"['your', 'a', '.', 'consumers', 'contents', '.', 'need', 'contents', '.', '.']",q3,2,0.33063155422530066,'from all walks of life' idiom + demographic 'backgrounds' vocabulary
2891,0.3,50,5.107,glance,"['look', 'glance', 'glance', 'wonders', 'ever', 'look', 'wonder', 'law', 'integrating', 'glance']",q3,7,0.4057919154547548,noisy grab-bag: demographic/health stats + brand-campaign vocabulary
2913,0.1,50,1.404,businesses,"['businesses', 'solely', 'evaluation', 'applicant', 'in', 'establishments', 'baseline', 'associated', 'summary', 'essence']",q3,0,0.29823376678721053,noisy grab-bag: course-content/customer-service prose
2934,0.1,50,1.391,yourself,"['yourself', 'right', 'improve', 'own', '%', 'yet', 'combat', 'yours', 'bring', 'rely']",q3,13,0.3433763552423709,"noisy grab-bag, no consistent theme"
2942,0.2,50,5.792,visitors,"['visitors', 'movement', 'steps', 'movements', 'step', 'movements', 'interactions', 'interactions', 'visitors', 'movement']",q3,9,0.3915221217380969,"technical-systems vocabulary (controller, infrastructure, technology, vulnerabilities)"
2944,0.3,50,1.473,go,"['why', 'look', 'shall', 'me', 'go', 'home', '-', 'why', 'go', 'go']",q3,10,0.4097692504936687,noisy grab-bag: gardening/agriculture + medical/technical mix
2956,0.4,50,5.649,system,"['system', 'system', 'system', 'system', 'models', 'infrastructure', 'strategy', 'infrastructure', 'environment', 'infrastructure']",q3,9,0.3220108674974466,"technical-systems vocabulary (controller, infrastructure, technology, vulnerabilities)"
2961,0.3,50,1.622,right,"['huh', '>', 'right', 'for', 'better', 'right', 'how', 'right', '-', '>']",q3,13,0.3803073148291842,"noisy grab-bag, no consistent theme"
2975,0.3,50,1.466,an,"['criteria', 'model', 'an', 'they', 'and', 'an', 'an', 'principles', 'local', '.']",q3,6,0.3157468297713376,"'feel' verb family (feel helpless, feel that way) — subjective-experience prose"
2976,0.0,50,5.381,,[],q3,12,0.3276588333366616,paragraph-break whitespace before named-entity or numbered-list intro
2983,0.2,50,1.814,boolean,"['boolean', 'something', '+', '-', 'boolean', 'advantage', 'population', ',', 'there', 'league']",q3,7,0.3401026470866093,noisy grab-bag: demographic/health stats + brand-campaign vocabulary
2997,0.4,50,5.574,action,"['sides', 'reality', 'real', 'action', 'ares', 'action', 'action', '=>', 'action', '=>']",q3,9,0.37011421524967164,"technical-systems vocabulary (controller, infrastructure, technology, vulnerabilities)"
