fid,frac,n_total,mean_act,modal,top_words,bucket,cluster,dist_to_centroid,label
37,0.3,15,0.897,-,"['mean', '-', 'players', '-', 'jacobs', 'weren', 'were', 'patients', '-', 'huh']",q1_lowest,3,0.30329388463934925,"noisy grab-bag, no consistent theme"
48,0.2,15,0.87,understand,"['understand', 'writer', 'end', 'language', '18', '26', '1', 'l', 'z', 'understand']",q1_lowest,7,0.35442874949665654,noisy grab-bag: business-achievement + medical-case reporting
105,0.1,14,0.848,.,"['.', 't', '={', 'accessed', 'retrieved', '-->', 'click', '=-', '26', '05']",q1_lowest,11,0.427383592789571,descending numeric sequences/citation brackets + noisy grab-bag
157,0.1,12,0.861,let,"['let', 'staten', 'requirement', 'carving', 'nature', 'well', 'blu', 'cloud', 'calls', 'there']",q1_lowest,8,0.318438021454619,noisy grab-bag: regulatory 'rather than' phrasing + archaic register
162,0.1,24,0.947,rather,"['rather', 'may', '.', 'suppose', '-', 'however', 'though']",q1_lowest,8,0.273279634030172,noisy grab-bag: regulatory 'rather than' phrasing + archaic register
175,0.1,19,0.937,corresponding,"['corresponding', 'travels', 'cybersecurity', 'wouldn', 'building', 'therefore', 'since', 'latter', 'plaintiffs', 'overall']",q1_lowest,10,0.29849185987357446,noisy grab-bag: software-QA vocabulary + poetic narrative
177,0.1,40,0.97,brood,"['brood', 'hit', 'association', 'o', 'into', 'size', 'thing', 'year', 'fray', 'pulled']",q1_lowest,4,0.3022894929675403,"noisy grab-bag, no consistent theme"
204,0.4,31,1.039,behind,"['30', 'behind', 'whatever', 'behind', '30', 'understand', 'got', 'behind', 'like', 'behind']",q1_lowest,9,0.40128703150729145,"noisy grab-bag, no consistent theme"
210,0.2,16,0.926,premises,"['premises', '549', 'soil', 'premises', 'many', 'few', 'base', 'country', 'rich', '562']",q1_lowest,5,0.2974259690557676,'to what extent'/'on the contrary' academic-hedge phrasing + 'premises' (telecom/legal)
211,0.2,12,0.955,away,"['ounces', '11', 'of', 'away', '21', 'havoc', 'away', '10', 'classes', 'java']",q1_lowest,6,0.38225422347435767,"noisy grab-bag, no consistent theme"
224,0.3,24,0.986,ãĺ,"['ãĺ', 'bottom', 'ãĺ', 'ãĺ', 'first', 'first', 'van', 'first', 'of', 'masters']",q1_lowest,9,0.3482238326543027,"noisy grab-bag, no consistent theme"
227,0.2,12,0.891,++),"['63', 'peninsula', 'delta', 'states', 'into', 'south', 'video', 'hemisphere', '++)', '++)']",q1_lowest,9,0.41065651941443015,"noisy grab-bag, no consistent theme"
234,0.2,16,0.976,whole,"['alpha', 'logos', 'apart', 'fore', 'whole', 'whole', 'other', 'outline', ',', '62']",q1_lowest,5,0.3275413385122991,'to what extent'/'on the contrary' academic-hedge phrasing + 'premises' (telecom/legal)
274,0.2,50,1.031,",","['been', ',', 'no', ',', 'just', 'school', 'err', '26', 'aws', 'yeah']",q1_lowest,3,0.345309478958454,"noisy grab-bag, no consistent theme"
277,0.1,14,0.906,radius,"['radius', 'symmetry', 'next', 'accompany', 'occupations', 'always', 'unsigned', 'latter', 'specifications', 'transfer']",q1_lowest,7,0.33849464597510687,noisy grab-bag: business-achievement + medical-case reporting
328,0.3,25,0.937,asked,"['doom', 'jacob', 'asked', 'asked', 'wouldn', 'bloom', '450', 'saw', 'asked', 'zeal']",q1_lowest,3,0.34764378550546204,"noisy grab-bag, no consistent theme"
331,0.2,10,0.934,us,"['us', 'users', 'us', 'once', 'updated', 'into', 'he', 'edu', 'indeed', 'one']",q1_lowest,7,0.3470849427559585,noisy grab-bag: business-achievement + medical-case reporting
389,0.1,45,0.963,email,"['email', 'former', 'degree', 'd', 'abstract', '1993', 'subject', 'any', 'in', 'few']",q1_lowest,4,0.32874420980507657,"noisy grab-bag, no consistent theme"
392,0.1,50,1.041,&&,"['&&', 'rom', 'too', 'who', 'possession', '||', '35', 'set', 'from', 'needs']",q1_lowest,7,0.32171180457251464,noisy grab-bag: business-achievement + medical-case reporting
393,0.2,50,1.048,whatever,"['restrain', 'whatever', 'whatever', 'factor', 'things', 'factor', 'salmon', 'promote', 'senator', 'anterior']",q1_lowest,9,0.34176738224357883,"noisy grab-bag, no consistent theme"
421,0.3,24,0.962,got,"['into', 'bought', 'will', '-', 'got', 'got', 'world', ')', 'got', 'news']",q1_lowest,3,0.3837466600910079,"noisy grab-bag, no consistent theme"
453,0.1,26,0.976,that,"['that', 'nearing', 'for', 'âłâł', '/*', 'facebook', '""/', 'nearer', 'a', 'sooner']",q1_lowest,7,0.3464503085760409,noisy grab-bag: business-achievement + medical-case reporting
464,0.3,13,0.839,a,"['ãĺ', 'new', 'voters', '59', 'a', 'a', 'a', 'at', '91', '94']",q1_lowest,11,0.38895243849707944,descending numeric sequences/citation brackets + noisy grab-bag
473,0.4,33,0.962,for,"['10', 'for', ""'s"", 'such', 'per', 'for', '&', 'for', 's', 'for']",q1_lowest,2,0.3898686423911563,noisy grab-bag: reported-speech/quotation mix
506,0.1,50,0.988,seems,"['seems', '=', 'noticing', 'jam', 'therefore', '+', 'terms', 'you', 'etc', 'accessed']",q1_lowest,2,0.31881233850644003,noisy grab-bag: reported-speech/quotation mix
527,0.4,11,0.917,fellow,"['fellow', 'fellow', '-', 'connect', 'fellow', '-', 'user', 'fellow', 'the', 'longer']",q1_lowest,9,0.36595499959416417,"noisy grab-bag, no consistent theme"
553,0.1,20,0.933,yeah,"['yeah', 'released', 'recently', 'rs', 'when', 'crossed', 'ãĥ', 'fri', 'stopped', 'impacted']",q1_lowest,2,0.3220714050867999,noisy grab-bag: reported-speech/quotation mix
557,0.1,19,0.879,fist,"['fist', 'later', 'furious', 'out', 'nest', 'to', 'aware', 'about', 'maintain']",q1_lowest,8,0.3052885447527208,noisy grab-bag: regulatory 'rather than' phrasing + archaic register
562,0.2,40,1.007,the,"['the', '32', ',', 'the', 'retrieved', '450', '353', 'designated', ',', '475']",q1_lowest,11,0.33280122572898196,descending numeric sequences/citation brackets + noisy grab-bag
586,0.3,14,0.836,9,"['9', 'contact', 'unlike', ',', 'might', 'else', '8', '970', '9', '9']",q1_lowest,2,0.4248704241467608,noisy grab-bag: reported-speech/quotation mix
593,0.3,22,0.969,how,"['how', 'how', 'made', '000', 'how', 'driven', '.,', 'other', '20', 'weren']",q1_lowest,7,0.3530743371268745,noisy grab-bag: business-achievement + medical-case reporting
619,0.2,13,0.963,been,"['been', 'been', 'anymore', 'like', 'herself', 'time', 'knew', 'times', 'hours', 'realized']",q1_lowest,1,0.32381398852099746,'to say the least' idiom + historical-reporting register (archaic + military/political)
624,0.3,10,0.872,why,"['except', 'nor', 'why', 'previous', 'why', 'why', 'have', 'resulting', 'firm']",q1_lowest,4,0.3506326212730641,"noisy grab-bag, no consistent theme"
637,0.3,17,0.984,units,"['mw', 'component', 'units', 'component', 'mw', 'ramadan', 'units', 'germ', 'units', 'parents']",q1_lowest,9,0.40202667861939073,"noisy grab-bag, no consistent theme"
638,0.2,12,0.928,would,"['would', 'willing', 'rather', 'so', 'would', 'force', 'what', 'slot', 'virtually', 'latter']",q1_lowest,2,0.31861673339381963,noisy grab-bag: reported-speech/quotation mix
665,0.2,36,1.009,until,"['grow', "",'"", 'the', 'well', '7', 'until', 'until', 'bring', "".'"", 'combine']",q1_lowest,2,0.42887342312923266,noisy grab-bag: reported-speech/quotation mix
692,0.2,12,0.89,name,"['name', 'edition', 'name', 'as', 'named', 'in', ',', 'regularly', 'while', 'figured']",q1_lowest,3,0.39409167178211835,"noisy grab-bag, no consistent theme"
703,0.2,50,1.043,.,"['.', '.', 'to', 'properties', '200', 'property', 'particular', 'the', 'greenhouse', 'specific']",q1_lowest,9,0.3727977687407629,"noisy grab-bag, no consistent theme"
706,0.2,36,0.983,about,"['12', 'never', 'then', 'about', 'unlike', 'across', 'about', 'mot', '05', 'out']",q1_lowest,3,0.31216130075314724,"noisy grab-bag, no consistent theme"
730,0.1,22,0.917,enzymes,"['enzymes', '35', 'athletes', 'exercises', 'got', 'on', 'learns', '5', 'results', '10']",q1_lowest,4,0.35962177481272745,"noisy grab-bag, no consistent theme"
746,0.2,11,0.932,"""""","['those', '""""', 'your', 'just', 'he', '""""', 'together', 'as', 'simply', 'just']",q1_lowest,8,0.32852333830883185,noisy grab-bag: regulatory 'rather than' phrasing + archaic register
759,0.2,10,0.886,league,"['following', 'pi', 'jersey', 'isp', 'a', 'league', 'bureaucracy', 'league', 'things', 'pity']",q1_lowest,1,0.4156254347682335,'to say the least' idiom + historical-reporting register (archaic + military/political)
767,0.2,12,0.953,l,"['service', 'l', '99', 'something', 'baltimore', 'petitions', 'l', 'range', ':', ':']",q1_lowest,0,0.2785121268323806,noisy grab-bag: statistics/business-reporting figures
769,0.2,20,0.873,instance,"['were', 'route', 'instance', 'welcome', 'routes', 'half', 'certificate', 'instance', 'where', 'where']",q1_lowest,6,0.32927378177104705,"noisy grab-bag, no consistent theme"
780,0.2,12,0.919,going,"['extends', 'writing', 'posted', 'and', 'going', 'then', '//', 'going', ']=', 'company']",q1_lowest,2,0.36338656558039056,noisy grab-bag: reported-speech/quotation mix
783,0.2,30,0.929,&&,"['11', 'right', 'carolina', 'born', '&&', 'opposite', '**', 'island', '&&', '(']",q1_lowest,11,0.3451152139207465,descending numeric sequences/citation brackets + noisy grab-bag
795,0.3,12,0.87,16,"['was', '16', 'scenes', 'attributes', '16', 'one', 'ï¿½ï¿½ï¿½ï¿½ï¿½ï¿½ï¿½ï¿½ï¿½ï¿½ï¿½ï¿½', '16', 'capability', 'needed']",q1_lowest,5,0.32639892803627407,'to what extent'/'on the contrary' academic-hedge phrasing + 'premises' (telecom/legal)
799,0.1,28,0.93,retention,"['retention', 'documentation', '[', 'ensure', '};', 'sake', 'partnership', 'been', 'grounds', 'policy']",q1_lowest,10,0.2724018119938142,noisy grab-bag: software-QA vocabulary + poetic narrative
808,0.1,10,0.889,his,"['his', 'dianne', 'sunni', 'advantage', 'latter', 'resident', 'lack', 'croatia', 'showcases', 'kept']",q1_lowest,7,0.3726135961714496,noisy grab-bag: business-achievement + medical-case reporting
809,0.2,13,0.955,curious,"['curious', 'that', 'new', 'shopping', 'later', 'improvements', 'a', 'before', 'every', 'curious']",q1_lowest,3,0.290350521188982,"noisy grab-bag, no consistent theme"
821,0.1,17,0.937,struct,"['struct', 'printf', 'period', 'hear', 'human', 'cancel', 'secondary', 'trust', 'schedule', 'plane']",q1_lowest,7,0.3455341800155632,noisy grab-bag: business-achievement + medical-case reporting
840,0.3,30,1.031,degree,"['mile', 'dealing', 'degree', 'fellow', 'degree', 'degree', 'to', 'given', 'part', 'fellowship']",q1_lowest,1,0.3394129184135887,'to say the least' idiom + historical-reporting register (archaic + military/political)
849,0.2,19,0.969,million,"['million', '492', 'they', '55', 'machines', '250', 'ni', 'million', 'i', '50']",q1_lowest,0,0.23756448849273545,noisy grab-bag: statistics/business-reporting figures
859,0.2,14,0.906,plaintiff,"['751', 'plaintiff', '905', 'previous', 'plaintiff', '.', 'board', 'lawsuit', 'ibn', '765']",q1_lowest,7,0.3517491397200969,noisy grab-bag: business-achievement + medical-case reporting
919,0.2,50,1.015,modified,"['networks', 'travelers', 'walls', 'modified', 'human', 'modified', 'rom', 'shown', 'about', 'santa']",q1_lowest,4,0.2898096791077029,"noisy grab-bag, no consistent theme"
934,0.3,13,0.933,=',"['a', ""='"", 'passage', 'wants', 'lifetime', ""='"", ""='"", 'teaching', 'the', 'a']",q1_lowest,6,0.3421860939719159,"noisy grab-bag, no consistent theme"
956,0.2,14,0.89,degree,"['bachelor', 'yeah', 'degree', 'master', 'degree', 'cubic', 'graduate', 'want', ')-', 'want']",q1_lowest,7,0.29570835870853557,noisy grab-bag: business-achievement + medical-case reporting
960,0.2,23,0.97,thing,"['longer', 'thing', 'trotted', '4', 'having', 'huh', 'huh', '4', 'thing', 'followed']",q1_lowest,7,0.40978779611931393,noisy grab-bag: business-achievement + medical-case reporting
961,0.2,10,0.843,across,"['across', ',', 'akin', 'across', 'corresponds', 'impact', '],', 'corresponding', 'spent', 'been']",q1_lowest,4,0.3309387868797398,"noisy grab-bag, no consistent theme"
962,0.1,12,0.877,jersey,"['jersey', 'delta', 'nyse', 'much', 'hotter', '225', 'relying', 'vengeance', 'day', 'that']",q1_lowest,11,0.3393958627011169,descending numeric sequences/citation brackets + noisy grab-bag
1010,0.2,38,0.992,to,"[',', 'gave', 'to', 'made', 'celebrated', 'villain', 'to', 'someone', 'proclaimed', 'distribution']",q1_lowest,7,0.2755469052067504,noisy grab-bag: business-achievement + medical-case reporting
1017,0.2,25,0.955,-,"['-', 'reminded', 'these', 'of', 'ensemble', 'these', 'trophies', '-', 'the', 'the']",q1_lowest,11,0.34746293958980157,descending numeric sequences/citation brackets + noisy grab-bag
1035,0.1,14,0.897,>(,"['>(', 'teams', 'bonds', 'ome', 'schools', 'followed', 'estate', '\\(', '7', 'missions']",q1_lowest,11,0.3024493435418769,descending numeric sequences/citation brackets + noisy grab-bag
1062,0.1,19,0.938,load,"['load', ')', 'quote', 'oth', 'output', '264', 'lengths', 'pop', '++;']",q1_lowest,8,0.3173144414419995,noisy grab-bag: regulatory 'rather than' phrasing + archaic register
1103,0.1,11,0.86,twice,"['twice', '"",', '72', 'been', 'underscores', ""':"", 'of', '75', '``', 'worse']",q1_lowest,7,0.365515912087512,noisy grab-bag: business-achievement + medical-case reporting
1135,0.2,11,0.843,so,"['type', 'so', 'national', '&', 'thought', 'so', '98', 'house', '63', '000']",q1_lowest,9,0.3418336376338729,"noisy grab-bag, no consistent theme"
1138,0.2,49,1.038,extent,"['of', 'manner', 'extent', 'contrary', 'ways', 'extent', 'secondly', 'predicament', 'had', 'is']",q1_lowest,5,0.2869841035753299,'to what extent'/'on the contrary' academic-hedge phrasing + 'premises' (telecom/legal)
1165,0.3,30,1.016,least,"['felt', 'had', 'all', 'least', 'hand', 'looks', 'least', 'after', 'whole', 'least']",q1_lowest,1,0.35422628714745796,'to say the least' idiom + historical-reporting register (archaic + military/political)
1168,0.1,18,0.885,earlier,"['earlier', 'century', 'objectives', 'into', 'with', 'vertices', ""',"", 'technologies', 'once', 'healthcare']",q1_lowest,9,0.3334098738187981,"noisy grab-bag, no consistent theme"
1194,0.1,32,0.962,looking,"['looking', 'true', 'taking', 'outer', '*/', 'life', '.?', ',', '.</', ""',""]",q1_lowest,3,0.34534319057740825,"noisy grab-bag, no consistent theme"
1218,0.2,28,0.954,where,"['runners', 'where', 'em', 'more', '<', 's', 'made', '7', ""';"", 'where']",q1_lowest,2,0.338854352418295,noisy grab-bag: reported-speech/quotation mix
1237,0.1,18,0.893,found,"['found', '`', '9', 'gave', 'materials', '}\\', 'goes', 'hadn', 'could', ""')""]",q1_lowest,3,0.35654528760914406,"noisy grab-bag, no consistent theme"
1258,0.1,10,0.871,of,"['of', 'based', 'âģ¢', "",'"", 'high', ',', 'books', '360', 'until']",q1_lowest,2,0.32064770455911484,noisy grab-bag: reported-speech/quotation mix
1281,0.3,21,0.921,-,"['intimate', 'son', '-', 'and', 'one', 'thereby', 'fact', '-', 'event', '-']",q1_lowest,9,0.3936023067831722,"noisy grab-bag, no consistent theme"
1294,0.2,32,1.016,18,"['18', 'thirds', '18', 'got', '?""', 'embarked', '35', 'involves', 'involves', 'follows']",q1_lowest,6,0.419999627834774,"noisy grab-bag, no consistent theme"
1297,0.3,41,1.013,and,"['and', '-', 'have', 'having', 'and', ""'s"", 'had', 'and', '.', 'having']",q1_lowest,8,0.4265394534856577,noisy grab-bag: regulatory 'rather than' phrasing + archaic register
1302,0.2,15,0.971,consumption,"['same', 'let', 'latter', 'combinations', 'seasons', 'consumption', 'last', '92', 'had', 'consumption']",q1_lowest,6,0.3181513468030176,"noisy grab-bag, no consistent theme"
1314,0.3,11,0.902,others,"['others', 'ones', '28', 'others', '96', 'slightest', 'another', 'others', 'another', 'another']",q1_lowest,6,0.5288118182246035,"noisy grab-bag, no consistent theme"
1326,0.1,10,0.868,newly,"['newly', '172', 'interactions', 'latter', '""+', '288', 'established', 'public', 'groundwork', 'associated']",q1_lowest,6,0.3280943319733484,"noisy grab-bag, no consistent theme"
1336,0.3,25,1.013,reserved,"['reserved', 'reserved', 'reserved', 'goes', 'things', 'media', 'fair', 'things', 'communities', 'way']",q1_lowest,1,0.3495060884533325,'to say the least' idiom + historical-reporting register (archaic + military/political)
1374,0.3,14,0.888,regard,"['regard', 'regard', 'paragraphs', 'regard', 'view', 'circumstances', 'whom', '45', 'circumstance', 'ere']",q1_lowest,4,0.39826267469129134,"noisy grab-bag, no consistent theme"
1378,0.2,12,0.868,?,"['?', 'in', 'can', '?', 'kind', '!', 'or', 'or', 'can', 'gets']",q1_lowest,3,0.3174403229190848,"noisy grab-bag, no consistent theme"
1387,0.2,13,0.922,156,"['size', 'i', '156', 'they', '"");', '156', 'ahead', 'bring', 'medium', 'masters']",q1_lowest,9,0.33022571399402456,"noisy grab-bag, no consistent theme"
1401,0.1,14,0.857,however,"['however', 'too', 'then', 'whatever', 'that', 'particularly', 'showing', 'completely', 'happiest', 'called']",q1_lowest,1,0.3101529471534387,'to say the least' idiom + historical-reporting register (archaic + military/political)
1435,0.3,29,0.941,âģ¢,"['india', 'and', 'indeed', 'âģ¢', 'board', 'âģ¢', 'board', 'and', 'must', 'âģ¢']",q1_lowest,9,0.43765989843604247,"noisy grab-bag, no consistent theme"
1442,0.2,50,1.041,things,"['things', 'more', '3', 'skip', 'more', 'most', 'nothing', 'things', 'next', 'everything']",q1_lowest,3,0.35253747124619433,"noisy grab-bag, no consistent theme"
1447,0.1,50,1.023,were,"['were', 'sought', 'cost', 'risk', 'learned', 'might', '%)', 'paper', 'workforce', 'edge']",q1_lowest,2,0.30152153849096547,noisy grab-bag: reported-speech/quotation mix
1488,0.1,16,0.888,joint,"['joint', 'his', 'with', 'arrested', 'their', 'oak', 'field', 'behind']",q1_lowest,8,0.28251225688708403,noisy grab-bag: regulatory 'rather than' phrasing + archaic register
1492,0.2,13,0.856,),"['heat', ')', '),', 'neurons', 'to', ')', ""('"", ""('"", 'journal', '(']",q1_lowest,3,0.3699447968539165,"noisy grab-bag, no consistent theme"
1503,0.2,27,1.044,got,"['person', 'apache', 'got', 'refusal', 'due', 'corpus', 'from', 'supposed', 'green', 'got']",q1_lowest,1,0.29681016146072686,'to say the least' idiom + historical-reporting register (archaic + military/political)
1516,0.1,10,0.864,issue,"['issue', 'at', '1', '52', '102', 'high', 'transactions', '120', 'amounts', 'effects']",q1_lowest,7,0.33364159835807344,noisy grab-bag: business-achievement + medical-case reporting
1526,0.1,50,0.987,""">","['"">', '/)', 'whole', 'an', 'every', 'no', 'inter', 'gone', 'don', 'so']",q1_lowest,3,0.3009492020659186,"noisy grab-bag, no consistent theme"
1556,0.3,20,1.003,branches,"['husband', 'husbands', 'branches', 'husbands', 'branches', '>', 'child', ':', 'nil', 'branches']",q1_lowest,9,0.41773727377265846,"noisy grab-bag, no consistent theme"
1563,0.4,12,1.05,meantime,"['meantime', 'meantime', 'meanwhile', 'meantime', 'for', 'somewhere', 'meantime', 'interim', 'part', 'forever']",q1_lowest,5,0.38977455841505176,'to what extent'/'on the contrary' academic-hedge phrasing + 'premises' (telecom/legal)
1570,0.2,39,0.972,test,"['out', 'test', 'part', 'k', 'of', 'of', 'in', 'test', 'account', 'other']",q1_lowest,9,0.35750449192886696,"noisy grab-bag, no consistent theme"
1579,0.1,17,0.869,'-,"[""'-"", 'whereas', 'a', 'that', 'of', 'specifically', 'dollars', '.', '\\\\', 'wherein']",q1_lowest,8,0.34672496055565377,noisy grab-bag: regulatory 'rather than' phrasing + archaic register
1654,0.2,13,0.942,resistance,"['defense', '427', 'resistance', 'have', 'her', 'honestly', 'dr', ""');"", 'expecting', 'resistance']",q1_lowest,9,0.3429297754482702,"noisy grab-bag, no consistent theme"
1659,0.2,17,0.907,why,"['12', 'what', "",'"", 'why', '24', 'why', 'by', '-', 'as', '=']",q1_lowest,3,0.37627604946641735,"noisy grab-bag, no consistent theme"
1714,0.1,10,0.862,'t,"[""'t"", 'guide', 'twenty', 'tap', 'then', 'guidance', 'thou', 'access', 'ts', 'until']",q1_lowest,2,0.3516803218603451,noisy grab-bag: reported-speech/quotation mix
1718,0.2,31,0.878,_,"['museum', '&', '7', 'follow', 'your', 'that', '_', '_']",q1_lowest,8,0.27863134664224776,noisy grab-bag: regulatory 'rather than' phrasing + archaic register
1729,0.2,13,0.883,that,"['ratios', 'can', 'different', '11', 'that', 'that', 'cerebral', 'various', 'to', 'highest']",q1_lowest,11,0.31488317010064804,descending numeric sequences/citation brackets + noisy grab-bag
1738,0.2,16,1.002,**,"['**', 'content', '34', 'globe', 'writing', '**', '24', 'required', 'a', 'required']",q1_lowest,7,0.39103665759025646,noisy grab-bag: business-achievement + medical-case reporting
1749,0.4,14,0.856,following,"['sorts', 'try', 'the', 'following', '44', 'following', 'honor', 'taking', 'following', 'following']",q1_lowest,7,0.3672688539595852,noisy grab-bag: business-achievement + medical-case reporting
1760,0.2,11,0.892,don,"['91', '90', '110', 'visa', 'don', '125', 'don', 'discover', 'along', 'responsible']",q1_lowest,11,0.2957643843659782,descending numeric sequences/citation brackets + noisy grab-bag
1792,0.2,11,0.816,for,"['gave', 'believer', 'e', 'parents', 'for', 'for', 'every', '0', 'ed', 'cm']",q1_lowest,1,0.32515683651741434,'to say the least' idiom + historical-reporting register (archaic + military/political)
1805,0.3,24,1.037,",","['fingertips', ',', 'when', 'launches', 'ga', ',', '|', ',', 'provider', 'richard']",q1_lowest,8,0.28461747935848264,noisy grab-bag: regulatory 'rather than' phrasing + archaic register
1818,0.1,27,1.014,vertical,"['vertical', 'unemployment', 'of', 'among', 'quality', 'aesthetic', 'curriculum', 'stiffness', 'domestic', 'agility']",q1_lowest,11,0.36944236711062917,descending numeric sequences/citation brackets + noisy grab-bag
1846,0.2,19,0.932,=],"['he', 'that', '=]', 'yeah', 'at', '31', '=]', '77', 'a', 'td']",q1_lowest,7,0.4175548143608983,noisy grab-bag: business-achievement + medical-case reporting
1848,0.3,23,0.955,14,"['14', 'setting', '14', '16', '18', '14', 'if', 'afternoon', 'time', 'dysfunction']",q1_lowest,11,0.3826023471264605,descending numeric sequences/citation brackets + noisy grab-bag
1850,0.1,44,0.94,for,"['for', 'themselves', 'example', 'operational', 'chain', 'east', 'cathedral', 't', '16', 'three']",q1_lowest,9,0.24938257907095868,"noisy grab-bag, no consistent theme"
1871,0.1,18,0.988,d,"['d', 'connects', 'ways', 'bit', 'what', 'turn', '15', 'sustainability', '75', '/>']",q1_lowest,5,0.3707984786924508,'to what extent'/'on the contrary' academic-hedge phrasing + 'premises' (telecom/legal)
1903,0.3,10,0.916,6,"['6', '19', 'sake', '6', '6', 'sake', '5', '97', '37', '19']",q1_lowest,6,0.5468870816029068,"noisy grab-bag, no consistent theme"
1924,0.1,50,1.056,doing,"['doing', 'b', 'cru', 'usual', 'causation', 'abide', 'attempting', 'causing', 'that', 'underlying']",q1_lowest,4,0.30334027625787985,"noisy grab-bag, no consistent theme"
1937,0.2,23,0.939,midst,"['last', 'other', 'side', 'need', '1', 'midst', 'district', 'matter', 'midst', 'shook']",q1_lowest,10,0.2979876761443069,noisy grab-bag: software-QA vocabulary + poetic narrative
1964,0.4,15,0.958,to,"['bank', 'maxim', 'to', 'coy', 'which', '13', 'to', 'western', 'to', 'to']",q1_lowest,9,0.3068711913453332,"noisy grab-bag, no consistent theme"
1990,0.3,25,0.946,but,"['and', 'yeah', '20', 'london', 'he', 'but', 'but', 'and', 'but', 'negative']",q1_lowest,2,0.35151489408090747,noisy grab-bag: reported-speech/quotation mix
2004,0.2,26,1.039,sometimes,"['sometimes', 'grown', 'into', 'grown', 'settled', 'prophet', 'sometimes', 'commonly', 'ready', 'commonly']",q1_lowest,9,0.3308393214236697,"noisy grab-bag, no consistent theme"
2045,0.2,15,0.865,in,"['in', 'a', '[...]', 'in', 'their', 'it']",q1_lowest,8,0.3203175646180575,noisy grab-bag: regulatory 'rather than' phrasing + archaic register
2051,0.3,11,0.972,now,"['subject', 'were', 'now', 'now', 'were', 'now', 'exception', 'ensures', 'intercourse', 'example']",q1_lowest,6,0.3684272666244728,"noisy grab-bag, no consistent theme"
2055,0.2,29,0.928,and,"['and', 'from', 'â°', 'played', 'minimizing', 'over', 'liability', 'and', '.', 'â°']",q1_lowest,11,0.3235371413486095,descending numeric sequences/citation brackets + noisy grab-bag
2056,0.3,11,0.855,basis,"['basis', 'worse', 'basis', '++)', 'best', 'basis', 'well', 'to', 'experience', '++)']",q1_lowest,9,0.4525742190895826,"noisy grab-bag, no consistent theme"
2079,0.2,13,0.884,applicable,"['his', 'counterparts', '21', 'applicable', 'mixed', 'applicable', 'have', 'quantities', 'pp', 'goes']",q1_lowest,11,0.3440246307018338,descending numeric sequences/citation brackets + noisy grab-bag
2098,0.2,10,0.808,without,"['matter', 'whether', 'example', 'without', 'temperature', '==', '09', 'grounds', 'without', '105']",q1_lowest,11,0.3385610389375269,descending numeric sequences/citation brackets + noisy grab-bag
2114,0.1,50,1.007,18,"['18', 'outbreak', 'ãĺ', 'discovery', 'for', 'indices', '44', 'fig', 'outcome', 'intensity']",q1_lowest,11,0.31418996521173576,descending numeric sequences/citation brackets + noisy grab-bag
2125,0.2,50,1.04,-,"['-', 'on', 'date', 'date', '$$', 'to', 'long', '-', 'you', 'you']",q1_lowest,2,0.33156167156059874,noisy grab-bag: reported-speech/quotation mix
2134,0.2,20,0.976,\\,"['184', 'asked', '\\\\', 'sides', 'behavior', 'woman', '427', '\\\\', 'fertility', 'administrator']",q1_lowest,9,0.38585836482598035,"noisy grab-bag, no consistent theme"
2139,0.3,10,0.968,later,"['ago', 'later', 'be', 'introduce', 'later', 'later', 'clover', 'both', '42', 'trails']",q1_lowest,4,0.3442037524649514,"noisy grab-bag, no consistent theme"
2158,0.2,13,0.842,ij,"['ij', 'resume', 'germ', ')', '?', 'germ', 'ij', 'opponent', 'reverse']",q1_lowest,9,0.36428960572233793,"noisy grab-bag, no consistent theme"
2159,0.1,11,0.868,former,"['former', 'bank', '24', 'paragraph', 'following', 'green', 'target', 'backward', 'project', 'generated']",q1_lowest,9,0.30344823172215046,"noisy grab-bag, no consistent theme"
2183,0.2,13,0.898,accordance,"['rely', '%', 'accordance', 'i', 'happen', 'someone', 'about', 'accordance', 'spare', '""%']",q1_lowest,7,0.28136524995403256,noisy grab-bag: business-achievement + medical-case reporting
2201,0.2,12,0.919,there,"['proceedings', 'there', 'an', 'per', 'there', 'they', 'recent', 'occur', 'with', 'croatia']",q1_lowest,9,0.34118969758446793,"noisy grab-bag, no consistent theme"
2207,0.3,22,0.886,only,"[')]', 'which', 'only', 'force', '14', 'be', 'only', 'alike', ')]', 'only']",q1_lowest,9,0.4047083879580356,"noisy grab-bag, no consistent theme"
2226,0.1,16,0.926,",","[',', 'no', '12', 'play', 'imagining', '-', 'life', '45', 'c', 'la']",q1_lowest,9,0.3078056483600416,"noisy grab-bag, no consistent theme"
2254,0.2,12,0.855,n,"['up', 'n', '@', 'my', 'n', 'nit', 'my', 'ni', 'ni', 'trials']",q1_lowest,9,0.4122269130001226,"noisy grab-bag, no consistent theme"
2259,0.2,12,0.918,hey,"['on', 'yeah', 'a', 'that', 'be', 'hey', 'hey', 'informed', 'what', 'child']",q1_lowest,2,0.3275195391761807,noisy grab-bag: reported-speech/quotation mix
2262,0.2,41,0.99,?,"['is', '?', 'wouldn', '&', 'my', '?', 'wouldn', 'ear', 'her', '&']",q1_lowest,8,0.4123121094376325,noisy grab-bag: regulatory 'rather than' phrasing + archaic register
2276,0.1,43,0.998,09,"['09', 'living', 'someone', 'favor', 'one', 'origin', 'coordinator', 'mean', 'fellow']",q1_lowest,1,0.3036374291819984,'to say the least' idiom + historical-reporting register (archaic + military/political)
2354,0.2,10,0.828,body,"['england', 'only', 'around', 'exception', 'how', 'tailored', 'buff', 'body', 'body', 'met']",q1_lowest,7,0.32059673146671663,noisy grab-bag: business-achievement + medical-case reporting
2358,0.3,32,0.917,the,"['did', 'the', 'full', 'around', 'orbits', 'think', 'dude', 'did', 'the', 'the']",q1_lowest,3,0.3324702639598901,"noisy grab-bag, no consistent theme"
2379,0.2,12,0.922,operating,"['off', 'times', 'to', 'operating', 'method', 'outcome', 'operating', 'tasks', 'interactions', 'around']",q1_lowest,7,0.3560955615167827,noisy grab-bag: business-achievement + medical-case reporting
2424,0.2,31,1.002,time,"['the', 'time', 'hub', 'time', 'should', 'in', 'it', 'my', 'both', 'klaus']",q1_lowest,9,0.3714577506071181,"noisy grab-bag, no consistent theme"
2462,0.4,50,0.993,const,"['const', 'decimal', 'const', 'const', 'into', 'windows', 'const', '$,', 'encountered', 'hailed']",q1_lowest,6,0.4226906533901388,"noisy grab-bag, no consistent theme"
2513,0.2,12,0.922,25,"['25', 'same', '25', 'compliance', 'balancing', 'like', 'associated', 'happier', '77', 'landed']",q1_lowest,4,0.441650818020853,"noisy grab-bag, no consistent theme"
2533,0.1,20,0.896,founding,"['founding', 'administrations', 'the', 'a', 'renamed', 'consecutive', 'done', 'did', 'until', 'which']",q1_lowest,11,0.29935010598181605,descending numeric sequences/citation brackets + noisy grab-bag
2534,0.2,11,0.891,following,"['midst', 'with', 'name', 'beginnings', 'having', 'founders', 'following', 'and', 'followers', 'following']",q1_lowest,7,0.3693901521720579,noisy grab-bag: business-achievement + medical-case reporting
2536,0.1,10,0.814,5,"['5', 'to', 'korea', 'banks', '25', 'worry', 'picks', 'groups', 'customers', 'ensure']",q1_lowest,0,0.2304512242172075,noisy grab-bag: statistics/business-reporting figures
2556,0.3,50,0.991,"',","['.<', ""'t"", 'conducted', ""',"", ""',"", 'have', 'from', ',', 'commenced', ""',""]",q1_lowest,10,0.3600676757072246,noisy grab-bag: software-QA vocabulary + poetic narrative
2565,0.1,10,0.872,one,"['one', '"">', '101', 'regards', '91', '90', '31', ',', 'an', 'between']",q1_lowest,11,0.3533791357872282,descending numeric sequences/citation brackets + noisy grab-bag
2570,0.2,14,0.909,test,"[""',"", 'test', 'true', '&', 'test', 'and', ""'"", ""'"", 'true', 'fact']",q1_lowest,10,0.3144898903054783,noisy grab-bag: software-QA vocabulary + poetic narrative
2586,0.2,10,0.861,myself,"['our', 'myself', 'therefore', 'my', 'south', 'so', 'syndrome', 'my', 'same', 'myself']",q1_lowest,1,0.32280084118239416,'to say the least' idiom + historical-reporting register (archaic + military/political)
2592,0.2,26,0.897,end,"['recent', 'certain', 'classes', 'end', 'parts', 'ensuring', 'branches', 'central', 'ensuring', 'end']",q1_lowest,7,0.3393626344472577,noisy grab-bag: business-achievement + medical-case reporting
2596,0.3,36,1.022,from,"['the', 'from', '371', 'from', 'from', '28', 'âł', 'this', ',', 'âł']",q1_lowest,9,0.48653154024572437,"noisy grab-bag, no consistent theme"
2616,0.3,17,0.874,they,"['as', 'aspx', 'they', 'they', 'shall', 'aside', 'remaining', ""';"", 'they', 'be']",q1_lowest,2,0.3683569254489354,noisy grab-bag: reported-speech/quotation mix
2659,0.2,14,0.95,saturday,"['saturday', 'celebration', 'christmas', 'celebration', 'specialty', 'trails', 'intimate', 'services', 'saturday', 'adoption']",q1_lowest,10,0.3046306827508343,noisy grab-bag: software-QA vocabulary + poetic narrative
2679,0.1,18,0.902,actions,"['actions', 'apr', 'feb', 'as', '),', 'sec', 'communities', 'text', 'spatial', 'masses']",q1_lowest,6,0.3396048544514186,"noisy grab-bag, no consistent theme"
2681,0.1,10,0.82,said,"['said', 'least', 'country', 'time', 'nd', 'subject', 'a', 'display', 'next']",q1_lowest,1,0.2768349783212276,'to say the least' idiom + historical-reporting register (archaic + military/political)
2685,0.1,50,1.03,til,"['til', '162', 'gain', 'ãł', 'warden', 'mann', 'rivera', 'far', 'en', 'yu']",q1_lowest,4,0.34570766995422636,"noisy grab-bag, no consistent theme"
2729,0.1,13,0.872,been,"['been', 'there', 'designed', 'kept', 'sure', 'intention', 'meant', 'given', 'best', 'a']",q1_lowest,10,0.39248223331563215,noisy grab-bag: software-QA vocabulary + poetic narrative
2736,0.2,13,0.86,100,"['%,', 'sunday', '33', 'here', '100', '40', 'on', '>(', '10', '100']",q1_lowest,5,0.3503879805034475,'to what extent'/'on the contrary' academic-hedge phrasing + 'premises' (telecom/legal)
2783,0.1,17,0.944,area,"['area', 'went', 'evidence', 'unable', 'and', 'nowhere', 'location', 'unit', 'cause', 'going']",q1_lowest,7,0.34385257184523255,noisy grab-bag: business-achievement + medical-case reporting
2807,0.2,21,0.991,for,"['for', 'ğ', 'prot', 'for', 'ya', 'damage', 'had', 'on', 'on', 'healthy']",q1_lowest,1,0.3379769829212826,'to say the least' idiom + historical-reporting register (archaic + military/political)
2809,0.2,50,0.986,very,"['very', 'having', 'no', 'nowhere', 'a', 'having', '3', '771', 'very', 'albuquerque']",q1_lowest,7,0.344673300854479,noisy grab-bag: business-achievement + medical-case reporting
2819,0.4,10,1.015,i,"['hung', 'i', 'with', 'i', 'son', 'brokers', 'i', 'torn', 'i', 'look']",q1_lowest,4,0.3818335951488449,"noisy grab-bag, no consistent theme"
2821,0.1,10,0.982,whoever,"['whoever', 'he', 'win', 'what', 'cann', 'built', 'gent', 'values']",q1_lowest,8,0.3034665086356471,noisy grab-bag: regulatory 'rather than' phrasing + archaic register
2827,0.1,50,0.981,instruction,"['instruction', '-', 'destinies', 'withstand', 'dependent', 'necessitating', 'vol', 'particular', 'man']",q1_lowest,9,0.30944173204335695,"noisy grab-bag, no consistent theme"
2831,0.2,22,0.894,just,"['with', '9', 'just', 'just', 'most', 'for', 'an', '10', 'so', 'up']",q1_lowest,3,0.35172956187515947,"noisy grab-bag, no consistent theme"
2853,0.1,16,0.92,those,"['those', '27', 'sought', 'styled', '`.', '""\\', 'heard', 'notice', '6', 'keep']",q1_lowest,8,0.37935047913651493,noisy grab-bag: regulatory 'rather than' phrasing + archaic register
2859,0.1,35,0.941,homo,"['homo', 'var', '$', 'requirements', 'company', 'roger', 'point', 'robert', 'les', 'someone']",q1_lowest,11,0.31301980026178156,descending numeric sequences/citation brackets + noisy grab-bag
2874,0.2,11,0.846,+,"['teams', '+', '-', '+', 'house', 'buried', 'such', 'plus', 'then', 'plus']",q1_lowest,8,0.3785523075923619,noisy grab-bag: regulatory 'rather than' phrasing + archaic register
2906,0.3,10,0.833,â±,"['residential', 'â±', 'liability', 'row', 'â±', 'â±', 'without', 'matter', 'human', 'only']",q1_lowest,7,0.4266990440584474,noisy grab-bag: business-achievement + medical-case reporting
2934,0.2,31,1.01,soon,"['test', 'soon', 'soon', 'firm', 'particular', 'hampshire', 'sight', 'salaries', ""',"", 'spells']",q1_lowest,1,0.35061326836964407,'to say the least' idiom + historical-reporting register (archaic + military/political)
2939,0.1,50,1.054,grounds,"['grounds', 'usa', '});', 'pros', ""''."", 'days', 'flashbacks', 'has', ',', '.']",q1_lowest,4,0.36286209266825253,"noisy grab-bag, no consistent theme"
2945,0.1,44,1.008,again,"['again', 'do', 'conquer', 'd', '60', 'one', 'every', '200', 'quantity', 'spinal']",q1_lowest,7,0.2991883897134043,noisy grab-bag: business-achievement + medical-case reporting
2961,0.1,25,0.891,spoke,"['spoke', '2', 'and', 'don', 'smaller', '.""', 'another', 'whereas', 'as', 'prior']",q1_lowest,8,0.3130948578328905,noisy grab-bag: regulatory 'rather than' phrasing + archaic register
2982,0.2,24,1.025,%),"['to', '%)', '%),', 's', ""'s"", 'of', '%)', 'college', ""'s"", '2019']",q1_lowest,7,0.3854586736510053,noisy grab-bag: business-achievement + medical-case reporting
54,0.2,50,1.244,===,"['saturday', '10', '-->', 'avoid', 'italy', '"">', '===', '===', 'publications', '20']",q2,6,0.44241389406693765,"noisy grab-bag, no consistent theme"
61,0.3,50,1.136,an,"['an', 'an', 'an', 'his', 's', 'acts', 'activate', 'for', 'scratch', 'paced']",q2,7,0.33915296339505896,noisy grab-bag: culture/politics + statistics
74,0.2,50,1.432,latter,"['party', 'stands', 'comprises', 'latter', '"".', 'particular', 'http', 'latter', 'face', 'http']",q2,10,0.4182518550308978,noisy grab-bag: gaming/pop-culture + technical/aviation reporting
130,0.2,47,1.077,zone,"['zone', 'entity', '2', '==', 'zone', 'healthcare', 'spacecraft', 'influence', 'automotive', 'advantage']",q2,6,0.3508656151582445,"noisy grab-bag, no consistent theme"
178,0.2,50,1.128,aspects,"['aspects', 'judicial', 'aspects', 'parts', 'governance', 'entities', 'sectors', 'sense', 'just', 'governance']",q2,7,0.3911074280925408,noisy grab-bag: culture/politics + statistics
182,0.2,50,1.326,around,"['around', 'around', 'denizens', '.', 'sometimes', 'valley', '].', '236', 'sneak', 'she']",q2,6,0.30920815335522495,"noisy grab-bag, no consistent theme"
208,0.2,50,1.375,out,"[',', 'conclusion', 'out', 'those', 'times', 'those', "",'"", '=', '$', 'out']",q2,5,0.3406582742963142,'others'/comparison-quantifier words + statistics/legal-penalty phrasing
233,0.4,50,1.23,a,"['def', 'def', 'a', 'symptom', 'come', 'a', 'last', 'a', 'thought', 'a']",q2,2,0.28490945707695925,legal 'holdings'/'Board of Zoning' vocabulary + noisy grab-bag
240,0.2,50,1.366,whole,"['were', 'blade', 'intra', 'ipad', 'whole', 'eight', 'globe', 'of', 'angle', 'whole']",q2,8,0.27767091717406034,'on behalf of' legal phrase + biblical/battle narrative mix
243,0.4,50,1.079,"?""","['?""', '?""', 'explore', '"");', '?""', 'wishes', '?""', 'which', 'either', 'o']",q2,7,0.37227338210300565,noisy grab-bag: culture/politics + statistics
256,0.3,50,1.203,",","['),', 'feet', ',', 'who', 'name', ',', 'name', ',', 'moment']",q2,4,0.3267493924685215,'been there done that' idiom + misc whitespace-adjacent prose
304,0.3,50,1.418,time,"['the', 'then', 'to', 'time', 'elections', 'a', 'money', 'time', 'time', 'that']",q2,3,0.2850712471300323,"noisy grab-bag, no consistent theme"
307,0.4,50,1.244,he,"['who', 'he', 'namely', 'he', 'season', 'he', 'of', 'of', 'he', 'had']",q2,2,0.32534485579502453,legal 'holdings'/'Board of Zoning' vocabulary + noisy grab-bag
352,0.1,50,1.093,birth,"['birth', 'indeed', 'part', 'with', 'implicitly', 'needed', 'circle', 'ways', 'a', 'had']",q2,2,0.3048446678764189,legal 'holdings'/'Board of Zoning' vocabulary + noisy grab-bag
360,0.2,50,1.057,int,"['government', 'int', 'part', 'from', 'to', 'int', 'for', 'part', 'the', 'authorities']",q2,7,0.3456534708293723,noisy grab-bag: culture/politics + statistics
362,0.2,50,1.29,(,"['.', '(', '+', 'and', 'and', ',', 'com', '(', '+', 'her']",q2,7,0.38893771636204466,noisy grab-bag: culture/politics + statistics
367,0.2,50,1.11,who,"['from', 'who', 'visited', 'who', '18', 'you', '371', 'you', 'de', 'number']",q2,2,0.38086181308468814,legal 'holdings'/'Board of Zoning' vocabulary + noisy grab-bag
373,0.4,50,1.254,whole,"['whole', 'shall', 'whole', 'to', 'gone', 'go', 'whole', 'whole', 'and', 'might']",q2,8,0.4141016854889603,'on behalf of' legal phrase + biblical/battle narrative mix
398,0.2,50,1.269,100,"['ok', 'working', '100', 'inspector', 'figures', 'therefore', 'whole', '100', 'to', 'high']",q2,10,0.30113598426505994,noisy grab-bag: gaming/pop-culture + technical/aviation reporting
406,0.2,50,1.414,complexity,"['midnight', '231', 'complexity', 'charged', 'tribe', 'complexity', 'contribute', 'dimension', 'components', 'players']",q2,8,0.38472407008147325,'on behalf of' legal phrase + biblical/battle narrative mix
415,0.3,50,1.393,addition,"['demand', 'legislature', 'leave', 'done', 'addition', 'addition', 'testament', 'whereabouts', 'library', 'addition']",q2,10,0.35351328878241084,noisy grab-bag: gaming/pop-culture + technical/aviation reporting
434,0.2,50,1.37,other,"['so', 'entire', 'out', 'together', 'who', 'other', 'building', 'other', 'filling', 'building']",q2,5,0.30024782874788425,'others'/comparison-quantifier words + statistics/legal-penalty phrasing
456,0.3,50,1.231,others,"['others', 'century', 'required', 'those', 'others', 'sized', 'others', 'after', 'winners', 'begins']",q2,5,0.2855434725468034,'others'/comparison-quantifier words + statistics/legal-penalty phrasing
461,0.4,50,1.402,no,"['no', 'the', 'no', 'no', 'no', 'made', 'where', 'to', '"",', 'sq']",q2,10,0.42193136322764063,noisy grab-bag: gaming/pop-culture + technical/aviation reporting
463,0.3,19,1.317,a,"['a', 'a', 'lived', 'lived', 'a', 'lived', 'sunni', 'term', 'secondary', 'd']",q2,6,0.3971071986315351,"noisy grab-bag, no consistent theme"
466,0.2,50,1.133,stationed,"['duo', 'pair', 'explores', 'stationed', '15', 'st', 'la', 'stationed', '80', '->']",q2,10,0.2902519574650795,noisy grab-bag: gaming/pop-culture + technical/aviation reporting
470,0.2,46,1.075,latter,"['studied', 'latter', 'latter', '=>', '=>', '][', 'following', 'mit', '],', '?']",q2,10,0.47054967993914215,noisy grab-bag: gaming/pop-culture + technical/aviation reporting
496,0.3,50,1.218,case,"['person', 'been', 'case', '>', 'case', 'answer', 'case', '>', 'string', 'just']",q2,2,0.3314871148773485,legal 'holdings'/'Board of Zoning' vocabulary + noisy grab-bag
497,0.1,50,1.188,fined,"['fined', 'culture', 'cultural', 'civil', 'part', 'journal', 'clear', 'course', 'cells', 'horizontal']",q2,7,0.29798809777498053,noisy grab-bag: culture/politics + statistics
509,0.2,50,1.365,1500,"['returns', 'contexts', 'prevents', 'govern', 'ground', '1500', 'skills', 'awareness', 'visibility', '1500']",q2,8,0.3478071315679714,'on behalf of' legal phrase + biblical/battle narrative mix
530,0.2,50,1.225,best,"['action', 'whatever', 'saw', 'king', 'best', 'best', 'boss', 'whoever', 'solution', 'decision']",q2,3,0.3514131179830715,"noisy grab-bag, no consistent theme"
531,0.4,15,1.243,articles,"['articles', 'articles', 'sections', 'sections', 'sections', 'articles', 'sections', 'articles', 'article', 'âłâł']",q2,1,0.5285489094495609,"noisy grab-bag, no consistent theme"
577,0.1,50,1.243,heroine,"['heroine', 'stressed', 'fundraising', '""-', 'nonprofits', 'political', 'protagonist', 'her', 'asynchronous', 'ancient']",q2,6,0.3183967954459052,"noisy grab-bag, no consistent theme"
615,0.4,50,1.358,long,"['in', 'long', 'long', 'participating', 'lucky', 'storm', 'long', 'who', '198', 'long']",q2,2,0.3060166047711718,legal 'holdings'/'Board of Zoning' vocabulary + noisy grab-bag
652,0.2,50,1.375,latter,"[',""', 'as', 'latter', 'latter', 'thing', ').', '\'.""', 'same', 'but', ',']",q2,6,0.3563639934365788,"noisy grab-bag, no consistent theme"
675,0.2,50,1.4,dated,"['taken', 'secondly', 'extent', ""'t"", 'principle', 'dated', 'journey', 'not', 'dated', 'been']",q2,10,0.3069997822502375,noisy grab-bag: gaming/pop-culture + technical/aviation reporting
693,0.3,50,1.4,every,"['every', '&', 'every', 'every', '&', 'qualify', 'calling', '|', 'right', 'list']",q2,2,0.38907163248806215,legal 'holdings'/'Board of Zoning' vocabulary + noisy grab-bag
697,0.2,50,1.413,right,"['right', 'self', 'right', 'holdings', 'board', 'year', 'long', 'away', 'difference', 'well']",q2,2,0.2735011051838771,legal 'holdings'/'Board of Zoning' vocabulary + noisy grab-bag
699,0.1,18,1.111,car,['car'],q2,11,0.3379670242208223,paragraph-break whitespace before organization/citation text (multilingual)
712,0.2,50,1.106,then,"['c', 'then', 'should', 'hand', 'then', '&', 'should', '&', 'chris', '),']",q2,0,0.40928519187487816,noisy grab-bag: requirements/spec vocabulary + code snippets
713,0.3,50,1.208,",","['-->', 'the', ',', 'where', 'who', 'bc', 'nowhere', ',', 'who', ',']",q2,6,0.3539187763169096,"noisy grab-bag, no consistent theme"
741,0.2,50,1.34,](,"[""'s"", 'properties', '13', 'found', ']', '](', 'kid', 'drive', 'labels', '](']",q2,7,0.343910528946834,noisy grab-bag: culture/politics + statistics
749,0.2,50,1.418,participants,"['?', 'participants', 'components', 'they', 'participants', 'trials', 'would', 'lawyers', 'who', 'they']",q2,6,0.41882150858537703,"noisy grab-bag, no consistent theme"
753,0.2,50,1.084,prevents,"['prevents', 'prevents', 'cohort', 'characters', 'landlord', 'oversees', 'drew', 'they', 'years', 'launches']",q2,7,0.3244430675370543,noisy grab-bag: culture/politics + statistics
758,0.3,47,1.262,young,"['young', 'young', '\\)', 'young', 'studio', 'studio', 'latter', 'earliest', '.', '\\)']",q2,7,0.39140915945899024,noisy grab-bag: culture/politics + statistics
763,0.3,50,1.149,day,"['//', 'day', '/', '//', ',', 'day', 'log', 'day', '/', '--']",q2,11,0.3829882907973952,paragraph-break whitespace before organization/citation text (multilingual)
773,0.3,50,1.176,groups,"['groups', 'communities', 'eh', 'groups', 'practices', 'people', 'people', 'groups', 'really', 'eh']",q2,8,0.35302996274255183,'on behalf of' legal phrase + biblical/battle narrative mix
789,0.1,50,1.264,in,"['in', 'usually', 'unlike', 'biggest', 'operating', 'draws', 'every', 'once', 'your', 'commands']",q2,7,0.3236670265797298,noisy grab-bag: culture/politics + statistics
804,0.1,50,1.365,holy,"['holy', 'principal', 'son', 'high', '00', 'good', 'make', 'runner', 'currency', 'hailed']",q2,8,0.34372370469728136,'on behalf of' legal phrase + biblical/battle narrative mix
812,0.2,50,1.4,&,"['&', 'commitment', 'damage', 'remote', '400', 'a', 'fixed', '&', 'cruisers', 'no']",q2,6,0.3351265525429773,"noisy grab-bag, no consistent theme"
814,0.2,12,1.096,".""","['slaying', 'christians', 'creative', '.""', '"");', '"");', 'quests', '.""', 'crabs']",q2,2,0.3697481151362897,legal 'holdings'/'Board of Zoning' vocabulary + noisy grab-bag
816,0.3,50,1.168,now,"['had', 'day', 'here', 'that', 'now', 'here', 'now', '</', 'had', 'now']",q2,4,0.2832761232802243,'been there done that' idiom + misc whitespace-adjacent prose
825,0.3,50,1.42,times,"['spaces', 'hand', 'times', 'services', 'times', 'services', 'context', 'times', 'was', 'some']",q2,6,0.3307636174727838,"noisy grab-bag, no consistent theme"
901,0.3,50,1.224,$.,"['one', 'true', '$.', '$.', 'who', 'one', '$\\', '$.', '24', 'whom']",q2,6,0.4140041157951158,"noisy grab-bag, no consistent theme"
907,0.3,50,1.214,like,"['set', 'like', 'concentrating', 'capitalizing', 'like', 'get', 'like', 'their', 'nearest', 'concentrate']",q2,2,0.350316263580303,legal 'holdings'/'Board of Zoning' vocabulary + noisy grab-bag
928,0.3,50,1.398,0,"['90', '0', '0', '70', 'sore', 'messaging', '47', '0', 'immunity', 'having']",q2,8,0.379771411502004,'on behalf of' legal phrase + biblical/battle narrative mix
942,0.4,27,1.122,note,"['note', 'note', 'note', 'note', 'gdp', 'gradient', 'commerce', 'oxygen', 'indicative', 'combination']",q2,8,0.3791659888716204,'on behalf of' legal phrase + biblical/battle narrative mix
949,0.2,50,1.329,thing,"['instead', 'around', 'idea', 'thing', 'next', 'any', 'thing', 'not', 'point', 'nowhere']",q2,7,0.32057930789801853,noisy grab-bag: culture/politics + statistics
979,0.1,50,1.22,only,"['only', 'subject', 'have', '"",', 'dependent', 'it', 'tales', 'occurrence', '-', 'she']",q2,1,0.3180191810241074,"noisy grab-bag, no consistent theme"
985,0.2,50,1.348,"),","['range', 'frequencies', '),', 'officer', 'very', '99', 'casino', 'fines', 'single', '),']",q2,10,0.30931445780200595,noisy grab-bag: gaming/pop-culture + technical/aviation reporting
987,0.3,30,1.314,a,"['a', 'barely', 'buck', 'bars', 'their', 'ale', 'boot', 'a', 'the', 'a']",q2,3,0.3735792960595942,"noisy grab-bag, no consistent theme"
993,0.2,50,1.222,dealt,"['been', 'debuted', 'handled', 'true', 'update', 'schedule', 'east', 'dealt', 'dealt', 'cleaned']",q2,5,0.34623207427559427,'others'/comparison-quantifier words + statistics/legal-penalty phrasing
1045,0.4,21,1.099,located,"['""', 'presence', 'located', 'located', 'located', 'which', '""', 'located', 'herein', 'aware']",q2,10,0.3710213821160295,noisy grab-bag: gaming/pop-culture + technical/aviation reporting
1056,0.4,50,1.166,lords,"['lords', 'voltage', 'lords', '62', 'league', 'to', 'lords', 'lords', '47', '10']",q2,8,0.4320328117007483,'on behalf of' legal phrase + biblical/battle narrative mix
1134,0.3,11,1.182,weren,"['weren', 'an', 'weren', 'didn', 'hadn', 'don', 'wasn', 'weren', 'wouldn', 'hadn']",q2,7,0.5544929335751198,noisy grab-bag: culture/politics + statistics
1152,0.2,50,1.162,');,"['every', '6', 'move', 'suit', 'we', 'opened', ""');"", ""');"", 'day', 'included']",q2,0,0.31968932927361376,noisy grab-bag: requirements/spec vocabulary + code snippets
1209,0.2,50,1.172,every,"['free', 'limited', 'reliable', 'every', 'every', '50', 'elsevier', 'l', 'times', 'no']",q2,10,0.31233291852069606,noisy grab-bag: gaming/pop-culture + technical/aviation reporting
1288,0.3,47,1.112,in,"['in', 'have', 'no', 'in', 'has', 'within', 'in', 'counsel', 'los', 'have']",q2,2,0.3565503487310187,legal 'holdings'/'Board of Zoning' vocabulary + noisy grab-bag
1309,0.3,18,1.232,depended,"['depended', 'he', 'depended', 'depended', 'relied', 'counted', 'append', 'views', 'work']",q2,6,0.4229877590918819,"noisy grab-bag, no consistent theme"
1333,0.2,50,1.171,check,"['the', 'wiki', 'verify', '-', 'keep', 'check', 'score', 'server', 'authenticated', 'check']",q2,3,0.3094282720513796,"noisy grab-bag, no consistent theme"
1344,0.2,50,1.076,yeah,"['his', 'culmination', 'yeah', '""-', 'smaller', 'grown', 'yeah', 'stages', 'piece', 'stages']",q2,6,0.321463181249406,"noisy grab-bag, no consistent theme"
1364,0.3,38,1.399,into,"['into', 'see', '23', 'color', 'color', 'to', 'into', 'into', 'look', 'in']",q2,7,0.3716828148384685,noisy grab-bag: culture/politics + statistics
1396,0.2,50,1.13,behalf,"['participants', 'which', 'limitations', 'behalf', 'behalf', 'best', 'parties', 'get', 'same', ""')""]",q2,8,0.3104558024984099,'on behalf of' legal phrase + biblical/battle narrative mix
1410,0.2,15,1.162,runner,"['runner', 'clad', 'holder', 'department', 'doses', 'department', 'runner', 'recipient', 'minister', 'doses']",q2,10,0.3909223406051952,noisy grab-bag: gaming/pop-culture + technical/aviation reporting
1411,0.3,50,1.286,birth,"['birth', 'birth', 'fight', 'de', 'birth', 'de', 'its', 'out', 'de']",q2,11,0.32294776584988905,paragraph-break whitespace before organization/citation text (multilingual)
1421,0.3,50,1.402,data,"['critical', 'data', 'data', 'input', 'processing', 'focuses', 'seeking', 'and', 'respective', 'data']",q2,8,0.3447779419825106,'on behalf of' legal phrase + biblical/battle narrative mix
1432,0.3,15,1.109,among,"['goal', 'among', 'bring', 'among', 'among', 'help', 'bring', 'throughout', 'firm', '1890']",q2,5,0.2983256675629811,'others'/comparison-quantifier words + statistics/legal-penalty phrasing
1437,0.2,21,1.093,operating,"['operating', 'in', 'one', 'his', 'morning', 'earlier', 'operating', 'para', 'globe', 'a']",q2,8,0.35913178172735677,'on behalf of' legal phrase + biblical/battle narrative mix
1439,0.2,50,1.139,sees,"['sees', 'things', 'assessment', 'worldwide', 'sees', 'ch', '27', 'jol', 'accessed', 'in']",q2,3,0.3186069344180054,"noisy grab-bag, no consistent theme"
1469,0.3,50,1.354,applicant,"['v', 'including', 'meaning', 'applicant', 'including', 'applicant', 'applicant', 'office', 'achieve', 'enhancement']",q2,8,0.3583845864784961,'on behalf of' legal phrase + biblical/battle narrative mix
1476,0.2,50,1.2,${,"['${', ""'."", '${', 'get', '*/', '*/', 'that', ""',"", 'a', 'wouldn']",q2,0,0.33585772791153956,noisy grab-bag: requirements/spec vocabulary + code snippets
1479,0.2,50,1.112,requirements,"['they', 'government', 'requirements', 'requirements', 'enough', 'out', 'convinces', 'it', '10', 'we']",q2,0,0.28245032218146493,noisy grab-bag: requirements/spec vocabulary + code snippets
1490,0.1,50,1.262,same,"['same', 'welcome', 'will', 'which', 'iii', 'the', 'employs', 'shall', 'land', 'establish']",q2,1,0.2981926340381006,"noisy grab-bag, no consistent theme"
1513,0.1,50,1.153,need,"['need', 'by', '280', '&']",q2,11,0.2582242569950199,paragraph-break whitespace before organization/citation text (multilingual)
1522,0.4,50,1.134,$$,"['$$', 'down', '$$', 'following', '$$', 'to', 'were', 'together', '$$', 'such']",q2,8,0.4392988684923174,'on behalf of' legal phrase + biblical/battle narrative mix
1531,0.4,50,1.385,const,"['to', ""'"", 'the', 'const', 'const', 'const', ""'s"", ""'s"", '==', 'const']",q2,0,0.3163383042593454,noisy grab-bag: requirements/spec vocabulary + code snippets
1536,0.2,50,1.294,real,"['with', 'nor', 'got', 'specialty', 'need', 'real', 'and', 'real', '16', '></']",q2,6,0.3258157591195658,"noisy grab-bag, no consistent theme"
1543,0.2,50,1.244,hemisphere,"['hemisphere', 'have', 'he', ',', 'hemisphere', 'he', 'starring', '-', 'per', 'per']",q2,5,0.30390772764263824,'others'/comparison-quantifier words + statistics/legal-penalty phrasing
1546,0.3,50,1.148,<,"['({', '<', 'were', '<', 'grouped', 'then', 'other', 'right', '<', 'perfect']",q2,10,0.3693090515429174,noisy grab-bag: gaming/pop-culture + technical/aviation reporting
1586,0.2,50,1.087,mc,"['could', 'mc', 'sha', 'equal', 'her', 'mc', 'problem', 'tuesday', 'concentrations', 'c']",q2,10,0.30163504314849293,noisy grab-bag: gaming/pop-culture + technical/aviation reporting
1591,0.3,50,1.18,respectively,"['respectively', '],', 'resulting', 'respectively', 'respectively', 'result', 'highest', 'lower', 'throughout', '],']",q2,5,0.3779809901231995,'others'/comparison-quantifier words + statistics/legal-penalty phrasing
1595,0.2,50,1.401,place,"['script', 'rights', 'pa', 'days', 'place', 'place', 'sun', 'typical', 'friday', 'a']",q2,7,0.32713355974662056,noisy grab-bag: culture/politics + statistics
1606,0.2,50,1.083,as,"['regardless', 'them', 'the', 'as', 'reach', '</', 'as', 'existence', 'realm', 'to']",q2,5,0.3098230256566136,'others'/comparison-quantifier words + statistics/legal-penalty phrasing
1609,0.2,50,1.243,u,"['equipped', 'u', '100', '500', 'ave', 'u', 'ipv', '800', '100', 'to']",q2,6,0.38477394934011594,"noisy grab-bag, no consistent theme"
1635,0.2,50,1.394,easier,"['easier', 'go', 'youth', 'intercourse', 'easier', '`', 'attributes', 'doing', 'associate', 'region']",q2,8,0.3213604349624998,'on behalf of' legal phrase + biblical/battle narrative mix
1644,0.1,15,1.277,in,['in'],q2,11,0.3602503666192709,paragraph-break whitespace before organization/citation text (multilingual)
1669,0.3,50,1.091,shall,"['held', 'others', 'shall', 'ensures', '*', 'shall', '->', 'duke', 'shall', 'link']",q2,7,0.4259498004170508,noisy grab-bag: culture/politics + statistics
1681,0.2,50,1.298,?,"['?', '?', 'player', 'user', 'id', 'event', '-', 'action', 'spell', 'best']",q2,7,0.4005743650353939,noisy grab-bag: culture/politics + statistics
1691,0.2,50,1.205,diy,"['make', 'diy', 'going', 'have', 'diy', 'our', 'can', 'low', 'can', 'have']",q2,3,0.3345612403063496,"noisy grab-bag, no consistent theme"
1711,0.4,11,1.224,protection,"['protection', 'protection', 'protection', 'agency', 'prepared', 'york', 'at', 'executive', 'protection', 'york']",q2,10,0.42123846961685835,noisy grab-bag: gaming/pop-culture + technical/aviation reporting
1719,0.4,50,1.106,presence,"['insistence', 'descending', 'presence', 'presence', 'pursuit', 'termination', 'presence', 'to', 'highest', 'presence']",q2,8,0.4628106090906612,'on behalf of' legal phrase + biblical/battle narrative mix
1733,0.2,50,1.354,the,"['factor', 'the', 'to', 'worse', 'discourse', 'hour', 'had', 'to', 'greeted', 'the']",q2,5,0.269657552153878,'others'/comparison-quantifier words + statistics/legal-penalty phrasing
1742,0.4,18,1.197,those,"['those', 'in', '96', 'in', 'in', 'in', 'those', 'those', 'those']",q2,7,0.41243451798807473,noisy grab-bag: culture/politics + statistics
1774,0.4,50,1.41,hoped,"['hoped', 'hoped', 'hoped', 'defaults', 'hoped', 'to', 'hope', 'hoping', 'hope', 'hoping']",q2,2,0.4707029492382379,legal 'holdings'/'Board of Zoning' vocabulary + noisy grab-bag
1796,0.4,25,1.416,station,"['station', 'station', 'crisis', 'academy', 'station', 'academy', 'station', 'games', 'games', 'crisis']",q2,6,0.40413607767552534,"noisy grab-bag, no consistent theme"
1808,0.3,50,1.307,from,"['from', 'from', 'my', 'from', 'my', 'incon', 'he', 'of', 'him', 'name']",q2,0,0.3236345556241061,noisy grab-bag: requirements/spec vocabulary + code snippets
1831,0.1,50,1.408,same,"['same', 'queen', 'apr', 'convicted', 'built', 'been', 'her', 'king', 'him', '->']",q2,2,0.3160135793022809,legal 'holdings'/'Board of Zoning' vocabulary + noisy grab-bag
1839,0.2,50,1.114,brown,"['brown', 'stability', 'colonists', 'palestinians', 'blue', 'paragraph', 'brown', 'green', 'greeks', 'fifties']",q2,8,0.3122628276947565,'on behalf of' legal phrase + biblical/battle narrative mix
1855,0.3,50,1.134,figure,"['200', 'shots', 'parties', 'through', 'companies', 'figure', 'which', 'and', 'figure', 'figure']",q2,6,0.382791056376706,"noisy grab-bag, no consistent theme"
1877,0.4,50,1.135,consider,"['consider', 'consider', 'rotor', 'reach', 'strain', 'thou', 'one', 'things', 'consider', 'consider']",q2,3,0.3397567460601633,"noisy grab-bag, no consistent theme"
1894,0.1,50,1.312,ages,"['ages', 'did', 'so', 'happened', 'remembered', 'a', 'likely', 'dems', 'democratic']",q2,6,0.372121639357266,"noisy grab-bag, no consistent theme"
1895,0.4,50,1.138,of,"['of', 'of', 'neither', 'behind', 'one', '=]', 'boy', 'of', 'of', '={']",q2,2,0.3722385182817426,legal 'holdings'/'Board of Zoning' vocabulary + noisy grab-bag
1923,0.2,50,1.253,database,"['with', 'cohesive', 'it', 'database', 'into', 'integrates', 'equals', 'database', 'on', 'quality']",q2,10,0.3288204156194862,noisy grab-bag: gaming/pop-culture + technical/aviation reporting
1928,0.4,25,1.127,routine,"['routine', 'routine', 'journey', 'journey', 'journey', 'journey', 'routine', 'addiction', 'routine', 'favourite']",q2,10,0.3818316564941054,noisy grab-bag: gaming/pop-culture + technical/aviation reporting
1939,0.2,50,1.355,""":","['been', 'participants', 'technique', 'constructs', 'enhancement', '-', '"":', '"":', 'specifications', 'which']",q2,8,0.35656833579331465,'on behalf of' legal phrase + biblical/battle narrative mix
1947,0.3,50,1.394,brighter,"['most', '`', '`', 'in', 'in', 'nearly', 'brighter', 'brighter', 'ph', 'brighter']",q2,8,0.35724540298846175,'on behalf of' legal phrase + biblical/battle narrative mix
1965,0.1,50,1.348,/>,"['/>', 'one', 'nevertheless', 'everything', '---------', 'meanwhile', '780', 'equivalent', 'pubmed', 'sphere']",q2,6,0.3191137030252799,"noisy grab-bag, no consistent theme"
1971,0.2,50,1.322,only,"['couldn', 'whatever', 'only', 'lo', 'too', 'place', 'their', 'only', '-', 'worse']",q2,6,0.3639204193189659,"noisy grab-bag, no consistent theme"
1975,0.1,50,1.084,is,"['is', 'others', 'such', 'noisy', 'day', 'random', ""'s"", 'request', 'his', 'hasn']",q2,5,0.3130158560559668,'others'/comparison-quantifier words + statistics/legal-penalty phrasing
1999,0.2,12,1.209,102,"['102', '75', '101', '17', '105', '25', '102', '25', '104', '82']",q2,5,0.6232099020552306,'others'/comparison-quantifier words + statistics/legal-penalty phrasing
2014,0.3,50,1.402,and,"['and', 'paragraph', 'largest', 'and', 'he', 'that', 'and', 'russian', 'paragraph', 'interviews']",q2,8,0.34091136415302054,'on behalf of' legal phrase + biblical/battle narrative mix
2025,0.2,50,1.179,writer,"['writer', '/', 'had', ',', 'de', 'writer', 'her', 'own', 'de', 'variable']",q2,10,0.35852888911416736,noisy grab-bag: gaming/pop-culture + technical/aviation reporting
2034,0.3,50,1.213,want,"['want', 'want', 'to', 'wanted', ""'"", 'clauses', 'send', 'from', 'request', 'want']",q2,7,0.3997644388860711,noisy grab-bag: culture/politics + statistics
2074,0.2,50,1.126,named,"['name', 'named', 'people', 'needed', 'killed', 'removed', 'life', 'named', '150', 'blessed']",q2,7,0.34712513551335367,noisy grab-bag: culture/politics + statistics
2080,0.3,50,1.117,take,"['take', 'point', 'plan', 'take', 'know', 'knew', ""'s"", '10', 'take', '1']",q2,2,0.31638290894481425,legal 'holdings'/'Board of Zoning' vocabulary + noisy grab-bag
2088,0.3,50,1.233,wed,"['wed', 'wed', ""''."", 'thu', 'stay', 'waist', 'needs', 'may', 'he', 'wed']",q2,4,0.3470418855476449,'been there done that' idiom + misc whitespace-adjacent prose
2099,0.1,50,1.358,nearer,"['nearer', 'justice', 'jersey', 'legislature', 'served', 'government', 'bengal', 'the']",q2,10,0.348869795035323,noisy grab-bag: gaming/pop-culture + technical/aviation reporting
2104,0.1,44,1.333,mouth,"['mouth', '...', 'lasts', 'his', 'disease']",q2,11,0.3023972329653015,paragraph-break whitespace before organization/citation text (multilingual)
2179,0.2,31,1.262,from,"['from', 'from', 'because', '2013', 'the', 'so', '2013', 'free', 'the', 'augustus']",q2,4,0.34871106843913385,'been there done that' idiom + misc whitespace-adjacent prose
2194,0.4,50,1.423,ensuring,"['terms', 'terms', 'holding', 'terms', 'grounds', 'ensuring', 'ensuring', 'held', 'ensuring', 'ensuring']",q2,5,0.4324752307156415,'others'/comparison-quantifier words + statistics/legal-penalty phrasing
2202,0.1,18,1.14,link,"['link', 'twenty', 'presidential', '1974', 'scholars', 'bear', 'emerald', '.,', 'at', 'the']",q2,11,0.3467414533641762,paragraph-break whitespace before organization/citation text (multilingual)
2212,0.1,50,1.32,how,"['how', 'firm', '),', 'colony', 'average', 'might', 'understanding', 'wouldn', 'hole', 'earth']",q2,7,0.30846536687506365,noisy grab-bag: culture/politics + statistics
2231,0.2,50,1.329,metrics,"['those', 'passed', 'metrics', 'metrics', 'combine', 'combine', 'hold', 'questioned', 'got', '331']",q2,7,0.33647826910221346,noisy grab-bag: culture/politics + statistics
2235,0.1,11,1.133,there,"['there', 'essence', 'that', 'when', 'before', 'arrested', 'major', 'jerry', 'companion']",q2,4,0.2593090867699082,'been there done that' idiom + misc whitespace-adjacent prose
2287,0.2,17,1.202,was,"['was', 'fares', 'diary', 'wasn', 'winds', 'agents', 'was', 'were', ',', 'were']",q2,3,0.3452799298654558,"noisy grab-bag, no consistent theme"
2346,0.3,50,1.08,mon,"['when', 'when', 'mon', ',', '-', 'mon', 'mon', ').', 'so']",q2,11,0.38090909391268785,paragraph-break whitespace before organization/citation text (multilingual)
2369,0.2,50,1.108,yeah,"['âĥ¬', 'â£', 'yeah', 'party', 'phrase', 'worse', 'it', 'yeah', 'defendants', 'liability']",q2,6,0.28808804701228374,"noisy grab-bag, no consistent theme"
2382,0.1,14,1.082,to,"['to', 'miser', 'tips', 'inevitable', 'joint', 'disinformation']",q2,11,0.2840512278612364,paragraph-break whitespace before organization/citation text (multilingual)
2391,0.1,50,1.354,only,"['only', 'rate', 'someone', 'brands', 'thus', 'motives', 'which', 'causes', 'too', 'critical']",q2,0,0.3045911681855624,noisy grab-bag: requirements/spec vocabulary + code snippets
2415,0.2,19,1.15,1998,"['1992', '1998', '1991', 'part', '1991', '*/', '91', 'about', '1998', 'service']",q2,6,0.4400898869832494,"noisy grab-bag, no consistent theme"
2421,0.1,50,1.26,our,"['our', 'package', ':', ').', '&', 'flux', 'tests', 'dont', 'has', 'forces']",q2,0,0.28958969374720434,noisy grab-bag: requirements/spec vocabulary + code snippets
2446,0.1,50,1.276,their,"['their', 'your', 'against', '$$', 'enhancement', 'governed', 'logo', 'computer', 'headline', 'appendix']",q2,6,0.28983588921126857,"noisy grab-bag, no consistent theme"
2465,0.3,50,1.247,';,"[""';"", 'an', '`', 'mph', 'already', ""';"", ""';"", '-', '8', '"");']",q2,5,0.409038216513781,'others'/comparison-quantifier words + statistics/legal-penalty phrasing
2466,0.2,19,1.327,23,"['21', '35', '33', '31', '23', '22', '25', '23', '29', '20']",q2,9,7.753561751667994e-18,"numbered-listicle item markers (21., 35., 33., 31...)"
2472,0.2,50,1.325,an,"['an', 'sorry', 'answers', 'his', 'corresponding', 'era', 'an', 'fist', 'ability', 'hang']",q2,3,0.2958465076381358,"noisy grab-bag, no consistent theme"
2501,0.4,16,1.146,limited,"['limited', 'limited', 'limited', 'amount', 'majority', 'and', 'amount', 'limited', 'majority', 'amount']",q2,10,0.47072421091791555,noisy grab-bag: gaming/pop-culture + technical/aviation reporting
2511,0.1,50,1.071,youtu,"['youtu', 'antiquity', 'worked', 'manager', '=', 'combining', ':']",q2,4,0.28069341455386615,'been there done that' idiom + misc whitespace-adjacent prose
2549,0.2,50,1.158,the,"['orders', 'lit', 'wishes', 'the', 'thanks', 'sized', 'sized', 'smoking', 'looking', 'the']",q2,5,0.3102201683020469,'others'/comparison-quantifier words + statistics/legal-penalty phrasing
2550,0.2,50,1.132,asked,"['verse', 'asked', 'asked', 'sure', '.', 'so', '*', 'clause', 'sure', 'clauses']",q2,7,0.32435562376854143,noisy grab-bag: culture/politics + statistics
2555,0.3,39,1.09,(*,"['(*', '(*', 'country', '(*', 'center', 'college', 'and', 'circle', 'one', 'around']",q2,10,0.38398757572050446,noisy grab-bag: gaming/pop-culture + technical/aviation reporting
2581,0.2,50,1.235,32,"['32', 'delay', 'que', 'tue', '32', 'long', 'tells', 'want', '15', '15']",q2,7,0.3509160927377101,noisy grab-bag: culture/politics + statistics
2595,0.2,50,1.085,to,"['association', 'to', 'should', 'should', '),', 'others', 'have', 'as', 'possible', 'to']",q2,1,0.41833539838979095,"noisy grab-bag, no consistent theme"
2597,0.2,50,1.093,counterparts,"['predecessors', 'genre', 'last', 'counterparts', 'time', 'rather', 'res', 'es', 'kind', 'counterparts']",q2,7,0.32896533850841003,noisy grab-bag: culture/politics + statistics
2608,0.1,50,1.379,gave,"['gave', 'ever', '//', 'very', 'shaped', 'him', 'been', 'heating', 'modified', '$\\']",q2,3,0.2772243890098758,"noisy grab-bag, no consistent theme"
2610,0.2,50,1.097,uint,"['nomination', 'uint', 'durability', 'attend', 'uint', '""""""', 'a', 'the', 'a', 'the']",q2,10,0.32172326632924836,noisy grab-bag: gaming/pop-culture + technical/aviation reporting
2618,0.2,50,1.239,"),","['capita', 'however', 'regardless', 'ecological', '%),', 'transforming', '),', '),', 'whose', 'capable']",q2,10,0.39280752473464847,noisy grab-bag: gaming/pop-culture + technical/aviation reporting
2663,0.2,50,1.424,although,"['want', 'no', 'although', 'although', 'do', 'have', 'for', 'term', 'we', '>[']",q2,10,0.34036249513788247,noisy grab-bag: gaming/pop-culture + technical/aviation reporting
2689,0.4,50,1.129,',"['one', 'as', 'been', ""'"", 'as', ""'"", ""'"", ""'"", 'been']",q2,2,0.3632826277251054,legal 'holdings'/'Board of Zoning' vocabulary + noisy grab-bag
2703,0.1,50,1.211,moment,"['moment', 'instant', 'age', 'the', 'god', 'time', 'entity', 'she', 'applicant', 'â®,']",q2,3,0.3013695861431926,"noisy grab-bag, no consistent theme"
2757,0.3,50,1.195,their,"['age', 'number', 'age', 'their', 'rna', 'amount', 'their', 'act', 'their', 'de']",q2,3,0.30583677919545615,"noisy grab-bag, no consistent theme"
2760,0.1,50,1.116,built,"['built', 'al', '400', 'assistance', 'amp', ').', 'which', 'encourages']",q2,11,0.2397712057871403,paragraph-break whitespace before organization/citation text (multilingual)
2769,0.2,50,1.417,his,"['his', 'his', 'in', 'on', 'a', 'a', 'everyone', 'meet', 'everything', 'when']",q2,2,0.28595290952995045,legal 'holdings'/'Board of Zoning' vocabulary + noisy grab-bag
2817,0.3,50,1.071,something,"['something', 'something', '!=', '?"".', 'maintain', 'next', '().', 'next', '98', 'something']",q2,7,0.40145426279273827,noisy grab-bag: culture/politics + statistics
2824,0.2,31,1.285,films,"['shops', 'projectiles', 'some', 'phones', 'teams', 'films', 'films', 'temples', 'hospitals', 'sons']",q2,6,0.4558164667196308,"noisy grab-bag, no consistent theme"
2829,0.2,50,1.395,4,"['4', '},', 'no', 'no', '5', 'approved', 'have', '4', '73', 'dean']",q2,10,0.38976239653884,noisy grab-bag: gaming/pop-culture + technical/aviation reporting
2836,0.2,50,1.119,in,"['want', 'there', 'advantage', 'in', 'went', 'it', 'in', 'couldn', 'said', 'couldn']",q2,7,0.3407767516559301,noisy grab-bag: culture/politics + statistics
2841,0.2,50,1.228,the,"['user', '|', 'they', 'affects', 'to', 'the', 'inquiries', 'the', 'those', 'sooner']",q2,1,0.26111269247961205,"noisy grab-bag, no consistent theme"
2846,0.4,50,1.296,âł,"['trials', 'âł', 'and', 'regions', 'their', 'âł', 'âł', 'âł', 'they', 'and']",q2,6,0.4204652740940275,"noisy grab-bag, no consistent theme"
2862,0.2,50,1.245,intervals,"['intervals', 'parameters', 'welcome', '());', 'recreation', 'been', 'emerged', 'intervals', 'haz', 'been']",q2,3,0.36290500517476343,"noisy grab-bag, no consistent theme"
2884,0.4,50,1.308,again,"['again', 'thought', 'org', 'again', 'again', 'www', 'again', 'we', 'clover', 'possible']",q2,2,0.35263336838044196,legal 'holdings'/'Board of Zoning' vocabulary + noisy grab-bag
2894,0.2,50,1.199,inhibitors,"['inhibitors', '().', 'âł', 'inhibitors', 'sequence', 'least', 'âł', 'protein', '());', 'particular']",q2,8,0.3726454680430089,'on behalf of' legal phrase + biblical/battle narrative mix
2912,0.3,50,1.23,.,"['d', 'he', 'he', 'd', '.', 'who', '.', '.', 'had', 'u']",q2,4,0.363616094366444,'been there done that' idiom + misc whitespace-adjacent prose
2959,0.2,50,1.224,62,"['minute', 'said', '62', 'manufactures', 'twenty', 'notified', 'worse', 'million', 'solved', '62']",q2,5,0.32117401630252324,'others'/comparison-quantifier words + statistics/legal-penalty phrasing
2974,0.2,50,1.108,amendment,"['sense', 'amendment', 'amendment', 'verdict', 'cents', 'particular', 'seconds', 'ourselves', 'concentration', 'and']",q2,6,0.3185314158781386,"noisy grab-bag, no consistent theme"
2980,0.4,50,1.194,aspect,"['aspect', 'aspect', 'aspect', 'aspects', 'aspects', 'aspect', '765', 'estate', '751', 'at']",q2,6,0.4530389937100411,"noisy grab-bag, no consistent theme"
6,0.4,50,4.089,watched,"['watched', 'watches', 'watch', 'watched', 'watch', 'watching', 'watching', 'watch', 'watched', 'watched']",q3,6,0.4723205434629433,noisy grab-bag: narrative/design-discussion prose
8,0.4,50,3.688,thing,"['thing', 'thing', 'thing', 'being', 'thing', 'things', 'beings', 'beings', 'being', 'being']",q3,8,0.40726199418705994,abstract-classification vocabulary (kind/qualities/thing/factors) — philosophy-of-mind register
9,0.3,50,4.545,a,"['an', 'take', '-', 'an', 'of', 'a', 'a', 'depth', 'a', 'going']",q3,6,0.38005372742091553,noisy grab-bag: narrative/design-discussion prose
11,0.2,50,1.542,so,"['frequent', 'terms', 'so', 'forever', 'have', 'never', 'need', 'too', 'so', '-']",q3,3,0.3521626937724852,noisy grab-bag: religious/philosophical register + tech instructions
13,0.3,50,5.466,proteoliposomes,"['trypanosomes', 'proteoliposomes', 'proteoliposomes', 'chorion', 'phospholipid', 'proteoliposomes', 'choristoma', 'pharyngotympanic', 'chorion']",q3,1,0.4268854092518628,noisy grab-bag: political/institutional reporting + technical specs
24,0.2,50,1.571,out,"['month', 'case', 'out', 'well', 'hour', 'out', 'cases', 'monthly', 'bulb', '%']",q3,3,0.38307091128679055,noisy grab-bag: religious/philosophical register + tech instructions
40,0.2,50,1.506,paragraph,"['introduction', 'paragraph', 'paragraph', 'attention', 'ii', 'trinity', 'newspapers', 'one', '40', 'livestock']",q3,8,0.39893258206491977,abstract-classification vocabulary (kind/qualities/thing/factors) — philosophy-of-mind register
53,0.0,50,3.17,,[],q3,2,0.3371258092046214,"entertainment/film-history vocabulary (productions, coaching, sitcom) — noisy"
76,0.3,50,3.256,eur,"['together', 'steel', 'file', 'eur', 'one', 'image', 'results', 'file', 'eur', 'eur']",q3,7,0.34055686340044306,"technical/product-spec vocabulary (version control, product ID, field reference)"
93,0.2,50,4.208,we,"['we', '-', 'he', 'a', 'us', 'a', 'it', 'it', 'you', 'we']",q3,6,0.38515783325978736,noisy grab-bag: narrative/design-discussion prose
139,0.1,50,1.439,my,"['my', 'nothing', 'engine', 'chose', 'procedure', 'own', 'statement', 'any', 'dose', 'somewhere']",q3,8,0.28787231873211777,abstract-classification vocabulary (kind/qualities/thing/factors) — philosophy-of-mind register
142,0.2,50,1.647,"',","[""',"", ""',"", 'student', 'over', 'their', 'states', '"".', 'than', 'than', ""':""]",q3,4,0.33787291739181946,noisy grab-bag: product-spec/tech-review vocabulary
146,0.4,50,5.592,the,"['the', 'a', 'the', 'winning', 'prize', 'the', 'of', 'prize', 'prize', 'the']",q3,1,0.42993620555661727,noisy grab-bag: political/institutional reporting + technical specs
152,0.3,50,1.473,that,"['my', 'that', 'so', 'that', 'responsibility', 'this', 'that', 'this', 'one', 'this']",q3,3,0.3476925810301327,noisy grab-bag: religious/philosophical register + tech instructions
195,0.3,50,5.177,a,"['take', 'the', 'a', 'of', 'great', 'much', 'a', 'huge', 'enormous', 'a']",q3,3,0.38113545009679534,noisy grab-bag: religious/philosophical register + tech instructions
197,0.4,50,4.285,//,"['cycle', 'completely', 'prompt', '//', 'completely', 'activity', 'little', '//', '//', '//']",q3,7,0.4281856761912036,"technical/product-spec vocabulary (version control, product ID, field reference)"
222,0.3,50,5.161,chances,"['+)', 'between', 'chances', 'reflection', 'input', 'gravity', 'chances', 'between', 'chances', 'chance']",q3,10,0.39298812811997813,'behind-the-scenes' idiom + noisy grab-bag
223,0.3,50,5.072,risk,"['risk', 'across', 'extensive', 'risk', 'risk', 'general', 'potential', 'expansive', 'general', 'across']",q3,7,0.37034376465033064,"technical/product-spec vocabulary (version control, product ID, field reference)"
254,0.4,50,4.96,finally,"['moreover', 'similarly', 'likewise', 'finally', 'likewise', 'moreover', 'moreover', 'finally', 'finally', 'finally']",q3,1,0.5448754735246402,noisy grab-bag: political/institutional reporting + technical specs
265,0.2,50,3.625,anterior,"['anterior', 'secondary', 'minor', 'acute', 'facial', 'until', 'surface', 'anterior', 'relative', 'cerebral']",q3,7,0.40025454580747505,"technical/product-spec vocabulary (version control, product ID, field reference)"
289,0.3,50,1.673,happened,"['happened', 'deed', 'everything', 'happened', 'same', 'happened', 'meant', 'deed', 'next', 'itself']",q3,6,0.4169185188804777,noisy grab-bag: narrative/design-discussion prose
321,0.2,50,1.484,eye,"['eye', 'residential', 'throughout', 'lifestyle', 'lifestyle', 'around', 'eye', '\\\\', 'import', 'dependency']",q3,10,0.34282816529274024,'behind-the-scenes' idiom + noisy grab-bag
379,0.3,50,1.765,\),"['communities', '\\)', '\\)', 'leading', 'properties', 'requiring', 'communities', 'properties', 'past', '\\)']",q3,7,0.44023753196023724,"technical/product-spec vocabulary (version control, product ID, field reference)"
380,0.1,50,1.501,homework,"['homework', 'that', 'craft', 'aesthetic', 'expert', 'dependence', 'shit', 'equation', 'enhancement', 'noun']",q3,7,0.31752965600885236,"technical/product-spec vocabulary (version control, product ID, field reference)"
384,0.1,50,1.44,aim,"['aim', 'object', 'had', 'might', 'into', 'belongs', 'oct', 'objectives', '10', 'sorts']",q3,10,0.31327775742260483,'behind-the-scenes' idiom + noisy grab-bag
397,0.2,50,1.796,scenes,"['since', 'scenes', 'scenes', 'goal', 't', 'tasked', 'hemisphere', 'war', 'had', 'released']",q3,10,0.30975799162874673,'behind-the-scenes' idiom + noisy grab-bag
420,0.4,50,1.615,published,"['latter', '"",', 'published', 'latter', 'published', 'published', 'published', 'latter', '/', 'the']",q3,3,0.4261217559126941,noisy grab-bag: religious/philosophical register + tech instructions
425,0.3,50,5.511,into,"['participating', 'into', 'to', 'participate', 'into', 'join', 'this', 'be', 'include', 'into']",q3,1,0.3799002642800875,noisy grab-bag: political/institutional reporting + technical specs
426,0.4,50,2.208,ny,"['n', 'ny', 'dm', 'ny', 'ny', 'new', 'ny', 'bronx', 'new', 'new']",q3,1,0.44563695353987326,noisy grab-bag: political/institutional reporting + technical specs
427,0.0,50,1.518,,[],q3,2,0.3111545218058658,"entertainment/film-history vocabulary (productions, coaching, sitcom) — noisy"
435,0.4,50,2.39,popular,"['popular', 'commonly', 'commonly', 'thing', 'thing', 'popular', 'things', 'popular', 'respectively', 'popular']",q3,10,0.3394364643124899,'behind-the-scenes' idiom + noisy grab-bag
437,0.3,50,4.297,a,"['the', 'a', 'a', 'it', 'balance', 'an', 'to', 'a', 'parameters', 'to']",q3,6,0.3348970851817341,noisy grab-bag: narrative/design-discussion prose
443,0.3,50,3.999,twentieth,"['1800', '1920', '1890', '1890', 'twentieth', 'nineteenth', 'nineteenth', 'twentieth', 'twentieth', 'nineteenth']",q3,7,0.5744995328733405,"technical/product-spec vocabulary (version control, product ID, field reference)"
450,0.4,50,4.879,essay,"['self', 'sum', 'purpose', 'essay', 'essay', 'essay', 'essay', 'false', 'prompt', 'self']",q3,7,0.34056872388074905,"technical/product-spec vocabulary (version control, product ID, field reference)"
521,0.3,50,1.62,""");","['easier', '"");', 'easier', 'statement', '"");', 'void', 'so', 'maker', '"");', 'loses']",q3,4,0.3324701052462953,noisy grab-bag: product-spec/tech-review vocabulary
536,0.1,50,1.459,goal,"['goal', 'governor', 'league', 'president', 'judge', 'hemisphere', '1', 'also', 'justice', 'workforce']",q3,10,0.33966765130325965,'behind-the-scenes' idiom + noisy grab-bag
539,0.2,50,1.465,which,"['â±', '%', 'which', 'which', 'order', 'qui', 'others', '%)', '\\)', 'ability']",q3,3,0.3527658137867132,noisy grab-bag: religious/philosophical register + tech instructions
561,0.2,50,1.603,a,"['ch', 'something', 'labels', 'a', 'pa', 'a', '-', 'check', 'buds', 'check']",q3,8,0.3989888823613693,abstract-classification vocabulary (kind/qualities/thing/factors) — philosophy-of-mind register
573,0.2,50,1.581,that,"['that', 'each', 'the', 'their', 'nm', 'that', 'their', 'adobe', 'â£', 'each']",q3,4,0.3568207961446278,noisy grab-bag: product-spec/tech-review vocabulary
579,0.2,47,1.651,],"[']', 'matter', 'worlds', '16', '15', ']', '16', '15', '14', 'til']",q3,3,0.4867957188842468,noisy grab-bag: religious/philosophical register + tech instructions
587,0.3,50,4.413,respect,"['know', 'thing', 'respect', 'respect', 'section', 'knew', 'system', 'respect', 'systems', 'knowledge']",q3,8,0.3450074986531949,abstract-classification vocabulary (kind/qualities/thing/factors) — philosophy-of-mind register
589,0.0,50,5.482,,[],q3,2,0.3994141927094183,"entertainment/film-history vocabulary (productions, coaching, sitcom) — noisy"
627,0.3,50,4.061,complex,"['subjects', 'assemblies', 'general', 'complex', 'vague', 'complex', 'content', 'content', 'cubic', 'complex']",q3,7,0.38541690471496887,"technical/product-spec vocabulary (version control, product ID, field reference)"
681,0.3,50,1.569,$,"['which', '$', '-', '(-', '$', 'feat', '$', 'the', 'feat', '(-']",q3,1,0.39884868677840646,noisy grab-bag: political/institutional reporting + technical specs
687,0.2,50,1.774,drop,"['top', 'me', 'jelly', 'earlier', 'properly', 'shrunk', 'narrowed', 'handed', 'drop', 'drop']",q3,2,0.4319252197563522,"entertainment/film-history vocabulary (productions, coaching, sitcom) — noisy"
701,0.3,50,5.32,area,"['zones', 'area', 'analysis', 'laid', 'area', 'frame', 'section', 'analysis', 'application', 'area']",q3,7,0.35591529964987806,"technical/product-spec vocabulary (version control, product ID, field reference)"
711,0.4,50,3.139,announced,"['announced', 'announced', 'released', 'release', 'issued', 'announce', 'announced', 'releases', 'announced', 'announces']",q3,1,0.42372021763348294,noisy grab-bag: political/institutional reporting + technical specs
724,0.2,50,1.452,deeds,"['did', 'conditions', 'had', 'improved', 'deeds', 'deeds', 'compromising', 'evils', 'stuff', 'compromising']",q3,8,0.3787899246354471,abstract-classification vocabulary (kind/qualities/thing/factors) — philosophy-of-mind register
745,0.4,50,3.306,2008,"['thousands', '2008', '2018', 'thousands', 'thousands', '2018', '2008', '2018', '2008', '2008']",q3,1,0.48415772234114923,noisy grab-bag: political/institutional reporting + technical specs
787,0.4,50,5.634,resource,"['studio', 'resource', 'resource', 'asset', 'resource', 'needle', 'asset', 'asset', 'resource', 'alliance']",q3,7,0.40338315172537204,"technical/product-spec vocabulary (version control, product ID, field reference)"
820,0.1,31,1.442,rune,"['rune', 'cann', 'moor', 'winter', 'grand', 'spe', 'la', 'lancie', 'act', 'ana']",q3,2,0.397442154961753,"entertainment/film-history vocabulary (productions, coaching, sitcom) — noisy"
873,0.4,50,2.602,.,"['.', ').', 'there', '.', '.', ',', 'while', 'and', '.', 'and']",q3,4,0.48658720656017185,noisy grab-bag: product-spec/tech-review vocabulary
882,0.4,50,5.534,security,"['safety', 'skill', 'security', 'culture', 'security', 'security', 'memory', 'information', 'security', 'knowledge']",q3,7,0.3123656566733222,"technical/product-spec vocabulary (version control, product ID, field reference)"
884,0.2,50,5.555,kind,"['qualities', 'kind', 'ones', 'thing', 'factors', 'kind', 'factors', 'detail', 'things', 'phenomenon']",q3,8,0.3200901095619615,abstract-classification vocabulary (kind/qualities/thing/factors) — philosophy-of-mind register
889,0.3,50,1.478,comes,"['lower', 'i', 'comes', 'goes', 'the', 'time', 'the', 'please', 'comes', 'comes']",q3,4,0.3278025087017565,noisy grab-bag: product-spec/tech-review vocabulary
892,0.3,50,1.667,di,"['disappear', 'di', 'di', 'penayangan', 'dapat', 'di']",q3,2,0.45462640191310716,"entertainment/film-history vocabulary (productions, coaching, sitcom) — noisy"
915,0.4,50,1.511,$$,"['\\)', '$$', '$$', '))', 'based', '$$', '$,', '),', 'such', '$$']",q3,4,0.42943630859257353,noisy grab-bag: product-spec/tech-review vocabulary
929,0.4,50,1.576,given,"['world', 'world', 'given', 'said', 'could', 'given', 'hemisphere', 'world', 'given', 'given']",q3,3,0.3772475916245726,noisy grab-bag: religious/philosophical register + tech instructions
965,0.1,50,4.952,parents,"['parents', 'administrator', 'inhabitants', 'program', 'staff', 'assignment', 'recruitment', 'director', 'operators', 'regulator']",q3,7,0.33195850735429583,"technical/product-spec vocabulary (version control, product ID, field reference)"
971,0.4,50,4.892,motion,"['foot', 'foot', 'feet', 'motion', 'feet', 'motion', 'motion', 'feet', 'joint', 'motion']",q3,7,0.3821698030879754,"technical/product-spec vocabulary (version control, product ID, field reference)"
1026,0.3,50,1.462,audience,"['audience', 'audience', 'readers', 'readers', 'sought', 'glory', 'times', 'yourself', 'potential', 'audience']",q3,8,0.32719596769005294,abstract-classification vocabulary (kind/qualities/thing/factors) — philosophy-of-mind register
1065,0.2,50,5.213,-,"['1', '16', '-', 'v', '11', '-', 'edition', '2', 'access', '15']",q3,1,0.33465375435050837,noisy grab-bag: political/institutional reporting + technical specs
1107,0.3,50,4.759,so,"['so', 'so', 'but', '-', 'some', '-', '?', '-', 'so', 'which']",q3,6,0.41745323517233973,noisy grab-bag: narrative/design-discussion prose
1120,0.4,50,4.592,sql,"['storage', 'sql', 'answer', 'answer', 'sql', 'sql', 'sql', 'storage', 'stored', 'storage']",q3,7,0.4122860010597303,"technical/product-spec vocabulary (version control, product ID, field reference)"
1122,0.4,50,5.518,21,"['21', 'turn', '21', 'turn', 'turned', 'turn', '21', '21', 'turns', 'turning']",q3,6,0.49704210169990604,noisy grab-bag: narrative/design-discussion prose
1127,0.3,50,2.081,`,"['`', '`', 'â´', '=', '?', 'â´', '`', '=', ""\\'"", 'â´']",q3,0,1.4087954649019673e-17,"apostrophe-encoding artifacts (', `, ´, = substituted for right single quote)"
1147,0.2,50,1.548,`,"['under', 'introduce', '`', 'unaware', 'the', 'devices', ',', 'colours', '`', 'living']",q3,8,0.3229266141316459,abstract-classification vocabulary (kind/qualities/thing/factors) — philosophy-of-mind register
1174,0.4,50,5.293,cope,"['function', 'able', 'function', 'to', 'cope', 'cope', 'to', 'function', 'cope', 'cope']",q3,8,0.4120773515250395,abstract-classification vocabulary (kind/qualities/thing/factors) — philosophy-of-mind register
1176,0.4,50,1.777,only,"['only', 'only', 'who', 'he', 'only', 'she', 'only', 'cybersecurity', 'he', 'she']",q3,6,0.4625666230561707,noisy grab-bag: narrative/design-discussion prose
1190,0.2,50,5.62,i,"['i', ':', 'time', ']', 'null', 'get', 'i', 's']",q3,4,0.570562524645775,noisy grab-bag: product-spec/tech-review vocabulary
1195,0.2,50,1.576,jury,"['jury', 'jury', 'citizen', 'citizen', 'enemy', 'previous', 'citizens', 'citizens', 'which', 'latitude']",q3,10,0.39067686225814996,'behind-the-scenes' idiom + noisy grab-bag
1214,0.2,50,1.502,',"[""'"", 'global', ""'"", 'zoo', 'ones', 'pi', 'ones', 'previous', 'given', ""',""]",q3,4,0.3113450417565574,noisy grab-bag: product-spec/tech-review vocabulary
1227,0.3,50,5.279,?,"['?', '.', '?', 'i', 'the', '?', 'there', ',', ',', 'i']",q3,6,0.48816118403085007,noisy grab-bag: narrative/design-discussion prose
1238,0.3,50,2.063,#,"['#', 'volume', 'vol', 'vol', 'things', 'vol', '#', 'game', '#', 'american']",q3,1,0.40287697723318405,noisy grab-bag: political/institutional reporting + technical specs
1259,0.0,50,2.604,,[],q3,2,0.3759295033031352,"entertainment/film-history vocabulary (productions, coaching, sitcom) — noisy"
1262,0.2,50,1.962,great,"['ever', 'great', 'several', 'any', 'greatest', 'instance', 'any', 'great', 'greatest', 'www']",q3,3,0.4068319800707788,noisy grab-bag: religious/philosophical register + tech instructions
1300,0.2,50,1.503,tends,"['returns', 'happens', 'gets', 'learned', 'tends', '&', 'pts', 'deems', 'tends', 'deems']",q3,4,0.3777366874374863,noisy grab-bag: product-spec/tech-review vocabulary
1317,0.4,50,1.554,stared,"['stared', 'stares', 'stared', 'stared', 'stared', 'plain', 'stares', 'because', 'stares', 'plain']",q3,3,0.47161146700635465,noisy grab-bag: religious/philosophical register + tech instructions
1321,0.3,12,1.505,them,"['000', ',', 'them', 'them', 'normal', 'climax', 'them', 'nig', '000']",q3,1,0.3764002956700424,noisy grab-bag: political/institutional reporting + technical specs
1328,0.4,50,3.536,rights,"['rights', 'hours', 'hours', '//', 'hours', 'rights', 'rights', 'rights', '.', '|']",q3,1,0.5093971203581655,noisy grab-bag: political/institutional reporting + technical specs
1352,0.3,50,4.793,contains,"['contains', 'contains', 'state', 'contains', 'values', 'values', 'keep', 'contain', 'keep', 'keys']",q3,8,0.38761850012701304,abstract-classification vocabulary (kind/qualities/thing/factors) — philosophy-of-mind register
1354,0.4,50,3.239,selection,"['selection', 'selection', 'selecting', 'selecting', 'pick', 'select', 'history', 'choosing', 'selection', 'selection']",q3,7,0.3954812902086212,"technical/product-spec vocabulary (version control, product ID, field reference)"
1359,0.1,50,3.781,it,"['it', 'plot', 'waited', ""'s"", 'a', 'things', 'about', 'plans', 'adding', 'everything']",q3,6,0.28594204769098897,noisy grab-bag: narrative/design-discussion prose
1363,0.2,50,1.484,competition,"['](', 'possible', 'war', 'lo', 'world', 'situation', 'competition', 'competition', 'boulevard', '+']",q3,4,0.31628104619999975,noisy grab-bag: product-spec/tech-review vocabulary
1380,0.4,45,1.556,carolina,"['carolina', 'hampshire', 'civil', 'carolina', 'civil', 'carolina', 'gender', 'carolina', 'civil', 'the']",q3,3,0.45426579958604996,noisy grab-bag: religious/philosophical register + tech instructions
1413,0.4,50,4.744,weeks,"['weeks', 'week', 'weeks', 'seconds', 'seconds', 'weeks', 'week', 'seconds', 'seconds', 'weeks']",q3,8,0.5158035392726126,abstract-classification vocabulary (kind/qualities/thing/factors) — philosophy-of-mind register
1424,0.4,50,4.513,drive,"['disk', 'drive', 'disk', 'drive', 'drive', 'hard', 'computer', 'computer', 'drive', 'disk']",q3,8,0.4314350518326825,abstract-classification vocabulary (kind/qualities/thing/factors) — philosophy-of-mind register
1431,0.2,50,4.486,thu,"['thu', 'wed', 'mon', 'mon', 'thu', 'tue', 'sun', 'apr', 'apr', 'sun']",q3,11,0.35248234410863905,day-of-week/date posting timestamps (forum posts and citations)
1433,0.2,50,1.564,their,"['fostering', 'their', 'that', 'of', 'to', 'their', '"",""', 'nowhere', 'which', '"",""']",q3,3,0.3365322887675917,noisy grab-bag: religious/philosophical register + tech instructions
1451,0.3,50,1.676,console,"['convicted', 'again', 'request', 'console', 'elected', 'tailored', 'console', 'console', 'tailored', 'extends']",q3,4,0.35619617800900083,noisy grab-bag: product-spec/tech-review vocabulary
1482,0.3,50,1.724,his,"['his', 'his', 'past', 'this', 'thy', 'been', 'prospect', '30', 'respectively', 'his']",q3,3,0.3195636038921764,noisy grab-bag: religious/philosophical register + tech instructions
1548,0.2,50,1.479,and,"['92', 'and', 'dash', 'i', 'and', 'was', 'while', 'last', 'there', 'want']",q3,6,0.40097290886480674,noisy grab-bag: narrative/design-discussion prose
1597,0.4,50,2.608,wedding,"['delivery', 'wedding', 'wedding', 'wedding', 'event', 'wedding', 'birthdays', 'birthday', 'anniversary', 'gestation']",q3,7,0.3677759212133408,"technical/product-spec vocabulary (version control, product ID, field reference)"
1607,0.4,50,2.14,a,"['s', 's', 's', 'a', 'a', 'd', 'a', 'd', 'a', 'd']",q3,3,0.625198963477702,noisy grab-bag: religious/philosophical register + tech instructions
1617,0.2,50,1.433,employees,"['unsure', 'employees', '><', 'less', 'challenging', 'others', 'employees', '><', 'unlike', '({']",q3,3,0.35508093694215737,noisy grab-bag: religious/philosophical register + tech instructions
1618,0.1,50,1.523,later,"['later', 'special', 'inch', 'global', 'parameter', 'this', 'different', 'adequate', 'environment']",q3,4,0.2936498918798884,noisy grab-bag: product-spec/tech-review vocabulary
1642,0.2,50,5.094,finite,"['finite', 'f', '75', 'w', 'sf', 'finite', 'author', 'df', 'w', 'f']",q3,7,0.4020694328507792,"technical/product-spec vocabulary (version control, product ID, field reference)"
1678,0.2,50,1.442,12,"['fraction', 'time', '12', 'part', 'measuring', 'that', 'had', '120', '12', 'discounts']",q3,4,0.33785209639884545,noisy grab-bag: product-spec/tech-review vocabulary
1688,0.3,50,1.63,community,"['hz', 'society', 'community', 'urban', 'community', 'government', 'society', 'academic', 'community', 'armed']",q3,7,0.3246323761346106,"technical/product-spec vocabulary (version control, product ID, field reference)"
1696,0.0,50,5.236,,[],q3,2,0.43556686831035163,"entertainment/film-history vocabulary (productions, coaching, sitcom) — noisy"
1703,0.3,50,4.7,long,"['long', 'long', 'v', 'vo', 'long', 'video', 'v', 'rails', 'fire', 'v']",q3,8,0.3992939211739869,abstract-classification vocabulary (kind/qualities/thing/factors) — philosophy-of-mind register
1720,0.2,50,4.895,problem,"['would', '`', 'recipe', '?', 'problem', 'during', 'problems', 'most', 'problem', 'such']",q3,1,0.3520913219550933,noisy grab-bag: political/institutional reporting + technical specs
1737,0.3,50,4.776,of,"['-', 'of', 'in', ',', 'of', 'sectors', 'as', ',', 'the', 'of']",q3,1,0.40753183199683257,noisy grab-bag: political/institutional reporting + technical specs
1757,0.2,50,1.706,different,"['enhance', 'experts', 'kinetic', 'various', 'people', 'asset', 'different', 'different', 'particular', 'nobody']",q3,3,0.3868290612648967,noisy grab-bag: religious/philosophical register + tech instructions
1762,0.3,50,5.405,&&,"['skills', 'he', 'filled', '&&', '&&', '?', 'takeaway', '&&', '?', 'contents']",q3,8,0.4496142250366182,abstract-classification vocabulary (kind/qualities/thing/factors) — philosophy-of-mind register
1798,0.3,50,3.027,54,"['61', '43', '54', '54', '51', '74', '54', '52', '47', '45']",q3,5,0.3898027609362178,arithmetic-drill/citation-page numeric tokens
1807,0.0,50,3.144,,[],q3,2,0.5285823464817803,"entertainment/film-history vocabulary (productions, coaching, sitcom) — noisy"
1823,0.3,50,5.113,89,"['1992', '89', '90', '90', '87', '91', '88', '89', '89', '1989']",q3,5,0.3898027609362178,arithmetic-drill/citation-page numeric tokens
1824,0.4,50,1.442,+,"['+', '+', 'directs', 'amount', '+', 'task', '+', 'substance', 'sense', 'sense']",q3,3,0.36477412609162313,noisy grab-bag: religious/philosophical register + tech instructions
1833,0.3,50,3.908,look,"['back', 'look', 'looking', 'arrived', 'glance', 'come', 'around', 'look', 'around', 'look']",q3,6,0.35280958735254564,noisy grab-bag: narrative/design-discussion prose
1862,0.1,50,5.198,bs,"['bs', 'clover', '49', 'productions', 'caroline', 'âł', 'things', 'introduce', 'ali', 'work']",q3,2,0.2960097183539008,"entertainment/film-history vocabulary (productions, coaching, sitcom) — noisy"
1882,0.2,50,1.644,impossible,"['inhabitants', 'pain', 'neither', 'liable', 'exist', 'secondly', 'unable', 'impossible', 'nobody', 'impossible']",q3,4,0.3666273081662092,noisy grab-bag: product-spec/tech-review vocabulary
1884,0.2,50,5.514,theorem,"['theorem', 'container', 'member', 'theorem', 'default', 'option', 'phase', 'option', 'except', 'construction']",q3,7,0.393753988572967,"technical/product-spec vocabulary (version control, product ID, field reference)"
1888,0.3,50,1.746,went,"['went', 'same', 'his', 'used', 'same', 'his', 'went', 'same', 'went', 'used']",q3,4,0.4173461014794622,noisy grab-bag: product-spec/tech-review vocabulary
1930,0.4,50,1.85,scheme,"['scheme', 'scheme', 'got', 'others', 'scheme', '}.', ""''"", ""''."", 'our', 'scheme']",q3,3,0.37515950958267963,noisy grab-bag: religious/philosophical register + tech instructions
1946,0.1,50,1.557,gave,"['gave', 'productions', 'bat', 'jelly', 'chest', 'mood', 'sprint', 'fall', 'needs', 'manipulative']",q3,2,0.3146279813442984,"entertainment/film-history vocabulary (productions, coaching, sitcom) — noisy"
1950,0.2,50,1.535,robotic,"['physical', 'selection', 'robotic', 'widespread', 'throughput', 'movements', 'url', 'people', 'robotic', 'human']",q3,7,0.3252946369545143,"technical/product-spec vocabulary (version control, product ID, field reference)"
2021,0.1,50,1.527,artists,"['artists', ').', 'features', 'before', 'includes', 'featured', 'about', 'spoke', 'namely', 'on']",q3,3,0.3610348278121755,noisy grab-bag: religious/philosophical register + tech instructions
2038,0.4,50,3.771,non,"['%', 'non', 'eur', 'non', 'motor', '%', 'non', 'eur', 'non', '%']",q3,7,0.4565839110777088,"technical/product-spec vocabulary (version control, product ID, field reference)"
2073,0.2,50,2.922,an,"['fans', 'hot', 'good', 'a', '-', 'filled', 'fond', 'beloved', 'an', 'an']",q3,6,0.3480805976393647,noisy grab-bag: narrative/design-discussion prose
2140,0.3,50,1.445,the,"['the', 'completely', 'click', 'the', 'whole', 'subscribe', 'the', 'f', 'everything', 'years']",q3,3,0.288559433160329,noisy grab-bag: religious/philosophical register + tech instructions
2149,0.2,50,1.643,ramadan,"['ramadan', 'band', 'would', 'sat', 'ramadan', 'to', 'should', 'to', 'from', 'after']",q3,10,0.36218669402640435,'behind-the-scenes' idiom + noisy grab-bag
2165,0.3,50,4.997,async,"['eclipse', 'eclipse', 'solution', 'async', 'async', 'async', 'brightness', 'outcome', 'solutions', 'null']",q3,7,0.34882268428887286,"technical/product-spec vocabulary (version control, product ID, field reference)"
2166,0.3,50,1.572,component,"['tab', 'following', 'component', 'component', 'attack', 'tab', 'paragraph', 'component', '"";', 'man']",q3,1,0.42051151546166615,noisy grab-bag: political/institutional reporting + technical specs
2170,0.3,50,1.706,recently,"['recently', 'away', 'properly', 'middle', 'recently', 'every', 'away', 'recently', 'really', 'class']",q3,8,0.3376907934907598,abstract-classification vocabulary (kind/qualities/thing/factors) — philosophy-of-mind register
2175,0.2,50,1.561,the,"['click', 'he', 'the', 'we', 'happy', 'likely', 'the', 'happy', 'they', 'dislikes']",q3,4,0.335841181588664,noisy grab-bag: product-spec/tech-review vocabulary
2177,0.4,50,3.104,side,"['side', 'side', 'api', 'rooms', 'room', 'api', 'side', 'room', 'side', 'api']",q3,7,0.4054485301934814,"technical/product-spec vocabulary (version control, product ID, field reference)"
2191,0.4,50,3.191,-,"['-', ']', '-', '-', '-']",q3,2,0.3887368065217661,"entertainment/film-history vocabulary (productions, coaching, sitcom) — noisy"
2221,0.2,46,1.867,high,"['clover', 'high', 'high', 'cann', 'faw', 'sas', 'grand', 'strange', "".''""]",q3,2,0.3933867156339674,"entertainment/film-history vocabulary (productions, coaching, sitcom) — noisy"
2222,0.2,50,1.436,who,"['who', 'she', ""'s"", 'she', 'been', 'brothers', 'of', 'wants', 'who', 'heard']",q3,6,0.40293850788415003,noisy grab-bag: narrative/design-discussion prose
2244,0.1,50,4.328,also,"['also', 'it', 'always', 'you', 'pretty', 'heritage', 'knows', 'os', 'can', 'down']",q3,2,0.3482185506427199,"entertainment/film-history vocabulary (productions, coaching, sitcom) — noisy"
2280,0.2,50,4.283,rise,"['living', 'arise', 'emerged', 'rise', 'rise', 'existed', 'existed', 'form', 'risen', 'lived']",q3,8,0.37884668792428056,abstract-classification vocabulary (kind/qualities/thing/factors) — philosophy-of-mind register
2288,0.2,50,5.394,hello,"['wishes', 'thank', 'to', 'acknowledge', 'hello', 'love', 'you', 'welcome', 'greeting', 'hello']",q3,6,0.38173595876596184,noisy grab-bag: narrative/design-discussion prose
2289,0.1,50,1.678,rom,"['rom', 'mix', 'murray', 'barry', 'forward', 'carry', 'plex', '++']",q3,2,0.29346094147923785,"entertainment/film-history vocabulary (productions, coaching, sitcom) — noisy"
2295,0.2,50,1.449,she,"['?', 'wished', 'married', 'approached', 'she', ""'ve"", 'she', 'ry', 'have', 'i']",q3,4,0.37157113989570806,noisy grab-bag: product-spec/tech-review vocabulary
2298,0.4,50,4.97,looks,"['looks', 'eye', 'event', 'case', 'looks', 'looks', 'look', 'looks', 'image', 'guessed']",q3,6,0.38868440000078786,noisy grab-bag: narrative/design-discussion prose
2307,0.2,50,1.52,midst,"['midst', 'occasion', 'midst', 'beginnings', 'times', 'nations', 'founding', 'beginnings', 'morning', 'debut']",q3,10,0.4332552051688595,'behind-the-scenes' idiom + noisy grab-bag
2321,0.2,50,3.031,provider,"['source', 'provider', 'amendment', 'pollution', 'location', 'conditions', 'provider', 'buffer', 'to', 'religions']",q3,7,0.28626933432233637,"technical/product-spec vocabulary (version control, product ID, field reference)"
2343,0.3,50,5.156,well,"['well', 'well', 'question', 'environment', 'problems', 'environment', 'task', 'task', 'get', 'well']",q3,7,0.3533819131321455,"technical/product-spec vocabulary (version control, product ID, field reference)"
2345,0.3,50,5.268,version,"['characters', 'product', 'pollution', 'version', 'product', 'schema', 'volume', 'signature', 'version', 'version']",q3,7,0.2952337819286693,"technical/product-spec vocabulary (version control, product ID, field reference)"
2360,0.4,29,1.445,lo,"['deeper', 'lo', 'lo', 'lo', 'deeper', 'ser', 'la', 'que', 'lo', 'oriented']",q3,1,0.4233650012592999,noisy grab-bag: political/institutional reporting + technical specs
2410,0.3,50,5.106,a,"['a', 'a', 'of', 'there', 'is', 'of', 'a', 'of', 'that', 'that']",q3,6,0.3898545040352458,noisy grab-bag: narrative/design-discussion prose
2414,0.3,50,1.649,2,"['prospective', 'playoffs', 'basis', '2', 'fraction', 'available', '{}', 'applicable', '2', '2']",q3,8,0.42090167794303995,abstract-classification vocabulary (kind/qualities/thing/factors) — philosophy-of-mind register
2420,0.4,39,1.474,transformation,"['transformation', 'transformation', 'merchandise', 'designer', 'lifestyle', 'transformation', 'transformation', 'treatment', 'conversion', 'criteria']",q3,7,0.3679278298997726,"technical/product-spec vocabulary (version control, product ID, field reference)"
2441,0.4,34,1.624,never,"['patriarchy', 'irrespective', 'irrespective', 'lines', 'never', 'never', 'boundaries', 'independently', 'never', 'never']",q3,8,0.44437693086455815,abstract-classification vocabulary (kind/qualities/thing/factors) — philosophy-of-mind register
2468,0.4,50,2.486,iii,"['iv', 'iii', 'ii', 'iii', 'ii', 'iii', 'iv', 'ii', 'iii', 'v']",q3,9,0.40860133279582056,roman-numeral legal sub-clauses + dot-leader table-of-contents page numbers
2492,0.3,50,5.579,be,"['be', 'being', 'being', 'have', 'be', 'want', 'be', 'having', 'being', 'should']",q3,6,0.49167032434453656,noisy grab-bag: narrative/design-discussion prose
2525,0.2,50,1.893,people,"['those', '--', 'people', '-$', 'people', '$', 'anything', 'one', 'few', 'ones']",q3,10,0.330429620738048,'behind-the-scenes' idiom + noisy grab-bag
2572,0.1,50,1.501,06,"['06', '%)', '/', 'leave', '05', 'might', '):', 'unlike', '09', 'from']",q3,3,0.3510598264023478,noisy grab-bag: religious/philosophical register + tech instructions
2575,0.3,50,4.744,work,"['workers', 'worked', 'work', 'work', 'act', 'professionals', 'work', 'behaved', 'worker', 'professionals']",q3,7,0.3587456424646057,"technical/product-spec vocabulary (version control, product ID, field reference)"
2609,0.2,50,1.541,>,"['represents', 'system', '>', 'studios', 'contains', 'kinds', 'for', 'names', 'kinds', '>']",q3,8,0.3519134976492627,abstract-classification vocabulary (kind/qualities/thing/factors) — philosophy-of-mind register
2643,0.4,50,5.079,settings,"['values', 'settings', 'output', 'settings', 'resolution', 'settings', 'configurations', 'voltage', 'settings', 'solutions']",q3,7,0.39218624504923744,"technical/product-spec vocabulary (version control, product ID, field reference)"
2668,0.2,50,1.483,prevent,"['etc', 'prevent', 'to', 'shorter', 'restrain', 'shall', 'to', 'keep', 'further', 'prevent']",q3,4,0.3578072436000581,noisy grab-bag: product-spec/tech-review vocabulary
2680,0.1,50,1.471,current,"['current', 'concerning', 'api', 'mention', 'field', '//', 'reference', '"":', 'next', 'department']",q3,3,0.36714111357224244,noisy grab-bag: religious/philosophical register + tech instructions
2699,0.2,50,3.471,encourage,"['challenges', 'encourage', 'encourage', 'at', 'invite', 'ask', 'urged', 'invite', 'told', 'suggest']",q3,6,0.4219185938380269,noisy grab-bag: narrative/design-discussion prose
2706,0.2,50,1.911,-,"['-', 'appendix', 'economic', 'access', 'felt', 'world', 'economic', '-', 'amendment', '=""']",q3,1,0.3187244972141184,noisy grab-bag: political/institutional reporting + technical specs
2719,0.3,50,5.482,element,"['element', 'header', 'answer', 'page', 'page', 'element', 'element', 'post', 'tiles', 'posts']",q3,7,0.3554582734394761,"technical/product-spec vocabulary (version control, product ID, field reference)"
2726,0.2,50,5.52,about,"['about', 'image', '21', 'about', 'dimensions', 'that', 'domain', 'dimension', '2022', 'address']",q3,7,0.3566678336199613,"technical/product-spec vocabulary (version control, product ID, field reference)"
2743,0.2,50,3.809,under,"['under', 'related', 'under', 'in', '===', 'sport', 'has', 'types', 'sports', 'need']",q3,4,0.3488582662914328,noisy grab-bag: product-spec/tech-review vocabulary
2761,0.3,50,4.639,life,"['life', 'lives', 'responsible', 'living', 'lives', 'living', 'living', 'life', 'lives', 'life']",q3,8,0.35763179159610997,abstract-classification vocabulary (kind/qualities/thing/factors) — philosophy-of-mind register
2781,0.3,50,5.564,26,"['26', '23', '31', '22', '26', '26', '29', '29', '21', '28']",q3,11,0.35248234410863905,day-of-week/date posting timestamps (forum posts and citations)
2795,0.2,50,5.246,a,"['a', 'try', 'tried', 'one', 'for', 'for', 'of', 'between', 'a', 'an']",q3,6,0.3425826991049185,noisy grab-bag: narrative/design-discussion prose
2802,0.2,50,1.991,pg,"['pg', 'pg', 'the', 'him', 'sg', 'season', 'him', 'guard']",q3,1,0.40649699382433685,noisy grab-bag: political/institutional reporting + technical specs
2818,0.3,50,2.733,fend,"['fend', 'fend', 'ward', 'ward', 'fight', 'fend', 'fought', 'ward', 'fight', 'hold']",q3,6,0.5366914898952786,noisy grab-bag: narrative/design-discussion prose
2840,0.3,50,5.345,but,"['but', 'allowing', 'but', 'allows', 'allows', 'allow', 'but', 'allowing', 'not', 'allowing']",q3,6,0.5638095183956561,noisy grab-bag: narrative/design-discussion prose
2842,0.4,50,4.286,process,"['sport', 'act', 'process', 'operation', 'process', 'art', 'process', 'job', 'process', 'act']",q3,8,0.38515463560187835,abstract-classification vocabulary (kind/qualities/thing/factors) — philosophy-of-mind register
2854,0.4,50,1.584,the,"['the', 'towards', 'the', 'the', 'bullets', 'drama', 'robotic', 'herself', 'myself', 'the']",q3,1,0.3358254257116806,noisy grab-bag: political/institutional reporting + technical specs
2865,0.1,50,1.443,the,"['the', 'particular', 'campaign', '_', 'various', 'we', 'onwards', 'relevant', 'timetable', 'training']",q3,1,0.30245118618184264,noisy grab-bag: political/institutional reporting + technical specs
2885,0.4,50,3.138,worried,"['worried', 'worried', 'afraid', 'fears', 'worried', 'worried', 'fears', 'worries', 'scared', 'worry']",q3,6,0.42977360350533605,noisy grab-bag: narrative/design-discussion prose
2895,0.2,50,4.336,82,"['152', '186', '82', '64', '76', '72', '82', '92', '164', '57']",q3,9,0.40860133279582056,roman-numeral legal sub-clauses + dot-leader table-of-contents page numbers
2915,0.3,50,2.211,rise,"['rise', 'came', 'arrived', 'rise', 'arrived', 'come', 'rise', 'arrived', 'himself', 'left']",q3,6,0.41875651441147105,noisy grab-bag: narrative/design-discussion prose
2942,0.3,50,4.966,v,"['v', 'view', 'v', 'x', 'vis', 'v', 'x', 'ï¿½ï¿½ï¿½ï¿½ï¿½ï¿½ï¿½ï¿½', 'x', 'generation']",q3,8,0.4292618820020557,abstract-classification vocabulary (kind/qualities/thing/factors) — philosophy-of-mind register
2963,0.1,50,1.593,former,"['former', 'minute', 'unable', 'whose', 'was', 'least', 'qualities', ',', 'woman', 'possessing']",q3,4,0.32538826738291016,noisy grab-bag: product-spec/tech-review vocabulary
2976,0.0,50,4.209,,[],q3,2,0.3679273938848883,"entertainment/film-history vocabulary (productions, coaching, sitcom) — noisy"
2986,0.3,50,3.605,the,"['elections', 'the', 'nov', 's', 'the', 'be', 'election', 'elections', 'election', 'the']",q3,1,0.38930557256303605,noisy grab-bag: political/institutional reporting + technical specs
