,arc_challenge,bbh,blimp,coqa,csqa,gsm8k,hellaswag,lambada+naturalqs,mmlu_other+mmlu_social_sciences,mmlu_stem,piqa,winogrande
0,0.9215179512894592,0.9215179512894592,0.7372143619530853,1.1979733352940203,0.6450625672848984,0.9215179512894592,1.1979733352940203,0.5529107726167114,1.0136697459576463,1.2901251299622072,0.9215179512894592,0.9215179512894592
4,0.5529107726167114,0.5529107726167114,0.8293661566212722,0.7372143619530853,1.2901251299622072,0.8293661566212722,0.6450625672848984,0.8293661566212722,1.1979733352940203,1.0136697459576463,1.1058215406258332,1.1058215406258332
5,0.8293661566212722,0.9215179512894592,1.0136697459576463,1.1058215406258332,1.0136697459576463,1.0136697459576463,0.18430359394396365,1.1058215406258332,0.8293661566212722,1.2901251299622072,0.9215179512894592,1.0136697459576463
8,4.607589733409347e-09,1.6587323086349548,1.474428719298581,4.607589733409347e-09,4.607589733409347e-09,1.750884103303142,4.607589733409347e-09,4.607589733409347e-09,4.607589733409347e-09,4.607589733409347e-09,4.607589733409347e-09,4.607589733409347e-09
10,0.9215179512894592,0.9215179512894592,1.1979733352940203,0.9215179512894592,1.0136697459576463,0.5529107726167114,1.382276924630394,1.1058215406258332,1.382276924630394,1.750884103303142,1.1979733352940203,0.7372143619530853
12,1.0136697459576463,0.8293661566212722,0.7372143619530853,0.8293661566212722,0.7372143619530853,0.7372143619530853,0.7372143619530853,0.7372143619530853,0.8293661566212722,0.8293661566212722,1.0136697459576463,0.8293661566212722
22,1.382276924630394,0.9215179512894592,1.1058215406258332,0.9215179512894592,1.2901251299622072,1.0136697459576463,0.7372143619530853,0.5529107726167114,0.9215179512894592,0.6450625672848984,1.1058215406258332,0.7372143619530853
27,0.7372143619530853,1.0136697459576463,1.1058215406258332,1.0136697459576463,1.843035897971329,0.9215179512894592,0.9215179512894592,1.1058215406258332,1.0136697459576463,1.1058215406258332,1.0136697459576463,1.1979733352940203
33,1.0136697459576463,0.9215179512894592,0.8293661566212722,1.0136697459576463,1.2901251299622072,1.1058215406258332,1.0136697459576463,0.7372143619530853,1.1979733352940203,0.9215179512894592,1.1979733352940203,1.1058215406258332
39,0.09215179927577669,4.607589733409347e-09,0.36860718328033754,0.09215179927577669,4.607589733409347e-09,4.607589733409347e-09,0.5529107726167114,4.607589733409347e-09,4.607589733409347e-09,4.607589733409347e-09,2.3959466659804503,1.5665805139667681
40,0.9215179512894592,1.2901251299622072,0.9215179512894592,1.1058215406258332,1.5665805139667681,0.7372143619530853,0.7372143619530853,0.5529107726167114,0.7372143619530853,1.1979733352940203,1.1979733352940203,1.0136697459576463
42,1.474428719298581,0.7372143619530853,0.8293661566212722,0.8293661566212722,1.6587323086349548,1.1979733352940203,1.5665805139667681,0.8293661566212722,0.5529107726167114,0.6450625672848984,0.7372143619530853,1.1979733352940203
43,0.6450625672848984,0.5529107726167114,1.1058215406258332,0.5529107726167114,1.0136697459576463,0.7372143619530853,1.474428719298581,1.2901251299622072,0.7372143619530853,1.0136697459576463,0.7372143619530853,0.7372143619530853
44,0.8293661566212722,0.5529107726167114,1.0136697459576463,0.8293661566212722,1.382276924630394,1.1979733352940203,1.1979733352940203,1.382276924630394,0.7372143619530853,1.0136697459576463,1.1979733352940203,0.8293661566212722
48,1.1058215406258332,0.8293661566212722,0.36860718328033754,1.2901251299622072,1.382276924630394,0.9215179512894592,0.9215179512894592,1.750884103303142,1.1058215406258332,0.7372143619530853,1.382276924630394,0.7372143619530853
50,0.5529107726167114,0.36860718328033754,0.9215179512894592,0.8293661566212722,0.5529107726167114,0.9215179512894592,0.4607589779485245,1.0136697459576463,0.8293661566212722,0.8293661566212722,1.6587323086349548,1.0136697459576463
54,0.8293661566212722,0.6450625672848984,0.9215179512894592,0.5529107726167114,0.9215179512894592,1.0136697459576463,1.382276924630394,1.1979733352940203,1.1058215406258332,0.6450625672848984,0.8293661566212722,0.9215179512894592
56,1.1979733352940203,1.843035897971329,0.8293661566212722,0.7372143619530853,1.0136697459576463,0.8293661566212722,1.1979733352940203,1.1058215406258332,0.7372143619530853,1.2901251299622072,1.0136697459576463,1.382276924630394
58,4.607589733409347e-09,0.5529107726167114,4.607589733409347e-09,4.607589733409347e-09,0.09215179927577669,0.5529107726167114,4.607589733409347e-09,0.09215179927577669,0.6450625672848984,4.607589733409347e-09,2.948857433989572,0.09215179927577669
66,1.1979733352940203,1.0136697459576463,1.1058215406258332,1.1058215406258332,1.1058215406258332,0.9215179512894592,1.2901251299622072,0.7372143619530853,0.7372143619530853,0.9215179512894592,0.5529107726167114,0.8293661566212722
72,1.2901251299622072,1.474428719298581,0.7372143619530853,0.6450625672848984,1.843035897971329,1.5665805139667681,1.474428719298581,1.1058215406258332,1.1058215406258332,1.0136697459576463,1.1058215406258332,1.382276924630394
73,0.8293661566212722,0.9215179512894592,0.9215179512894592,0.5529107726167114,1.1058215406258332,0.6450625672848984,0.9215179512894592,0.4607589779485245,1.1058215406258332,1.1979733352940203,0.9215179512894592,1.1979733352940203
75,0.7372143619530853,0.7372143619530853,0.7372143619530853,1.0136697459576463,1.1058215406258332,0.6450625672848984,0.5529107726167114,0.9215179512894592,0.8293661566212722,1.1058215406258332,1.382276924630394,1.1979733352940203
76,1.382276924630394,0.09215179927577669,0.8293661566212722,1.2901251299622072,1.1979733352940203,0.5529107726167114,1.1979733352940203,0.7372143619530853,0.9215179512894592,0.36860718328033754,1.1979733352940203,1.6587323086349548
78,0.9215179512894592,0.5529107726167114,1.750884103303142,0.6450625672848984,0.6450625672848984,1.1058215406258332,1.2901251299622072,1.382276924630394,1.2901251299622072,1.2901251299622072,0.4607589779485245,1.382276924630394
83,0.9215179512894592,1.1979733352940203,1.1979733352940203,0.9215179512894592,0.7372143619530853,1.1058215406258332,1.1058215406258332,0.8293661566212722,0.7372143619530853,0.9215179512894592,0.9215179512894592,1.1058215406258332
93,0.8293661566212722,0.6450625672848984,0.9215179512894592,0.8293661566212722,0.8293661566212722,0.5529107726167114,0.9215179512894592,0.8293661566212722,0.7372143619530853,0.8293661566212722,1.1979733352940203,0.8293661566212722
94,1.2901251299622072,0.9215179512894592,1.0136697459576463,1.1058215406258332,0.8293661566212722,0.9215179512894592,1.382276924630394,1.382276924630394,1.5665805139667681,0.9215179512894592,1.1979733352940203,1.0136697459576463
114,0.9215179512894592,1.474428719298581,0.6450625672848984,0.5529107726167114,1.5665805139667681,1.2901251299622072,1.1058215406258332,1.1979733352940203,1.1979733352940203,0.8293661566212722,0.9215179512894592,0.9215179512894592
121,1.0136697459576463,1.0136697459576463,0.6450625672848984,1.2901251299622072,1.0136697459576463,0.5529107726167114,0.8293661566212722,1.1058215406258332,1.0136697459576463,1.382276924630394,1.1979733352940203,1.2901251299622072
122,1.1058215406258332,1.5665805139667681,1.0136697459576463,1.0136697459576463,1.2901251299622072,1.382276924630394,0.9215179512894592,1.382276924630394,1.2901251299622072,1.1058215406258332,1.0136697459576463,0.9215179512894592
126,1.750884103303142,3.686071791335068,0.6450625672848984,1.2901251299622072,3.2253128179941326,2.0273394873077026,1.5665805139667681,0.9215179512894592,2.0273394873077026,2.303794871312263,1.0136697459576463,1.474428719298581
129,0.7372143619530853,1.0136697459576463,1.1979733352940203,0.7372143619530853,1.2901251299622072,1.0136697459576463,1.1058215406258332,1.843035897971329,1.1979733352940203,1.382276924630394,1.1058215406258332,1.1058215406258332
130,1.2901251299622072,1.1058215406258332,1.1058215406258332,1.382276924630394,1.750884103303142,0.9215179512894592,1.0136697459576463,1.382276924630394,1.0136697459576463,1.1979733352940203,1.1979733352940203,1.1058215406258332
131,1.2901251299622072,0.8293661566212722,0.9215179512894592,1.382276924630394,1.1979733352940203,1.382276924630394,0.9215179512894592,0.9215179512894592,1.1979733352940203,1.1058215406258332,0.5529107726167114,0.7372143619530853
136,0.2764553886121506,4.607589733409347e-09,1.750884103303142,0.36860718328033754,4.607589733409347e-09,0.18430359394396365,0.09215179927577669,0.18430359394396365,4.607589733409347e-09,4.607589733409347e-09,2.2116430766440764,1.1058215406258332
137,0.8293661566212722,0.5529107726167114,0.36860718328033754,0.7372143619530853,1.382276924630394,1.0136697459576463,0.8293661566212722,0.4607589779485245,0.5529107726167114,0.18430359394396365,1.2901251299622072,1.0136697459576463
146,0.36860718328033754,4.607589733409347e-09,4.607589733409347e-09,0.7372143619530853,1.474428719298581,0.2764553886121506,0.7372143619530853,0.36860718328033754,0.09215179927577669,0.09215179927577669,2.6724020499850107,0.18430359394396365
147,1.0136697459576463,1.0136697459576463,1.1979733352940203,0.7372143619530853,0.9215179512894592,0.9215179512894592,1.1979733352940203,1.2901251299622072,0.8293661566212722,1.474428719298581,0.6450625672848984,1.1058215406258332
149,0.7372143619530853,0.8293661566212722,1.474428719298581,1.0136697459576463,1.1979733352940203,0.6450625672848984,0.5529107726167114,0.9215179512894592,1.0136697459576463,1.2901251299622072,0.8293661566212722,1.0136697459576463
150,1.1979733352940203,1.1979733352940203,1.750884103303142,1.843035897971329,0.9215179512894592,0.9215179512894592,1.0136697459576463,1.1058215406258332,1.1058215406258332,1.5665805139667681,0.9215179512894592,0.4607589779485245
151,0.18430359394396365,1.1058215406258332,0.18430359394396365,0.09215179927577669,0.5529107726167114,0.09215179927577669,0.36860718328033754,0.36860718328033754,0.36860718328033754,2.3959466659804503,1.1979733352940203,0.4607589779485245
154,0.6450625672848984,0.7372143619530853,1.474428719298581,1.1979733352940203,0.7372143619530853,1.474428719298581,0.7372143619530853,0.4607589779485245,1.1979733352940203,1.1058215406258332,1.1979733352940203,0.36860718328033754
155,1.382276924630394,1.2901251299622072,1.1979733352940203,0.8293661566212722,0.9215179512894592,1.1058215406258332,0.8293661566212722,0.9215179512894592,1.0136697459576463,1.1058215406258332,1.2901251299622072,1.1979733352940203
156,4.607589733409347e-09,4.607589733409347e-09,4.607589738016937,4.607589733409347e-09,4.607589733409347e-09,4.607589733409347e-09,4.607589733409347e-09,4.607589733409347e-09,4.607589733409347e-09,4.607589733409347e-09,4.607589733409347e-09,4.607589733409347e-09
159,4.607589733409347e-09,4.607589733409347e-09,4.607589733409347e-09,4.607589733409347e-09,0.18430359394396365,4.607589733409347e-09,4.607589733409347e-09,4.607589733409347e-09,4.607589733409347e-09,4.423286148680563,4.607589733409347e-09,4.607589733409347e-09
161,0.8293661566212722,1.843035897971329,0.36860718328033754,0.5529107726167114,2.3959466659804503,0.6450625672848984,0.6450625672848984,0.5529107726167114,0.6450625672848984,0.5529107726167114,0.5529107726167114,0.8293661566212722
162,0.8293661566212722,0.8293661566212722,0.8293661566212722,0.6450625672848984,0.6450625672848984,1.1058215406258332,1.1979733352940203,1.1979733352940203,0.8293661566212722,1.2901251299622072,1.1058215406258332,1.1058215406258332
163,0.9215179512894592,1.1058215406258332,1.2901251299622072,0.36860718328033754,1.0136697459576463,0.9215179512894592,1.1058215406258332,1.0136697459576463,0.6450625672848984,0.7372143619530853,1.1058215406258332,1.0136697459576463
170,0.6450625672848984,1.1979733352940203,0.4607589779485245,1.1058215406258332,0.8293661566212722,0.8293661566212722,1.474428719298581,0.9215179512894592,0.9215179512894592,1.0136697459576463,0.8293661566212722,1.1979733352940203
173,0.7372143619530853,0.7372143619530853,0.6450625672848984,0.7372143619530853,0.9215179512894592,0.9215179512894592,1.5665805139667681,1.1979733352940203,0.5529107726167114,0.8293661566212722,1.1979733352940203,0.8293661566212722
174,1.1979733352940203,1.382276924630394,1.0136697459576463,0.6450625672848984,1.2901251299622072,1.2901251299622072,1.0136697459576463,1.1058215406258332,1.1058215406258332,1.1058215406258332,1.0136697459576463,0.9215179512894592
180,1.2901251299622072,1.382276924630394,0.4607589779485245,1.2901251299622072,1.0136697459576463,1.0136697459576463,1.382276924630394,1.1979733352940203,1.382276924630394,0.9215179512894592,1.382276924630394,0.9215179512894592
182,1.5665805139667681,0.4607589779485245,0.5529107726167114,0.6450625672848984,1.2901251299622072,0.6450625672848984,1.0136697459576463,1.382276924630394,1.1979733352940203,0.7372143619530853,0.8293661566212722,1.1058215406258332
194,1.1979733352940203,1.1058215406258332,0.9215179512894592,0.9215179512894592,1.1058215406258332,1.1058215406258332,0.8293661566212722,0.7372143619530853,0.9215179512894592,1.2901251299622072,1.0136697459576463,1.1058215406258332
202,0.9215179512894592,1.2901251299622072,1.1979733352940203,0.8293661566212722,1.474428719298581,0.8293661566212722,0.9215179512894592,1.0136697459576463,0.8293661566212722,1.382276924630394,1.0136697459576463,1.1058215406258332
205,0.8293661566212722,1.1979733352940203,0.6450625672848984,0.8293661566212722,0.9215179512894592,1.1058215406258332,1.1979733352940203,0.8293661566212722,0.9215179512894592,0.9215179512894592,1.0136697459576463,1.1979733352940203
207,0.6450625672848984,1.1979733352940203,1.2901251299622072,1.382276924630394,1.1979733352940203,0.6450625672848984,0.9215179512894592,0.6450625672848984,1.1979733352940203,1.2901251299622072,0.9215179512894592,1.2901251299622072
209,0.6450625672848984,0.36860718328033754,1.1979733352940203,0.7372143619530853,1.1979733352940203,0.7372143619530853,0.5529107726167114,0.8293661566212722,0.6450625672848984,0.18430359394396365,0.6450625672848984,0.8293661566212722
212,1.5665805139667681,0.6450625672848984,0.5529107726167114,1.1979733352940203,0.6450625672848984,0.7372143619530853,1.0136697459576463,0.4607589779485245,0.9215179512894592,0.7372143619530853,0.9215179512894592,1.382276924630394
220,0.6450625672848984,0.8293661566212722,1.2901251299622072,0.9215179512894592,0.7372143619530853,0.5529107726167114,1.1979733352940203,0.9215179512894592,1.1058215406258332,0.8293661566212722,1.0136697459576463,0.7372143619530853
222,1.2901251299622072,1.6587323086349548,0.4607589779485245,0.5529107726167114,0.8293661566212722,1.0136697459576463,0.8293661566212722,0.6450625672848984,0.7372143619530853,1.6587323086349548,1.1058215406258332,1.1058215406258332
223,0.18430359394396365,0.18430359394396365,0.4607589779485245,0.4607589779485245,2.0273394873077026,0.5529107726167114,1.382276924630394,0.18430359394396365,0.36860718328033754,4.607589733409347e-09,0.5529107726167114,0.09215179927577669
225,4.607589733409347e-09,4.607589733409347e-09,0.18430359394396365,4.607589733409347e-09,4.607589733409347e-09,3.133161023325946,4.607589733409347e-09,4.607589733409347e-09,4.607589733409347e-09,4.607589733409347e-09,1.2901251299622072,4.607589733409347e-09
233,0.8293661566212722,1.2901251299622072,1.1058215406258332,0.4607589779485245,0.9215179512894592,1.474428719298581,1.0136697459576463,1.382276924630394,0.9215179512894592,0.9215179512894592,0.8293661566212722,1.0136697459576463
240,1.1979733352940203,1.1979733352940203,1.5665805139667681,1.0136697459576463,1.1058215406258332,0.6450625672848984,0.7372143619530853,1.1979733352940203,0.6450625672848984,0.7372143619530853,0.36860718328033754,1.2901251299622072
241,0.9215179512894592,1.382276924630394,0.9215179512894592,1.1979733352940203,1.1979733352940203,1.750884103303142,1.474428719298581,1.2901251299622072,1.1058215406258332,0.9215179512894592,1.0136697459576463,1.5665805139667681
242,0.7372143619530853,1.1058215406258332,0.8293661566212722,1.0136697459576463,0.9215179512894592,0.7372143619530853,0.7372143619530853,0.6450625672848984,0.36860718328033754,1.2901251299622072,1.0136697459576463,1.2901251299622072
250,0.9215179512894592,1.5665805139667681,1.2901251299622072,1.1979733352940203,1.1058215406258332,0.9215179512894592,1.1979733352940203,0.9215179512894592,0.6450625672848984,1.1058215406258332,1.1058215406258332,1.2901251299622072
254,0.9215179512894592,1.1058215406258332,1.0136697459576463,0.7372143619530853,1.1058215406258332,1.0136697459576463,1.1058215406258332,0.5529107726167114,0.5529107726167114,1.1058215406258332,0.5529107726167114,1.2901251299622072
263,0.8293661566212722,1.1979733352940203,1.1058215406258332,0.9215179512894592,1.474428719298581,1.1058215406258332,0.9215179512894592,1.6587323086349548,1.0136697459576463,1.0136697459576463,1.1058215406258332,0.8293661566212722
270,1.474428719298581,1.382276924630394,1.0136697459576463,0.6450625672848984,1.0136697459576463,1.0136697459576463,1.382276924630394,1.2901251299622072,1.1058215406258332,0.5529107726167114,0.9215179512894592,1.1979733352940203
274,0.5529107726167114,0.8293661566212722,0.7372143619530853,0.9215179512894592,1.6587323086349548,0.5529107726167114,0.5529107726167114,0.7372143619530853,0.9215179512894592,1.2901251299622072,1.1979733352940203,1.0136697459576463
281,1.1058215406258332,0.8293661566212722,0.6450625672848984,1.382276924630394,1.382276924630394,0.2764553886121506,1.1058215406258332,1.1058215406258332,1.0136697459576463,0.9215179512894592,1.0136697459576463,0.6450625672848984
287,1.0136697459576463,1.1058215406258332,1.1979733352940203,1.843035897971329,0.8293661566212722,0.5529107726167114,0.4607589779485245,1.1058215406258332,1.2901251299622072,1.1979733352940203,0.5529107726167114,0.7372143619530853
290,1.2901251299622072,1.1979733352940203,1.0136697459576463,0.7372143619530853,1.1058215406258332,0.6450625672848984,0.7372143619530853,0.4607589779485245,0.7372143619530853,0.9215179512894592,1.1058215406258332,0.8293661566212722
292,1.1979733352940203,1.1058215406258332,0.5529107726167114,1.1058215406258332,1.1058215406258332,0.8293661566212722,0.9215179512894592,1.382276924630394,0.8293661566212722,1.1058215406258332,0.8293661566212722,0.8293661566212722
295,0.6450625672848984,0.9215179512894592,1.2901251299622072,0.6450625672848984,1.1058215406258332,0.7372143619530853,1.2901251299622072,0.9215179512894592,0.5529107726167114,1.0136697459576463,0.8293661566212722,0.9215179512894592
296,0.7372143619530853,0.6450625672848984,0.5529107726167114,0.9215179512894592,0.9215179512894592,1.474428719298581,1.2901251299622072,1.0136697459576463,0.9215179512894592,1.0136697459576463,0.6450625672848984,1.1058215406258332
304,0.6283076955270461,4.607589733409347e-09,0.2094359015807419,0.6283076955270461,0.8377435925001984,1.0471794894733504,0.41887179855389406,0.41887179855389406,0.8377435925001984,0.41887179855389406,2.303794871312263,0.41887179855389406
311,0.6450625672848984,0.6450625672848984,0.9215179512894592,1.1058215406258332,1.0136697459576463,1.0136697459576463,0.8293661566212722,1.750884103303142,1.1979733352940203,0.8293661566212722,1.382276924630394,1.1979733352940203
319,0.6450625672848984,0.9215179512894592,0.9215179512894592,1.1058215406258332,1.1058215406258332,1.0136697459576463,1.2901251299622072,1.1058215406258332,1.1979733352940203,1.843035897971329,0.8293661566212722,1.0136697459576463
322,0.36860718328033754,4.607589733409347e-09,0.2764553886121506,0.5529107726167114,4.607589733409347e-09,0.36860718328033754,0.4607589779485245,1.2901251299622072,0.5529107726167114,0.36860718328033754,0.6450625672848984,1.9351876926395157
323,1.382276924630394,0.8293661566212722,0.9215179512894592,0.36860718328033754,1.0136697459576463,0.5529107726167114,1.1058215406258332,0.9215179512894592,1.2901251299622072,1.5665805139667681,1.1979733352940203,1.2901251299622072
324,1.1058215406258332,0.7372143619530853,0.4607589779485245,0.9215179512894592,1.382276924630394,1.1058215406258332,1.0136697459576463,1.2901251299622072,1.1058215406258332,1.0136697459576463,1.382276924630394,0.7372143619530853
332,0.9215179512894592,0.8293661566212722,1.382276924630394,0.7372143619530853,0.7372143619530853,1.1979733352940203,1.0136697459576463,1.2901251299622072,0.8293661566212722,0.9215179512894592,0.6450625672848984,1.1979733352940203
334,1.2901251299622072,1.1979733352940203,0.5529107726167114,1.474428719298581,0.8293661566212722,1.1058215406258332,0.8293661566212722,1.0136697459576463,1.2901251299622072,1.1058215406258332,0.9215179512894592,1.382276924630394
336,1.5665805139667681,1.474428719298581,1.0136697459576463,1.5665805139667681,1.0136697459576463,1.1979733352940203,1.2901251299622072,1.474428719298581,1.474428719298581,0.8293661566212722,1.5665805139667681,0.7372143619530853
342,1.1979733352940203,0.7372143619530853,0.4607589779485245,0.9215179512894592,0.8293661566212722,1.1058215406258332,1.382276924630394,1.0136697459576463,1.0136697459576463,0.9215179512894592,1.6587323086349548,0.7372143619530853
345,0.7372143619530853,1.6587323086349548,0.7372143619530853,0.7372143619530853,0.9215179512894592,0.8293661566212722,1.0136697459576463,1.1058215406258332,1.1058215406258332,0.9215179512894592,1.5665805139667681,0.7372143619530853
351,0.7372143619530853,0.9215179512894592,0.6450625672848984,0.9215179512894592,1.0136697459576463,0.8293661566212722,0.9215179512894592,1.382276924630394,0.6450625672848984,1.1058215406258332,0.7372143619530853,0.5529107726167114
356,0.9215179512894592,0.9215179512894592,0.36860718328033754,1.382276924630394,0.6450625672848984,1.9351876926395157,0.9215179512894592,0.8293661566212722,0.8293661566212722,0.4607589779485245,0.8293661566212722,0.6450625672848984
359,1.2901251299622072,0.4607589779485245,1.2901251299622072,0.8293661566212722,0.6450625672848984,0.5529107726167114,1.0136697459576463,0.9215179512894592,1.0136697459576463,1.0136697459576463,0.7372143619530853,0.8293661566212722
368,1.0136697459576463,1.1979733352940203,0.9215179512894592,0.9215179512894592,1.2901251299622072,1.1058215406258332,1.1979733352940203,0.8293661566212722,0.6450625672848984,1.9351876926395157,1.1058215406258332,0.5529107726167114
369,1.0136697459576463,0.5529107726167114,1.1979733352940203,1.1979733352940203,1.1979733352940203,0.8293661566212722,0.9215179512894592,1.0136697459576463,0.6450625672848984,0.7372143619530853,1.474428719298581,1.1058215406258332
374,1.474428719298581,0.4607589779485245,2.5802502553168245,0.6450625672848984,0.4607589779485245,0.6450625672848984,0.6450625672848984,0.5529107726167114,0.5529107726167114,0.2764553886121506,1.0136697459576463,1.2901251299622072
377,0.7372143619530853,1.0136697459576463,0.8293661566212722,1.1979733352940203,0.6450625672848984,1.0136697459576463,1.1979733352940203,1.0136697459576463,1.1058215406258332,1.0136697459576463,1.2901251299622072,1.474428719298581
381,0.9215179512894592,0.7372143619530853,0.4607589779485245,1.1058215406258332,0.8293661566212722,1.0136697459576463,0.5529107726167114,0.5529107726167114,1.0136697459576463,1.0136697459576463,1.0136697459576463,1.474428719298581
390,0.9215179512894592,0.9215179512894592,0.6450625672848984,1.0136697459576463,0.5529107726167114,1.2901251299622072,0.9215179512894592,1.1979733352940203,1.1979733352940203,1.750884103303142,1.0136697459576463,1.2901251299622072
393,0.6450625672848984,0.8293661566212722,1.2901251299622072,1.1979733352940203,0.7372143619530853,1.2901251299622072,0.9215179512894592,1.1979733352940203,1.1058215406258332,1.750884103303142,0.8293661566212722,1.0136697459576463
395,4.607589733409347e-09,2.1194912819758898,1.5665805139667681,0.09215179927577669,4.607589733409347e-09,1.2901251299622072,4.607589733409347e-09,4.607589733409347e-09,0.09215179927577669,4.607589733409347e-09,4.607589733409347e-09,4.607589733409347e-09
396,1.5665805139667681,0.9215179512894592,0.4607589779485245,1.474428719298581,1.843035897971329,1.0136697459576463,1.0136697459576463,1.474428719298581,0.7372143619530853,1.1979733352940203,0.9215179512894592,1.1979733352940203
397,1.0136697459576463,0.4607589779485245,0.36860718328033754,0.7372143619530853,2.856705639321385,0.5529107726167114,0.6450625672848984,0.9215179512894592,0.6450625672848984,0.7372143619530853,0.8293661566212722,0.4607589779485245
407,0.4607589779485245,4.607589733409347e-09,4.607589733409347e-09,0.36860718328033754,2.1194912819758898,0.9215179512894592,0.4607589779485245,0.2764553886121506,0.09215179927577669,0.18430359394396365,2.0273394873077026,0.7372143619530853
410,4.607589733409347e-09,0.09215179927577669,4.146830764676002,4.607589733409347e-09,4.607589733409347e-09,0.09215179927577669,4.607589733409347e-09,4.607589733409347e-09,4.607589733409347e-09,0.09215179927577669,0.18430359394396365,4.607589733409347e-09
417,1.0136697459576463,0.8293661566212722,1.2901251299622072,0.8293661566212722,0.5529107726167114,0.9215179512894592,0.5529107726167114,0.9215179512894592,1.0136697459576463,1.1058215406258332,1.1058215406258332,1.474428719298581
420,1.5665805139667681,0.9215179512894592,1.382276924630394,1.1058215406258332,0.36860718328033754,0.9215179512894592,1.0136697459576463,1.0136697459576463,0.5529107726167114,1.0136697459576463,0.4607589779485245,1.1058215406258332
421,0.8293661566212722,1.1058215406258332,1.474428719298581,0.9215179512894592,1.474428719298581,0.7372143619530853,0.8293661566212722,1.1058215406258332,1.1979733352940203,1.0136697459576463,1.1979733352940203,1.1979733352940203
425,1.1058215406258332,0.6450625672848984,1.5665805139667681,0.9215179512894592,0.6450625672848984,0.4607589779485245,0.7372143619530853,1.2901251299622072,1.1058215406258332,0.8293661566212722,0.6450625672848984,0.8293661566212722
426,0.8293661566212722,0.7372143619530853,2.5802502553168245,0.6450625672848984,0.09215179927577669,1.0136697459576463,0.8293661566212722,0.36860718328033754,0.5529107726167114,1.6587323086349548,0.5529107726167114,0.36860718328033754
431,1.0136697459576463,0.8293661566212722,1.2901251299622072,1.2901251299622072,0.8293661566212722,0.9215179512894592,0.9215179512894592,0.5529107726167114,1.1979733352940203,1.0136697459576463,0.8293661566212722,0.8293661566212722
438,4.607589733409347e-09,0.2764553886121506,0.9215179512894592,0.2764553886121506,4.607589733409347e-09,4.607589733409347e-09,0.09215179927577669,0.09215179927577669,0.09215179927577669,3.7782235860032545,4.607589733409347e-09,0.09215179927577669
442,0.4607589779485245,1.0136697459576463,0.5529107726167114,1.2901251299622072,2.1194912819758898,1.1979733352940203,1.1058215406258332,1.1979733352940203,1.1058215406258332,1.474428719298581,1.5665805139667681,1.0136697459576463
444,0.6450625672848984,0.7372143619530853,0.9215179512894592,0.8293661566212722,1.2901251299622072,1.0136697459576463,1.1058215406258332,0.9215179512894592,1.1058215406258332,0.7372143619530853,1.1979733352940203,1.1058215406258332
451,0.9215179512894592,1.6587323086349548,1.1979733352940203,0.9215179512894592,0.5529107726167114,1.1058215406258332,1.382276924630394,0.7372143619530853,0.9215179512894592,0.8293661566212722,1.1979733352940203,1.5665805139667681
452,1.1058215406258332,1.1058215406258332,0.6450625672848984,1.1979733352940203,1.474428719298581,0.8293661566212722,1.474428719298581,1.6587323086349548,1.6587323086349548,0.8293661566212722,0.9215179512894592,1.1058215406258332
486,1.2901251299622072,1.474428719298581,0.9215179512894592,1.1979733352940203,1.6587323086349548,0.9215179512894592,0.6450625672848984,0.6450625672848984,1.2901251299622072,1.1979733352940203,1.382276924630394,0.8293661566212722
489,1.0136697459576463,1.0136697459576463,0.8293661566212722,1.5665805139667681,0.9215179512894592,1.382276924630394,1.1058215406258332,1.0136697459576463,0.7372143619530853,0.9215179512894592,1.1979733352940203,1.0136697459576463
490,0.5529107726167114,1.1979733352940203,1.2901251299622072,1.474428719298581,0.7372143619530853,0.8293661566212722,0.7372143619530853,0.8293661566212722,1.6587323086349548,1.474428719298581,0.6450625672848984,0.7372143619530853
491,1.1058215406258332,1.1058215406258332,0.4607589779485245,0.7372143619530853,1.1058215406258332,1.1979733352940203,0.36860718328033754,0.8293661566212722,1.0136697459576463,0.6450625672848984,1.1979733352940203,0.7372143619530853
500,1.843035897971329,1.474428719298581,1.1979733352940203,1.382276924630394,2.1194912819758898,1.9351876926395157,1.382276924630394,1.1979733352940203,1.474428719298581,1.2901251299622072,0.9215179512894592,1.1979733352940203
503,0.6450625672848984,1.1979733352940203,0.9215179512894592,1.1058215406258332,1.6587323086349548,0.5529107726167114,1.1979733352940203,1.1058215406258332,0.7372143619530853,1.0136697459576463,0.6450625672848984,0.5529107726167114
518,0.8293661566212722,1.0136697459576463,1.750884103303142,0.8293661566212722,1.2901251299622072,0.8293661566212722,0.7372143619530853,0.7372143619530853,0.6450625672848984,1.0136697459576463,1.1979733352940203,1.1058215406258332
521,0.7372143619530853,1.474428719298581,1.0136697459576463,1.382276924630394,1.2901251299622072,1.1058215406258332,1.1979733352940203,0.9215179512894592,1.2901251299622072,1.1979733352940203,1.1979733352940203,1.5665805139667681
523,1.2901251299622072,1.1979733352940203,1.474428719298581,1.2901251299622072,0.5529107726167114,0.9215179512894592,1.0136697459576463,1.474428719298581,0.7372143619530853,1.5665805139667681,0.36860718328033754,0.6450625672848984
527,1.6587323086349548,0.6450625672848984,0.7372143619530853,1.1979733352940203,1.1979733352940203,0.9215179512894592,1.1058215406258332,0.8293661566212722,0.8293661566212722,1.0136697459576463,0.4607589779485245,0.9215179512894592
528,1.2901251299622072,0.5529107726167114,1.750884103303142,0.7372143619530853,0.5529107726167114,1.1979733352940203,1.1058215406258332,0.8293661566212722,1.1979733352940203,1.0136697459576463,0.7372143619530853,1.0136697459576463
532,0.8293661566212722,0.5529107726167114,0.9215179512894592,0.7372143619530853,1.0136697459576463,1.0136697459576463,0.7372143619530853,0.8293661566212722,0.8293661566212722,0.6450625672848984,1.5665805139667681,1.1058215406258332
538,0.8293661566212722,1.474428719298581,0.9215179512894592,0.6450625672848984,0.36860718328033754,0.18430359394396365,0.8293661566212722,1.0136697459576463,1.1058215406258332,2.3959466659804503,0.8293661566212722,0.2764553886121506
539,0.9215179512894592,0.7372143619530853,0.4607589779485245,1.0136697459576463,1.382276924630394,0.9215179512894592,0.7372143619530853,1.5665805139667681,0.7372143619530853,0.9215179512894592,1.382276924630394,1.2901251299622072
542,1.6587323086349548,0.9215179512894592,1.1979733352940203,1.0136697459576463,0.9215179512894592,0.8293661566212722,1.0136697459576463,0.8293661566212722,1.1058215406258332,1.2901251299622072,0.9215179512894592,1.1058215406258332
543,1.6587323086349548,1.1058215406258332,1.1058215406258332,1.474428719298581,1.1058215406258332,1.1979733352940203,0.5529107726167114,1.474428719298581,1.474428719298581,1.750884103303142,1.0136697459576463,0.7372143619530853
546,0.8293661566212722,0.8293661566212722,1.6587323086349548,0.4607589779485245,1.1058215406258332,0.9215179512894592,0.9215179512894592,1.2901251299622072,1.1058215406258332,1.474428719298581,0.9215179512894592,1.1058215406258332
552,0.5529107726167114,1.382276924630394,0.5529107726167114,1.1979733352940203,1.1979733352940203,0.5529107726167114,1.1058215406258332,1.1979733352940203,1.0136697459576463,1.750884103303142,1.750884103303142,1.1979733352940203
553,0.6450625672848984,1.1979733352940203,1.1058215406258332,1.0136697459576463,1.1058215406258332,0.8293661566212722,1.1979733352940203,0.8293661566212722,1.382276924630394,1.382276924630394,1.1979733352940203,1.0136697459576463
555,1.1058215406258332,0.9215179512894592,1.382276924630394,0.7372143619530853,0.5529107726167114,1.0136697459576463,0.7372143619530853,0.7372143619530853,0.8293661566212722,0.8293661566212722,0.9215179512894592,0.8293661566212722
556,1.2901251299622072,1.382276924630394,0.6450625672848984,1.0136697459576463,1.2901251299622072,0.8293661566212722,1.6587323086349548,1.0136697459576463,1.1979733352940203,1.0136697459576463,0.6450625672848984,0.7372143619530853
571,1.2901251299622072,1.1058215406258332,0.7372143619530853,1.1058215406258332,1.843035897971329,0.8293661566212722,0.7372143619530853,1.0136697459576463,0.8293661566212722,1.5665805139667681,1.1058215406258332,1.0136697459576463
583,1.0136697459576463,0.8293661566212722,0.7372143619530853,1.1058215406258332,0.7372143619530853,0.8293661566212722,1.0136697459576463,1.0136697459576463,0.9215179512894592,0.6450625672848984,0.5529107726167114,0.6450625672848984
585,1.2901251299622072,3.0410092286577592,0.4607589779485245,1.1058215406258332,3.133161023325946,1.2901251299622072,0.5529107726167114,1.474428719298581,1.0136697459576463,2.303794871312263,1.750884103303142,1.1979733352940203
587,1.2566153864465026,4.607589733409347e-09,2.0943589743391113,1.0471794894733504,4.607589733409347e-09,0.2094359015807419,1.0471794894733504,0.2094359015807419,0.8377435925001984,4.607589733409347e-09,0.41887179855389406,4.607589733409347e-09
593,0.9215179512894592,4.607589733409347e-09,0.36860718328033754,0.8293661566212722,0.18430359394396365,2.4880984606486374,0.7372143619530853,0.7372143619530853,0.2764553886121506,4.607589733409347e-09,1.2901251299622072,1.2901251299622072
595,0.8293661566212722,0.9215179512894592,0.8293661566212722,0.9215179512894592,0.9215179512894592,0.8293661566212722,1.0136697459576463,0.8293661566212722,1.1058215406258332,0.5529107726167114,0.9215179512894592,1.2901251299622072
599,0.9215179512894592,0.7372143619530853,1.1058215406258332,1.382276924630394,0.5529107726167114,0.7372143619530853,1.1979733352940203,0.9215179512894592,1.0136697459576463,1.0136697459576463,1.1979733352940203,0.9215179512894592
600,1.0136697459576463,1.2901251299622072,1.0136697459576463,1.1058215406258332,0.8293661566212722,0.8293661566212722,0.9215179512894592,1.0136697459576463,1.474428719298581,1.1058215406258332,0.8293661566212722,1.0136697459576463
603,1.2901251299622072,0.36860718328033754,0.9215179512894592,1.0136697459576463,0.6450625672848984,0.36860718328033754,1.1058215406258332,1.0136697459576463,0.7372143619530853,0.36860718328033754,1.474428719298581,1.9351876926395157
604,1.0136697459576463,0.9215179512894592,1.0136697459576463,0.5529107726167114,0.6450625672848984,1.1979733352940203,1.1979733352940203,0.6450625672848984,1.474428719298581,1.0136697459576463,1.0136697459576463,1.2901251299622072
610,1.1979733352940203,1.750884103303142,0.6450625672848984,1.1058215406258332,1.6587323086349548,1.2901251299622072,1.1979733352940203,1.2901251299622072,1.1979733352940203,1.5665805139667681,1.1058215406258332,1.2901251299622072
613,1.0136697459576463,1.750884103303142,0.09215179927577669,1.382276924630394,0.4607589779485245,0.7372143619530853,1.1058215406258332,1.1058215406258332,1.2901251299622072,1.474428719298581,1.2901251299622072,1.1058215406258332
614,0.6450625672848984,0.2764553886121506,1.1979733352940203,0.8293661566212722,0.2764553886121506,1.474428719298581,1.2901251299622072,1.382276924630394,1.2901251299622072,0.9215179512894592,0.4607589779485245,1.0136697459576463
615,1.474428719298581,1.5665805139667681,1.1058215406258332,1.382276924630394,0.4607589779485245,0.8293661566212722,1.0136697459576463,1.1058215406258332,1.750884103303142,1.6587323086349548,0.6450625672848984,1.2901251299622072
616,0.7372143619530853,1.0136697459576463,1.474428719298581,0.9215179512894592,0.8293661566212722,0.9215179512894592,1.2901251299622072,1.6587323086349548,0.2764553886121506,1.1979733352940203,0.8293661566212722,1.1058215406258332
618,1.1058215406258332,1.0136697459576463,0.7372143619530853,1.0136697459576463,0.8293661566212722,1.0136697459576463,0.9215179512894592,1.1979733352940203,0.9215179512894592,0.4607589779485245,1.382276924630394,0.8293661566212722
621,0.2764553886121506,1.1058215406258332,1.382276924630394,0.18430359394396365,4.607589733409347e-09,0.6450625672848984,0.09215179927577669,0.4607589779485245,1.0136697459576463,0.09215179927577669,4.607589733409347e-09,4.607589733409347e-09
630,0.7372143619530853,0.8293661566212722,0.36860718328033754,1.0136697459576463,1.474428719298581,1.1058215406258332,1.2901251299622072,0.8293661566212722,1.6587323086349548,0.2764553886121506,0.7372143619530853,2.2116430766440764
639,0.9215179512894592,1.1979733352940203,0.7372143619530853,0.9215179512894592,0.4607589779485245,1.1058215406258332,1.0136697459576463,1.1058215406258332,1.1058215406258332,1.0136697459576463,0.7372143619530853,1.0136697459576463
642,0.09215179927577669,4.607589733409347e-09,4.607589738016937,4.607589733409347e-09,4.607589733409347e-09,0.09215179927577669,4.607589733409347e-09,0.09215179927577669,4.607589733409347e-09,4.607589733409347e-09,4.607589733409347e-09,4.607589733409347e-09
654,1.1979733352940203,0.6450625672848984,0.4607589779485245,0.9215179512894592,0.8293661566212722,0.6450625672848984,0.5529107726167114,0.2764553886121506,0.9215179512894592,0.9215179512894592,0.9215179512894592,1.382276924630394
657,1.1058215406258332,1.750884103303142,1.0136697459576463,0.9215179512894592,1.0136697459576463,1.382276924630394,0.5529107726167114,1.2901251299622072,1.1979733352940203,1.2901251299622072,0.7372143619530853,1.0136697459576463
664,1.0136697459576463,0.9215179512894592,1.750884103303142,1.1979733352940203,1.474428719298581,0.9215179512894592,0.8293661566212722,0.7372143619530853,0.7372143619530853,1.9351876926395157,1.474428719298581,1.382276924630394
665,1.382276924630394,0.18430359394396365,0.7372143619530853,1.2901251299622072,1.1979733352940203,1.0136697459576463,0.8293661566212722,1.382276924630394,0.7372143619530853,0.2764553886121506,0.4607589779485245,1.1979733352940203
668,1.2901251299622072,1.2901251299622072,1.750884103303142,1.2901251299622072,1.474428719298581,1.1058215406258332,1.2901251299622072,1.1979733352940203,1.474428719298581,0.9215179512894592,1.474428719298581,1.9351876926395157
673,1.1058215406258332,0.8293661566212722,0.9215179512894592,1.0136697459576463,1.474428719298581,0.9215179512894592,1.2901251299622072,1.5665805139667681,0.8293661566212722,0.7372143619530853,0.9215179512894592,0.6450625672848984
681,1.2901251299622072,1.0136697459576463,0.8293661566212722,0.7372143619530853,1.0136697459576463,1.474428719298581,0.9215179512894592,1.382276924630394,1.0136697459576463,1.1979733352940203,0.6450625672848984,1.2901251299622072
688,0.8293661566212722,0.18430359394396365,0.2764553886121506,0.36860718328033754,0.5529107726167114,0.4607589779485245,1.1058215406258332,0.9215179512894592,0.6450625672848984,0.6450625672848984,0.8293661566212722,0.8293661566212722
695,4.607589733409347e-09,4.607589733409347e-09,1.1979733352940203,4.607589733409347e-09,4.607589733409347e-09,1.843035897971329,4.607589733409347e-09,4.607589733409347e-09,4.607589733409347e-09,4.607589733409347e-09,4.607589733409347e-09,1.5665805139667681
702,1.2901251299622072,1.2901251299622072,0.9215179512894592,0.9215179512894592,0.4607589779485245,0.7372143619530853,1.2901251299622072,1.750884103303142,1.750884103303142,1.2901251299622072,0.9215179512894592,1.1058215406258332
708,0.8293661566212722,0.7372143619530853,1.2901251299622072,1.1058215406258332,0.7372143619530853,1.0136697459576463,1.0136697459576463,0.5529107726167114,1.1058215406258332,1.1058215406258332,0.8293661566212722,0.5529107726167114
709,4.607589733409347e-09,4.607589733409347e-09,4.607589733409347e-09,4.607589733409347e-09,4.607589733409347e-09,4.607589733409347e-09,0.18430359394396365,4.607589733409347e-09,4.607589733409347e-09,4.607589733409347e-09,3.409616407330507,1.2901251299622072
713,0.9215179512894592,0.4607589779485245,0.8293661566212722,0.9215179512894592,1.1979733352940203,0.6450625672848984,1.1058215406258332,1.1979733352940203,1.750884103303142,0.7372143619530853,1.1058215406258332,1.1058215406258332
715,1.1058215406258332,0.9215179512894592,0.7372143619530853,1.5665805139667681,2.303794871312263,1.1058215406258332,1.1058215406258332,1.1058215406258332,0.8293661566212722,0.18430359394396365,1.1058215406258332,1.382276924630394
717,0.8293661566212722,0.9215179512894592,0.8293661566212722,1.0136697459576463,1.474428719298581,0.8293661566212722,0.6450625672848984,1.2901251299622072,1.5665805139667681,1.474428719298581,1.1979733352940203,0.9215179512894592
728,1.1058215406258332,1.2901251299622072,1.1058215406258332,1.382276924630394,2.0273394873077026,0.9215179512894592,1.1058215406258332,1.1058215406258332,1.1979733352940203,0.6450625672848984,1.2901251299622072,1.5665805139667681
735,1.1058215406258332,2.6724020499850107,2.948857433989572,1.6587323086349548,1.9351876926395157,1.2901251299622072,1.474428719298581,1.474428719298581,1.2901251299622072,2.856705639321385,1.382276924630394,1.750884103303142
736,0.7372143619530853,1.382276924630394,1.1058215406258332,1.0136697459576463,0.9215179512894592,1.0136697459576463,0.9215179512894592,1.0136697459576463,0.9215179512894592,1.1058215406258332,0.7372143619530853,0.7372143619530853
738,0.8293661566212722,1.1058215406258332,1.1058215406258332,0.9215179512894592,1.1058215406258332,1.1058215406258332,0.5529107726167114,1.474428719298581,1.382276924630394,0.7372143619530853,0.9215179512894592,0.8293661566212722
742,0.6450625672848984,1.1979733352940203,1.382276924630394,1.2901251299622072,0.7372143619530853,1.2901251299622072,0.4607589779485245,1.382276924630394,1.2901251299622072,1.474428719298581,0.8293661566212722,1.2901251299622072
746,1.0136697459576463,0.7372143619530853,1.1058215406258332,1.1979733352940203,0.6450625672848984,0.9215179512894592,0.6450625672848984,0.8293661566212722,0.5529107726167114,1.5665805139667681,0.9215179512894592,0.5529107726167114
748,0.5529107726167114,0.7372143619530853,0.7372143619530853,0.8293661566212722,1.382276924630394,0.9215179512894592,1.2901251299622072,0.9215179512894592,0.8293661566212722,1.0136697459576463,0.7372143619530853,0.9215179512894592
751,0.9215179512894592,1.0136697459576463,0.6450625672848984,0.5529107726167114,1.382276924630394,1.1058215406258332,0.36860718328033754,0.5529107726167114,1.0136697459576463,0.5529107726167114,1.2901251299622072,0.8293661566212722
752,0.9215179512894592,0.8293661566212722,1.1979733352940203,0.8293661566212722,0.6450625672848984,0.4607589779485245,0.6450625672848984,1.2901251299622072,0.6450625672848984,0.9215179512894592,0.8293661566212722,1.382276924630394
755,1.2901251299622072,1.1979733352940203,0.9215179512894592,0.9215179512894592,1.1058215406258332,1.2901251299622072,0.8293661566212722,0.9215179512894592,0.8293661566212722,1.2901251299622072,1.2901251299622072,1.1058215406258332
757,0.36860718328033754,0.2764553886121506,0.6450625672848984,0.6450625672848984,1.0136697459576463,4.607589733409347e-09,0.7372143619530853,0.4607589779485245,0.5529107726167114,1.1058215406258332,0.2764553886121506,4.607589733409347e-09
759,1.2901251299622072,0.4607589779485245,1.1979733352940203,0.4607589779485245,1.0136697459576463,0.8293661566212722,1.0136697459576463,0.8293661566212722,0.7372143619530853,0.7372143619530853,1.1058215406258332,0.8293661566212722
768,1.0136697459576463,1.1058215406258332,1.9351876926395157,1.2901251299622072,0.6450625672848984,0.6450625672848984,0.8293661566212722,0.9215179512894592,1.1058215406258332,1.1058215406258332,0.6450625672848984,0.5529107726167114
769,0.8293661566212722,1.1058215406258332,1.1979733352940203,1.0136697459576463,0.5529107726167114,1.474428719298581,1.2901251299622072,0.9215179512894592,1.2901251299622072,1.2901251299622072,1.1058215406258332,0.36860718328033754
770,1.1058215406258332,0.6450625672848984,1.2901251299622072,1.0136697459576463,0.6450625672848984,1.1979733352940203,1.1979733352940203,0.5529107726167114,0.4607589779485245,1.1979733352940203,0.9215179512894592,1.0136697459576463
783,0.6450625672848984,1.1058215406258332,1.1058215406258332,1.0136697459576463,1.6587323086349548,0.6450625672848984,0.8293661566212722,0.7372143619530853,0.7372143619530853,1.9351876926395157,0.7372143619530853,0.9215179512894592
792,1.1058215406258332,0.9215179512894592,1.0136697459576463,0.9215179512894592,1.1058215406258332,1.1058215406258332,0.6450625672848984,1.474428719298581,1.382276924630394,0.9215179512894592,1.1979733352940203,0.7372143619530853
793,0.6450625672848984,0.5529107726167114,0.9215179512894592,1.1058215406258332,0.9215179512894592,1.1979733352940203,1.382276924630394,1.0136697459576463,1.2901251299622072,1.1979733352940203,0.8293661566212722,0.9215179512894592
794,0.8293661566212722,0.9215179512894592,1.1058215406258332,1.0136697459576463,1.0136697459576463,1.2901251299622072,1.474428719298581,0.6450625672848984,0.7372143619530853,1.2901251299622072,1.0136697459576463,1.1979733352940203
805,0.7372143619530853,0.5529107726167114,0.18430359394396365,0.5529107726167114,0.5529107726167114,0.5529107726167114,1.0136697459576463,0.7372143619530853,0.9215179512894592,0.5529107726167114,1.474428719298581,1.0136697459576463
808,1.1979733352940203,1.2901251299622072,0.6450625672848984,1.0136697459576463,1.1979733352940203,1.0136697459576463,0.6450625672848984,0.8293661566212722,0.8293661566212722,0.9215179512894592,1.474428719298581,1.1058215406258332
810,0.8293661566212722,4.607589733409347e-09,4.607589733409347e-09,0.7372143619530853,0.9215179512894592,0.4607589779485245,1.382276924630394,1.0136697459576463,1.0136697459576463,4.607589733409347e-09,1.750884103303142,0.09215179927577669
813,0.8293661566212722,1.0136697459576463,0.6450625672848984,0.7372143619530853,1.1979733352940203,1.1058215406258332,1.1058215406258332,0.6450625672848984,0.8293661566212722,1.0136697459576463,0.9215179512894592,0.9215179512894592
814,1.5665805139667681,0.7372143619530853,1.1979733352940203,0.8293661566212722,1.0136697459576463,1.1058215406258332,0.8293661566212722,0.9215179512894592,0.8293661566212722,0.8293661566212722,1.1058215406258332,1.5665805139667681
816,4.607589733409347e-09,0.09215179927577669,4.331134354012376,4.607589733409347e-09,4.607589733409347e-09,4.607589733409347e-09,4.607589733409347e-09,4.607589733409347e-09,0.09215179927577669,0.09215179927577669,4.607589733409347e-09,4.607589733409347e-09
819,0.6450625672848984,4.607589733409347e-09,1.1058215406258332,0.4607589779485245,0.18430359394396365,0.4607589779485245,0.8293661566212722,0.18430359394396365,0.18430359394396365,4.607589733409347e-09,1.9351876926395157,0.18430359394396365
820,1.2901251299622072,0.9215179512894592,1.1979733352940203,0.5529107726167114,1.474428719298581,0.8293661566212722,1.474428719298581,1.0136697459576463,1.382276924630394,0.7372143619530853,1.382276924630394,1.2901251299622072
826,1.474428719298581,0.8293661566212722,1.0136697459576463,1.382276924630394,0.8293661566212722,0.8293661566212722,0.6450625672848984,1.5665805139667681,1.2901251299622072,1.1058215406258332,1.1979733352940203,1.474428719298581
832,1.1979733352940203,1.1979733352940203,0.9215179512894592,1.2901251299622072,1.382276924630394,1.2901251299622072,1.0136697459576463,0.6450625672848984,1.1979733352940203,1.0136697459576463,0.9215179512894592,1.0136697459576463
837,1.382276924630394,0.9215179512894592,0.7372143619530853,1.2901251299622072,1.1058215406258332,1.1979733352940203,1.2901251299622072,0.8293661566212722,0.6450625672848984,0.6450625672848984,1.474428719298581,1.382276924630394
845,0.8293661566212722,0.6450625672848984,1.0136697459576463,1.1979733352940203,1.0136697459576463,0.6450625672848984,1.2901251299622072,0.4607589779485245,0.8293661566212722,0.4607589779485245,1.2901251299622072,0.6450625672848984
851,0.7372143619530853,1.1058215406258332,1.1979733352940203,1.382276924630394,1.5665805139667681,1.1058215406258332,1.0136697459576463,1.2901251299622072,0.7372143619530853,1.0136697459576463,1.1979733352940203,0.8293661566212722
853,1.2901251299622072,1.0136697459576463,0.9215179512894592,1.0136697459576463,0.8293661566212722,0.8293661566212722,1.0136697459576463,1.474428719298581,1.1979733352940203,1.1058215406258332,1.1058215406258332,0.8293661566212722
856,0.8293661566212722,1.1058215406258332,0.7372143619530853,0.8293661566212722,1.1058215406258332,0.36860718328033754,1.1979733352940203,1.1979733352940203,1.1058215406258332,1.1979733352940203,0.9215179512894592,0.5529107726167114
857,0.7372143619530853,2.2116430766440764,0.2764553886121506,0.2764553886121506,1.6587323086349548,1.1058215406258332,0.5529107726167114,0.18430359394396365,4.607589733409347e-09,0.18430359394396365,0.7372143619530853,0.18430359394396365
869,0.9215179512894592,1.1058215406258332,1.2901251299622072,1.1058215406258332,0.7372143619530853,1.0136697459576463,1.2901251299622072,0.4607589779485245,1.0136697459576463,0.5529107726167114,1.0136697459576463,1.2901251299622072
870,0.8293661566212722,0.8293661566212722,0.9215179512894592,1.382276924630394,0.8293661566212722,1.0136697459576463,0.9215179512894592,1.750884103303142,0.9215179512894592,1.382276924630394,0.9215179512894592,1.474428719298581
881,1.0136697459576463,1.0136697459576463,1.6587323086349548,1.382276924630394,0.9215179512894592,1.0136697459576463,0.8293661566212722,1.0136697459576463,1.2901251299622072,1.6587323086349548,0.7372143619530853,1.1979733352940203
895,1.474428719298581,1.382276924630394,1.2901251299622072,0.9215179512894592,1.1058215406258332,0.9215179512894592,1.1058215406258332,0.7372143619530853,0.8293661566212722,1.750884103303142,1.1979733352940203,1.2901251299622072
896,0.9215179512894592,0.9215179512894592,1.1058215406258332,0.36860718328033754,1.2901251299622072,0.4607589779485245,0.7372143619530853,0.8293661566212722,0.6450625672848984,0.5529107726167114,1.0136697459576463,0.9215179512894592
902,0.9215179512894592,1.0136697459576463,0.9215179512894592,0.36860718328033754,1.2901251299622072,0.9215179512894592,0.9215179512894592,0.8293661566212722,0.5529107726167114,1.474428719298581,1.1058215406258332,0.9215179512894592
906,1.2901251299622072,1.0136697459576463,1.5665805139667681,1.1058215406258332,0.7372143619530853,0.9215179512894592,1.382276924630394,1.474428719298581,1.1058215406258332,1.0136697459576463,0.6450625672848984,0.8293661566212722
907,0.9215179512894592,0.8293661566212722,0.9215179512894592,1.382276924630394,1.2901251299622072,0.9215179512894592,0.8293661566212722,1.0136697459576463,1.1979733352940203,0.9215179512894592,0.9215179512894592,0.8293661566212722
910,1.0136697459576463,0.9215179512894592,1.0136697459576463,0.6450625672848984,0.9215179512894592,1.382276924630394,1.1058215406258332,0.5529107726167114,1.474428719298581,0.7372143619530853,1.2901251299622072,0.7372143619530853
920,1.474428719298581,0.5529107726167114,0.8293661566212722,1.1979733352940203,1.750884103303142,0.9215179512894592,1.0136697459576463,1.474428719298581,0.8293661566212722,0.2764553886121506,1.1058215406258332,1.1058215406258332
930,1.1058215406258332,1.750884103303142,0.9215179512894592,0.6450625672848984,1.474428719298581,1.0136697459576463,1.1058215406258332,0.8293661566212722,1.1979733352940203,1.2901251299622072,1.2901251299622072,1.474428719298581
932,0.7372143619530853,0.7372143619530853,1.474428719298581,1.1979733352940203,0.9215179512894592,0.8293661566212722,0.9215179512894592,0.7372143619530853,0.9215179512894592,0.7372143619530853,0.8293661566212722,1.2901251299622072
933,0.9215179512894592,0.7372143619530853,4.607589733409347e-09,1.2901251299622072,2.303794871312263,0.36860718328033754,0.4607589779485245,0.9215179512894592,0.7372143619530853,2.2116430766440764,0.8293661566212722,0.2764553886121506
934,0.5529107726167114,0.9215179512894592,1.1058215406258332,1.382276924630394,0.8293661566212722,1.1058215406258332,1.1058215406258332,0.8293661566212722,1.0136697459576463,1.1058215406258332,1.1058215406258332,0.9215179512894592
937,1.474428719298581,1.1979733352940203,0.7372143619530853,0.8293661566212722,2.2116430766440764,1.2901251299622072,1.1979733352940203,1.1058215406258332,0.9215179512894592,1.1058215406258332,0.8293661566212722,0.8293661566212722
949,1.382276924630394,0.7372143619530853,0.9215179512894592,0.6450625672848984,1.5665805139667681,0.9215179512894592,1.2901251299622072,1.382276924630394,0.5529107726167114,1.1058215406258332,1.1058215406258332,0.5529107726167114
966,1.1979733352940203,1.0136697459576463,0.8293661566212722,1.0136697459576463,1.0136697459576463,0.7372143619530853,0.5529107726167114,0.4607589779485245,0.7372143619530853,0.4607589779485245,1.0136697459576463,1.2901251299622072
979,1.1058215406258332,1.750884103303142,1.382276924630394,1.1058215406258332,1.750884103303142,0.6450625672848984,1.1058215406258332,0.8293661566212722,1.474428719298581,1.750884103303142,1.0136697459576463,1.1058215406258332
980,0.7372143619530853,0.7372143619530853,0.7372143619530853,0.7372143619530853,0.8293661566212722,0.9215179512894592,1.1979733352940203,1.1058215406258332,0.7372143619530853,0.8293661566212722,1.1058215406258332,0.6450625672848984
981,0.7372143619530853,0.7372143619530853,0.9215179512894592,1.1058215406258332,0.7372143619530853,1.2901251299622072,1.1058215406258332,1.1058215406258332,1.0136697459576463,1.1058215406258332,0.9215179512894592,1.382276924630394
985,0.9215179512894592,0.9215179512894592,0.8293661566212722,1.1979733352940203,0.7372143619530853,1.1058215406258332,1.1979733352940203,1.1979733352940203,1.1058215406258332,1.0136697459576463,0.6450625672848984,1.5665805139667681
986,1.1058215406258332,1.0136697459576463,1.0136697459576463,0.7372143619530853,1.1058215406258332,1.0136697459576463,1.2901251299622072,0.8293661566212722,0.8293661566212722,1.1979733352940203,1.0136697459576463,1.1058215406258332
987,1.1058215406258332,1.1058215406258332,0.36860718328033754,0.4607589779485245,0.8293661566212722,1.1979733352940203,1.0136697459576463,1.474428719298581,1.0136697459576463,1.474428719298581,1.1058215406258332,0.9215179512894592
988,1.382276924630394,0.8293661566212722,0.5529107726167114,1.5665805139667681,1.0136697459576463,0.8293661566212722,0.8293661566212722,0.4607589779485245,0.9215179512894592,0.9215179512894592,1.1058215406258332,1.1979733352940203
989,0.8293661566212722,1.0136697459576463,1.0136697459576463,1.0136697459576463,0.5529107726167114,0.8293661566212722,1.382276924630394,1.0136697459576463,0.8293661566212722,1.2901251299622072,1.0136697459576463,0.6450625672848984
992,0.9215179512894592,1.1058215406258332,0.8293661566212722,0.9215179512894592,1.382276924630394,0.9215179512894592,1.1058215406258332,1.0136697459576463,1.1979733352940203,0.7372143619530853,1.1979733352940203,0.6450625672848984
993,1.0136697459576463,0.4607589779485245,1.750884103303142,0.8293661566212722,0.5529107726167114,0.7372143619530853,1.1058215406258332,0.7372143619530853,0.8293661566212722,0.8293661566212722,0.7372143619530853,0.8293661566212722
1002,0.2764553886121506,1.382276924630394,0.6450625672848984,0.36860718328033754,0.18430359394396365,3.133161023325946,0.2764553886121506,0.2764553886121506,0.2764553886121506,0.7372143619530853,0.18430359394396365,0.2764553886121506
1003,1.1979733352940203,0.6450625672848984,0.36860718328033754,0.9215179512894592,1.1058215406258332,0.8293661566212722,1.5665805139667681,1.1979733352940203,1.0136697459576463,0.7372143619530853,1.474428719298581,1.1979733352940203
1009,1.1058215406258332,1.0136697459576463,0.4607589779485245,0.8293661566212722,0.5529107726167114,0.7372143619530853,1.6587323086349548,1.2901251299622072,0.36860718328033754,1.474428719298581,1.1058215406258332,0.9215179512894592
1016,0.8293661566212722,0.8293661566212722,0.5529107726167114,1.382276924630394,0.8293661566212722,0.8293661566212722,0.6450625672848984,0.8293661566212722,0.7372143619530853,1.1979733352940203,0.7372143619530853,0.7372143619530853
1020,4.607589733409347e-09,0.7372143619530853,0.18430359394396365,1.1058215406258332,0.7372143619530853,0.18430359394396365,0.4607589779485245,0.4607589779485245,1.0136697459576463,4.607589733409347e-09,4.607589733409347e-09,4.607589733409347e-09
1022,1.382276924630394,0.7372143619530853,1.1058215406258332,0.8293661566212722,0.8293661566212722,0.9215179512894592,1.1058215406258332,1.750884103303142,1.1979733352940203,0.9215179512894592,1.0136697459576463,0.5529107726167114
1024,4.607589733409347e-09,4.607589733409347e-09,2.5802502553168245,4.607589733409347e-09,0.6450625672848984,0.36860718328033754,0.09215179927577669,4.607589733409347e-09,4.607589733409347e-09,4.607589733409347e-09,0.9215179512894592,4.607589733409347e-09
1025,1.0136697459576463,0.6450625672848984,0.7372143619530853,0.8293661566212722,1.6587323086349548,0.7372143619530853,1.1979733352940203,1.474428719298581,0.9215179512894592,0.4607589779485245,1.5665805139667681,1.1979733352940203
1030,0.8293661566212722,0.7372143619530853,1.1979733352940203,1.0136697459576463,1.2901251299622072,0.9215179512894592,1.382276924630394,1.0136697459576463,1.1058215406258332,1.0136697459576463,0.6450625672848984,1.474428719298581
1032,1.0136697459576463,1.1058215406258332,0.7372143619530853,1.2901251299622072,1.0136697459576463,0.5529107726167114,0.8293661566212722,1.1058215406258332,1.1979733352940203,0.9215179512894592,0.4607589779485245,0.7372143619530853
1035,0.8293661566212722,0.6450625672848984,1.9351876926395157,1.1979733352940203,1.1058215406258332,0.36860718328033754,1.1058215406258332,0.5529107726167114,0.4607589779485245,0.8293661566212722,0.9215179512894592,0.8293661566212722
1036,1.1058215406258332,1.5665805139667681,1.1058215406258332,1.474428719298581,1.474428719298581,1.1979733352940203,0.8293661566212722,0.6450625672848984,1.0136697459576463,1.5665805139667681,1.0136697459576463,1.2901251299622072
1039,1.1979733352940203,1.1058215406258332,0.8293661566212722,1.382276924630394,1.1058215406258332,0.9215179512894592,0.8293661566212722,1.1979733352940203,0.8293661566212722,1.2901251299622072,1.474428719298581,1.1979733352940203
1040,0.9215179512894592,1.750884103303142,0.8293661566212722,0.9215179512894592,0.8293661566212722,1.0136697459576463,0.8293661566212722,0.4607589779485245,1.0136697459576463,1.2901251299622072,1.1058215406258332,0.9215179512894592
1042,1.2901251299622072,1.1979733352940203,0.6450625672848984,0.8293661566212722,0.36860718328033754,1.1979733352940203,1.1058215406258332,1.1058215406258332,0.8293661566212722,0.5529107726167114,1.0136697459576463,1.382276924630394
1052,0.7372143619530853,0.9215179512894592,1.1979733352940203,0.8293661566212722,1.0136697459576463,0.6450625672848984,1.1979733352940203,1.1979733352940203,1.0136697459576463,1.1979733352940203,0.8293661566212722,0.8293661566212722
1055,1.474428719298581,0.8293661566212722,0.4607589779485245,1.1058215406258332,1.1979733352940203,1.474428719298581,0.5529107726167114,1.750884103303142,0.8293661566212722,0.7372143619530853,0.9215179512894592,1.1979733352940203
1057,0.4607589779485245,0.6450625672848984,1.0136697459576463,0.7372143619530853,0.7372143619530853,1.0136697459576463,0.8293661566212722,0.6450625672848984,0.8293661566212722,0.9215179512894592,0.8293661566212722,0.6450625672848984
1059,0.8293661566212722,2.2116430766440764,1.5665805139667681,0.5529107726167114,2.303794871312263,2.2116430766440764,1.1058215406258332,1.382276924630394,0.5529107726167114,2.1194912819758898,1.0136697459576463,1.474428719298581
1060,0.9215179512894592,1.1058215406258332,0.6450625672848984,1.0136697459576463,1.0136697459576463,0.6450625672848984,0.6450625672848984,0.8293661566212722,0.7372143619530853,0.7372143619530853,1.2901251299622072,1.1979733352940203
1066,1.0136697459576463,0.6450625672848984,1.0136697459576463,1.6587323086349548,1.1979733352940203,1.0136697459576463,1.2901251299622072,1.382276924630394,0.9215179512894592,0.6450625672848984,0.6450625672848984,0.6450625672848984
1070,0.6450625672848984,0.6450625672848984,1.1058215406258332,1.0136697459576463,0.5529107726167114,1.0136697459576463,0.9215179512894592,0.8293661566212722,1.1979733352940203,0.6450625672848984,1.1058215406258332,1.1058215406258332
1072,0.2764553886121506,1.1979733352940203,0.9215179512894592,1.1058215406258332,0.5529107726167114,1.1979733352940203,1.1979733352940203,0.8293661566212722,1.474428719298581,0.9215179512894592,1.1058215406258332,1.1058215406258332
1076,0.8293661566212722,0.9215179512894592,1.1058215406258332,1.1058215406258332,0.9215179512894592,1.1979733352940203,0.5529107726167114,0.6450625672848984,0.9215179512894592,1.474428719298581,1.1979733352940203,0.8293661566212722
1081,0.8293661566212722,0.9215179512894592,1.474428719298581,0.5529107726167114,1.0136697459576463,1.1058215406258332,1.1979733352940203,0.36860718328033754,0.9215179512894592,0.9215179512894592,1.382276924630394,1.1058215406258332
1082,0.6450625672848984,1.9351876926395157,1.382276924630394,0.6450625672848984,1.843035897971329,0.9215179512894592,1.474428719298581,1.1058215406258332,1.0136697459576463,1.382276924630394,1.0136697459576463,1.1979733352940203
1092,0.9215179512894592,1.1058215406258332,0.9215179512894592,0.9215179512894592,1.382276924630394,1.1979733352940203,0.6450625672848984,0.5529107726167114,1.1979733352940203,0.6450625672848984,0.7372143619530853,1.382276924630394
1099,0.9215179512894592,1.2901251299622072,0.9215179512894592,0.9215179512894592,1.0136697459576463,1.2901251299622072,1.382276924630394,1.0136697459576463,1.1058215406258332,1.5665805139667681,0.9215179512894592,0.5529107726167114
1104,0.8293661566212722,1.750884103303142,0.36860718328033754,0.7372143619530853,0.6450625672848984,1.0136697459576463,0.4607589779485245,0.9215179512894592,0.36860718328033754,1.2901251299622072,1.6587323086349548,0.5529107726167114
1106,1.5665805139667681,0.9215179512894592,1.382276924630394,0.8293661566212722,0.5529107726167114,0.9215179512894592,1.1058215406258332,1.2901251299622072,1.0136697459576463,0.6450625672848984,0.9215179512894592,1.1979733352940203
1108,0.7372143619530853,1.0136697459576463,0.8293661566212722,1.2901251299622072,1.0136697459576463,0.8293661566212722,0.9215179512894592,0.6450625672848984,0.7372143619530853,1.1979733352940203,0.9215179512894592,0.8293661566212722
1113,1.1979733352940203,0.6450625672848984,1.1979733352940203,1.1058215406258332,0.6450625672848984,0.7372143619530853,0.9215179512894592,1.474428719298581,1.1979733352940203,0.36860718328033754,0.9215179512894592,0.7372143619530853
1123,0.8293661566212722,1.2901251299622072,0.8293661566212722,1.1979733352940203,0.6450625672848984,1.1979733352940203,0.6450625672848984,0.9215179512894592,0.8293661566212722,0.9215179512894592,0.9215179512894592,0.9215179512894592
1124,1.0136697459576463,1.6587323086349548,0.7372143619530853,0.6450625672848984,1.382276924630394,1.1979733352940203,1.1979733352940203,0.8293661566212722,0.6450625672848984,1.1058215406258332,1.1979733352940203,1.0136697459576463
1126,0.7372143619530853,1.5665805139667681,1.382276924630394,0.9215179512894592,1.1979733352940203,0.8293661566212722,1.1058215406258332,1.2901251299622072,1.1979733352940203,1.6587323086349548,0.8293661566212722,0.7372143619530853
1135,0.7372143619530853,0.18430359394396365,0.5529107726167114,0.9215179512894592,4.607589733409347e-09,0.18430359394396365,0.8293661566212722,1.1979733352940203,1.0136697459576463,1.1979733352940203,0.9215179512894592,0.6450625672848984
1138,4.607589733409347e-09,2.0273394873077026,4.607589733409347e-09,0.09215179927577669,0.09215179927577669,2.856705639321385,4.607589733409347e-09,4.607589733409347e-09,0.09215179927577669,4.607589733409347e-09,0.09215179927577669,4.607589733409347e-09
1140,1.2901251299622072,1.1979733352940203,1.1058215406258332,1.1058215406258332,1.6587323086349548,0.4607589779485245,0.6450625672848984,0.7372143619530853,1.0136697459576463,1.0136697459576463,1.0136697459576463,1.1058215406258332
1143,1.2901251299622072,1.1979733352940203,1.0136697459576463,1.382276924630394,1.2901251299622072,1.2901251299622072,1.0136697459576463,1.1058215406258332,1.2901251299622072,0.6450625672848984,1.1058215406258332,1.1058215406258332
1148,1.0136697459576463,0.5529107726167114,0.36860718328033754,0.8293661566212722,0.6450625672848984,1.0136697459576463,1.474428719298581,0.7372143619530853,1.1058215406258332,0.9215179512894592,1.5665805139667681,1.2901251299622072
1164,1.1058215406258332,1.382276924630394,1.0136697459576463,0.8293661566212722,1.0136697459576463,1.750884103303142,1.1979733352940203,1.0136697459576463,1.0136697459576463,1.474428719298581,1.0136697459576463,0.8293661566212722
1172,1.1058215406258332,1.474428719298581,0.7372143619530853,1.1058215406258332,0.8293661566212722,1.474428719298581,0.8293661566212722,0.8293661566212722,1.1979733352940203,1.1979733352940203,1.1058215406258332,1.1979733352940203
1177,0.7372143619530853,1.1979733352940203,0.18430359394396365,0.9215179512894592,0.4607589779485245,0.4607589779485245,0.6450625672848984,0.2764553886121506,0.9215179512894592,1.2901251299622072,1.5665805139667681,0.8293661566212722
1179,1.0136697459576463,1.1058215406258332,0.5529107726167114,0.8293661566212722,1.1979733352940203,0.8293661566212722,1.0136697459576463,1.1058215406258332,0.9215179512894592,0.5529107726167114,1.0136697459576463,0.6450625672848984
1180,0.6450625672848984,0.5529107726167114,0.18430359394396365,0.8293661566212722,1.6587323086349548,0.9215179512894592,0.8293661566212722,0.36860718328033754,0.7372143619530853,1.0136697459576463,1.2901251299622072,1.1058215406258332
1182,1.5665805139667681,1.2901251299622072,1.1979733352940203,0.7372143619530853,0.9215179512894592,1.1979733352940203,1.1979733352940203,1.1058215406258332,1.474428719298581,1.474428719298581,0.4607589779485245,1.1979733352940203
1185,1.2901251299622072,1.1058215406258332,1.1058215406258332,1.0136697459576463,0.7372143619530853,1.1058215406258332,0.9215179512894592,1.1058215406258332,1.1979733352940203,0.8293661566212722,1.1058215406258332,1.1979733352940203
1187,0.9215179512894592,1.474428719298581,0.8293661566212722,1.0136697459576463,1.474428719298581,1.2901251299622072,0.8293661566212722,0.7372143619530853,0.8293661566212722,1.0136697459576463,0.9215179512894592,1.843035897971329
1188,0.8293661566212722,0.7372143619530853,0.6450625672848984,1.474428719298581,1.2901251299622072,1.1058215406258332,0.9215179512894592,1.2901251299622072,1.1979733352940203,0.7372143619530853,0.7372143619530853,1.0136697459576463
1189,4.607589733409347e-09,4.607589733409347e-09,0.5529107726167114,4.607589733409347e-09,4.607589733409347e-09,0.09215179927577669,0.09215179927577669,4.607589733409347e-09,0.18430359394396365,3.3174646126623197,0.36860718328033754,0.2764553886121506
1196,1.1058215406258332,0.6450625672848984,0.7372143619530853,1.1058215406258332,0.5529107726167114,0.9215179512894592,1.5665805139667681,0.5529107726167114,1.0136697459576463,1.2901251299622072,1.1058215406258332,0.6450625672848984
1201,1.1058215406258332,0.7372143619530853,0.9215179512894592,1.9351876926395157,1.843035897971329,0.9215179512894592,1.2901251299622072,1.0136697459576463,1.0136697459576463,1.0136697459576463,0.9215179512894592,1.1058215406258332
1203,1.1979733352940203,0.2764553886121506,0.7372143619530853,0.6450625672848984,0.9215179512894592,0.7372143619530853,1.0136697459576463,1.1979733352940203,0.8293661566212722,0.8293661566212722,1.382276924630394,0.7372143619530853
1205,0.36860718328033754,4.607589733409347e-09,0.36860718328033754,0.5529107726167114,4.607589733409347e-09,0.36860718328033754,0.5529107726167114,0.4607589779485245,0.7372143619530853,0.9215179512894592,1.750884103303142,0.8293661566212722
1206,0.7372143619530853,0.7372143619530853,1.2901251299622072,1.382276924630394,0.8293661566212722,1.2901251299622072,0.9215179512894592,0.5529107726167114,1.0136697459576463,0.2764553886121506,0.7372143619530853,0.8293661566212722
1209,1.0136697459576463,1.382276924630394,1.0136697459576463,1.0136697459576463,0.5529107726167114,1.0136697459576463,1.2901251299622072,0.8293661566212722,1.1979733352940203,1.382276924630394,1.1979733352940203,1.474428719298581
1218,1.474428719298581,0.5529107726167114,1.1058215406258332,0.9215179512894592,1.382276924630394,1.382276924630394,1.1058215406258332,0.6450625672848984,1.750884103303142,0.4607589779485245,0.7372143619530853,0.5529107726167114
1234,0.5529107726167114,1.474428719298581,0.4607589779485245,0.9215179512894592,1.0136697459576463,1.0136697459576463,0.9215179512894592,0.8293661566212722,0.6450625672848984,0.7372143619530853,1.474428719298581,0.8293661566212722
1244,1.0136697459576463,1.382276924630394,1.0136697459576463,1.382276924630394,1.1979733352940203,1.5665805139667681,0.7372143619530853,1.1058215406258332,1.1979733352940203,1.1058215406258332,0.8293661566212722,0.5529107726167114
1248,0.6450625672848984,0.18430359394396365,4.607589733409347e-09,0.2764553886121506,3.3174646126623197,0.5529107726167114,0.5529107726167114,0.8293661566212722,0.2764553886121506,0.2764553886121506,0.4607589779485245,0.5529107726167114
1250,1.0136697459576463,1.0136697459576463,0.6450625672848984,0.8293661566212722,0.9215179512894592,1.2901251299622072,0.8293661566212722,0.7372143619530853,1.1058215406258332,1.0136697459576463,0.9215179512894592,1.750884103303142
1254,0.9215179512894592,1.1979733352940203,1.0136697459576463,1.0136697459576463,1.474428719298581,0.6450625672848984,1.2901251299622072,1.750884103303142,1.0136697459576463,1.5665805139667681,1.0136697459576463,0.9215179512894592
1258,0.9215179512894592,0.9215179512894592,0.7372143619530853,1.382276924630394,1.0136697459576463,1.1979733352940203,0.7372143619530853,1.0136697459576463,1.1979733352940203,0.9215179512894592,0.8293661566212722,0.9215179512894592
1265,1.0136697459576463,1.2901251299622072,0.8293661566212722,0.8293661566212722,1.382276924630394,1.1979733352940203,0.9215179512894592,0.9215179512894592,1.843035897971329,1.1058215406258332,1.1979733352940203,1.0136697459576463
1271,1.1979733352940203,1.2901251299622072,0.7372143619530853,1.5665805139667681,1.1979733352940203,1.5665805139667681,1.2901251299622072,0.5529107726167114,0.6450625672848984,0.8293661566212722,1.382276924630394,1.1058215406258332
1274,0.7372143619530853,1.0136697459576463,0.9215179512894592,1.2901251299622072,0.7372143619530853,1.1979733352940203,1.382276924630394,0.9215179512894592,0.6450625672848984,0.8293661566212722,1.6587323086349548,1.474428719298581
1283,1.2901251299622072,0.8293661566212722,0.7372143619530853,0.7372143619530853,1.0136697459576463,0.5529107726167114,0.36860718328033754,1.5665805139667681,0.7372143619530853,0.5529107726167114,1.2901251299622072,0.6450625672848984
1288,1.1058215406258332,1.2901251299622072,1.1058215406258332,0.7372143619530853,0.9215179512894592,1.0136697459576463,0.8293661566212722,0.9215179512894592,1.1058215406258332,1.1058215406258332,1.2901251299622072,1.2901251299622072
1295,0.5529107726167114,2.303794871312263,0.18430359394396365,1.1979733352940203,4.607589733409347e-09,0.18430359394396365,0.4607589779485245,1.1979733352940203,1.1058215406258332,1.9351876926395157,0.09215179927577669,0.18430359394396365
1303,0.8293661566212722,0.8293661566212722,1.1058215406258332,1.2901251299622072,1.2901251299622072,0.9215179512894592,0.5529107726167114,0.6450625672848984,1.6587323086349548,1.1058215406258332,0.6450625672848984,1.1979733352940203
1305,1.1058215406258332,0.9215179512894592,1.382276924630394,0.7372143619530853,1.1058215406258332,1.474428719298581,1.0136697459576463,0.7372143619530853,0.9215179512894592,1.2901251299622072,1.382276924630394,0.9215179512894592
1308,1.1979733352940203,1.1058215406258332,0.8293661566212722,1.474428719298581,1.1979733352940203,1.0136697459576463,0.8293661566212722,0.9215179512894592,1.1058215406258332,1.1058215406258332,1.0136697459576463,1.1058215406258332
1312,0.6450625672848984,1.843035897971329,0.36860718328033754,0.9215179512894592,0.9215179512894592,1.6587323086349548,1.474428719298581,1.1058215406258332,1.6587323086349548,1.843035897971329,1.1058215406258332,1.6587323086349548
1314,1.2901251299622072,1.5665805139667681,1.474428719298581,1.1979733352940203,0.6450625672848984,1.1058215406258332,0.4607589779485245,1.0136697459576463,0.7372143619530853,1.474428719298581,0.9215179512894592,1.1979733352940203
1315,1.1058215406258332,1.0136697459576463,0.6450625672848984,1.1058215406258332,0.5529107726167114,0.9215179512894592,1.1058215406258332,1.1979733352940203,1.0136697459576463,0.9215179512894592,0.6450625672848984,1.1058215406258332
1324,0.6450625672848984,1.1058215406258332,0.9215179512894592,1.1979733352940203,0.4607589779485245,0.9215179512894592,1.1058215406258332,1.1058215406258332,0.9215179512894592,1.2901251299622072,1.2901251299622072,1.6587323086349548
1326,1.0136697459576463,0.6450625672848984,0.5529107726167114,1.474428719298581,1.5665805139667681,1.0136697459576463,1.2901251299622072,1.1058215406258332,1.0136697459576463,0.7372143619530853,0.7372143619530853,0.7372143619530853
1329,0.36860718328033754,4.607589733409347e-09,4.607589733409347e-09,0.36860718328033754,0.18430359394396365,4.607589733409347e-09,0.5529107726167114,0.18430359394396365,0.18430359394396365,4.607589733409347e-09,3.3174646126623197,1.474428719298581
1334,1.2901251299622072,1.1058215406258332,0.36860718328033754,1.750884103303142,1.843035897971329,1.9351876926395157,1.0136697459576463,1.1979733352940203,1.474428719298581,1.1979733352940203,1.5665805139667681,1.382276924630394
1338,0.8293661566212722,0.5529107726167114,0.18430359394396365,0.6450625672848984,1.0136697459576463,1.1058215406258332,1.1058215406258332,1.1058215406258332,1.0136697459576463,1.2901251299622072,1.1979733352940203,1.1979733352940203
1341,1.382276924630394,1.2901251299622072,1.382276924630394,0.6450625672848984,1.1979733352940203,0.8293661566212722,0.7372143619530853,0.9215179512894592,1.1058215406258332,1.474428719298581,1.0136697459576463,0.36860718328033754
1345,0.8293661566212722,1.2901251299622072,1.1058215406258332,1.1979733352940203,0.8293661566212722,0.4607589779485245,1.2901251299622072,1.1058215406258332,1.0136697459576463,0.8293661566212722,0.9215179512894592,1.474428719298581
1347,0.9215179512894592,1.1979733352940203,0.7372143619530853,0.6450625672848984,1.1979733352940203,0.7372143619530853,1.0136697459576463,1.2901251299622072,0.8293661566212722,1.1979733352940203,1.2901251299622072,0.6450625672848984
1349,1.1058215406258332,1.0136697459576463,1.5665805139667681,0.8293661566212722,0.9215179512894592,0.8293661566212722,1.1979733352940203,0.6450625672848984,0.8293661566212722,0.4607589779485245,0.7372143619530853,0.5529107726167114
1353,0.6450625672848984,0.8293661566212722,0.4607589779485245,1.1058215406258332,1.0136697459576463,1.382276924630394,1.1058215406258332,0.6450625672848984,0.5529107726167114,1.382276924630394,1.0136697459576463,1.382276924630394
1354,4.607589733409347e-09,4.607589733409347e-09,4.607589733409347e-09,4.607589733409347e-09,0.5529107726167114,4.607589733409347e-09,4.607589733409347e-09,4.607589733409347e-09,4.607589733409347e-09,4.607589733409347e-09,4.054678970007815,4.607589733409347e-09
1360,1.474428719298581,1.5665805139667681,1.1979733352940203,1.1979733352940203,0.8293661566212722,1.0136697459576463,1.1058215406258332,0.8293661566212722,1.382276924630394,0.8293661566212722,0.8293661566212722,0.5529107726167114
1374,1.1058215406258332,1.1979733352940203,0.7372143619530853,1.1979733352940203,1.474428719298581,1.1058215406258332,0.7372143619530853,1.2901251299622072,0.8293661566212722,1.1058215406258332,1.0136697459576463,1.2901251299622072
1377,1.1058215406258332,0.4607589779485245,1.474428719298581,1.1058215406258332,1.2901251299622072,0.8293661566212722,0.4607589779485245,0.8293661566212722,0.5529107726167114,0.5529107726167114,0.7372143619530853,0.8293661566212722
1382,1.2901251299622072,0.8293661566212722,1.1058215406258332,1.2901251299622072,0.7372143619530853,0.9215179512894592,1.382276924630394,1.1979733352940203,1.0136697459576463,0.8293661566212722,1.0136697459576463,0.9215179512894592
1388,1.1979733352940203,4.607589733409347e-09,1.0136697459576463,0.9215179512894592,0.18430359394396365,1.750884103303142,1.1058215406258332,0.7372143619530853,0.8293661566212722,4.607589733409347e-09,1.1058215406258332,1.2901251299622072
1392,1.1058215406258332,1.1979733352940203,1.1058215406258332,1.0136697459576463,0.7372143619530853,1.1979733352940203,1.0136697459576463,1.2901251299622072,1.1979733352940203,1.2901251299622072,1.1058215406258332,0.5529107726167114
1398,1.2901251299622072,0.9215179512894592,0.5529107726167114,1.1979733352940203,1.382276924630394,0.4607589779485245,1.1058215406258332,1.474428719298581,0.6450625672848984,0.36860718328033754,0.4607589779485245,0.8293661566212722
1399,1.474428719298581,0.7372143619530853,0.8293661566212722,1.2901251299622072,0.6450625672848984,1.2901251299622072,1.1979733352940203,1.382276924630394,0.9215179512894592,1.0136697459576463,1.382276924630394,0.9215179512894592
1404,1.1058215406258332,1.382276924630394,0.4607589779485245,0.6450625672848984,0.8293661566212722,0.36860718328033754,0.6450625672848984,0.6450625672848984,0.8293661566212722,1.1979733352940203,0.4607589779485245,0.7372143619530853
1406,0.19198291016631253,4.607589733409347e-09,1.3438803435186497,0.19198291016631253,0.19198291016631253,4.607589733409347e-09,0.9599145324012038,0.767931626842481,0.5759487212837582,1.919829060194818,0.19198291016631253,1.5358632490773723
1408,0.7372143619530853,1.2901251299622072,0.5529107726167114,0.8293661566212722,1.1979733352940203,0.6450625672848984,0.7372143619530853,0.8293661566212722,0.9215179512894592,1.382276924630394,1.750884103303142,1.2901251299622072
1412,0.5529107726167114,1.2901251299622072,0.5529107726167114,1.1058215406258332,0.7372143619530853,0.7372143619530853,1.0136697459576463,1.1979733352940203,1.1058215406258332,0.7372143619530853,0.9215179512894592,0.9215179512894592
1423,1.0136697459576463,1.0136697459576463,1.2901251299622072,1.474428719298581,0.7372143619530853,1.1058215406258332,1.750884103303142,1.1058215406258332,0.6450625672848984,1.382276924630394,0.9215179512894592,1.1058215406258332
1430,1.2901251299622072,0.8293661566212722,1.5665805139667681,0.8293661566212722,1.0136697459576463,0.7372143619530853,0.8293661566212722,0.7372143619530853,1.474428719298581,1.0136697459576463,1.5665805139667681,0.8293661566212722
1441,0.8293661566212722,2.3959466659804503,0.36860718328033754,0.6450625672848984,0.6450625672848984,1.2901251299622072,0.6450625672848984,0.7372143619530853,0.9215179512894592,0.18430359394396365,1.0136697459576463,1.1979733352940203
1442,1.474428719298581,0.7372143619530853,1.6587323086349548,0.8293661566212722,0.8293661566212722,1.1058215406258332,0.8293661566212722,0.9215179512894592,1.1058215406258332,0.7372143619530853,1.1058215406258332,1.0136697459576463
1444,0.7372143619530853,0.6450625672848984,1.0136697459576463,0.4607589779485245,1.1058215406258332,0.6450625672848984,1.0136697459576463,1.0136697459576463,0.9215179512894592,0.7372143619530853,1.1979733352940203,1.1058215406258332
1447,1.382276924630394,1.1979733352940203,1.382276924630394,1.0136697459576463,1.382276924630394,1.1979733352940203,0.8293661566212722,1.0136697459576463,0.5529107726167114,0.8293661566212722,0.8293661566212722,1.382276924630394
1448,0.7372143619530853,1.0136697459576463,0.8293661566212722,1.1979733352940203,0.7372143619530853,1.382276924630394,0.9215179512894592,1.1979733352940203,0.6450625672848984,0.8293661566212722,1.1058215406258332,0.5529107726167114
1451,0.8293661566212722,1.382276924630394,0.4607589779485245,0.9215179512894592,0.9215179512894592,1.0136697459576463,1.474428719298581,1.382276924630394,1.1058215406258332,0.9215179512894592,1.0136697459576463,0.9215179512894592
1454,0.09215179927577669,0.9215179512894592,0.5529107726167114,0.18430359394396365,0.4607589779485245,0.18430359394396365,0.6450625672848984,0.09215179927577669,0.7372143619530853,0.09215179927577669,0.2764553886121506,1.6587323086349548
1455,1.1979733352940203,0.5529107726167114,1.2901251299622072,0.6450625672848984,0.9215179512894592,1.0136697459576463,1.2901251299622072,0.9215179512894592,1.0136697459576463,0.9215179512894592,1.0136697459576463,0.6450625672848984
1456,1.382276924630394,2.6724020499850107,1.9351876926395157,1.2901251299622072,0.36860718328033754,1.750884103303142,1.1979733352940203,1.1058215406258332,0.9215179512894592,2.5802502553168245,0.5529107726167114,1.750884103303142
1458,0.8293661566212722,0.9215179512894592,1.474428719298581,0.6450625672848984,0.7372143619530853,0.7372143619530853,0.6450625672848984,1.1058215406258332,1.0136697459576463,1.1979733352940203,1.1058215406258332,1.2901251299622072
1459,1.1058215406258332,1.0136697459576463,0.7372143619530853,1.474428719298581,1.382276924630394,1.382276924630394,1.2901251299622072,1.1058215406258332,0.9215179512894592,0.5529107726167114,1.474428719298581,1.2901251299622072
1476,0.5529107726167114,0.36860718328033754,0.5529107726167114,0.8293661566212722,0.5529107726167114,0.8293661566212722,0.9215179512894592,0.4607589779485245,0.6450625672848984,0.4607589779485245,2.3959466659804503,0.5529107726167114
1478,1.5665805139667681,0.9215179512894592,0.7372143619530853,1.2901251299622072,1.750884103303142,0.8293661566212722,1.474428719298581,0.8293661566212722,1.382276924630394,0.9215179512894592,1.382276924630394,1.5665805139667681
1487,1.0136697459576463,1.1058215406258332,1.2901251299622072,0.9215179512894592,1.0136697459576463,1.750884103303142,1.2901251299622072,1.6587323086349548,1.1058215406258332,0.8293661566212722,1.1058215406258332,1.382276924630394
1490,0.9215179512894592,1.1058215406258332,1.474428719298581,1.1058215406258332,0.8293661566212722,1.1058215406258332,0.9215179512894592,1.0136697459576463,0.5529107726167114,0.9215179512894592,1.0136697459576463,0.8293661566212722
1494,0.5529107726167114,0.5529107726167114,1.5665805139667681,1.0136697459576463,1.1979733352940203,0.5529107726167114,0.5529107726167114,0.6450625672848984,0.7372143619530853,1.0136697459576463,1.1058215406258332,0.9215179512894592
1496,0.8293661566212722,0.5529107726167114,1.382276924630394,0.7372143619530853,0.5529107726167114,0.8293661566212722,1.1979733352940203,0.5529107726167114,1.2901251299622072,1.1058215406258332,1.2901251299622072,0.8293661566212722
1498,0.8293661566212722,1.1979733352940203,1.2901251299622072,0.7372143619530853,0.5529107726167114,1.0136697459576463,1.474428719298581,0.7372143619530853,1.1058215406258332,1.0136697459576463,0.9215179512894592,1.1058215406258332
1499,1.2901251299622072,0.9215179512894592,0.5529107726167114,0.8293661566212722,1.1058215406258332,2.1194912819758898,1.5665805139667681,0.9215179512894592,0.9215179512894592,0.7372143619530853,1.0136697459576463,1.474428719298581
1503,1.2901251299622072,0.8293661566212722,1.1979733352940203,0.9215179512894592,1.6587323086349548,0.9215179512894592,1.1979733352940203,0.6450625672848984,1.6587323086349548,0.7372143619530853,1.1058215406258332,0.6450625672848984
1504,1.1979733352940203,1.0136697459576463,0.5529107726167114,1.1058215406258332,0.8293661566212722,1.0136697459576463,1.1979733352940203,0.7372143619530853,0.8293661566212722,1.474428719298581,1.1979733352940203,0.5529107726167114
1507,1.1979733352940203,1.474428719298581,0.6450625672848984,1.1979733352940203,1.0136697459576463,1.382276924630394,1.0136697459576463,0.8293661566212722,1.0136697459576463,1.0136697459576463,1.2901251299622072,0.9215179512894592
1516,1.1058215406258332,1.382276924630394,0.9215179512894592,1.0136697459576463,0.8293661566212722,0.5529107726167114,0.5529107726167114,0.8293661566212722,1.1058215406258332,0.7372143619530853,0.5529107726167114,1.9351876926395157
1529,0.9215179512894592,0.9215179512894592,1.1058215406258332,1.382276924630394,0.7372143619530853,0.5529107726167114,0.5529107726167114,0.7372143619530853,1.1058215406258332,1.1979733352940203,0.6450625672848984,1.0136697459576463
1548,0.6450625672848984,1.1979733352940203,1.0136697459576463,0.7372143619530853,0.9215179512894592,1.1979733352940203,0.8293661566212722,0.9215179512894592,1.0136697459576463,1.2901251299622072,1.2901251299622072,1.1058215406258332
1550,1.1979733352940203,0.8293661566212722,1.2901251299622072,0.8293661566212722,1.1979733352940203,0.9215179512894592,1.0136697459576463,0.5529107726167114,1.0136697459576463,1.2901251299622072,1.5665805139667681,1.382276924630394
1552,0.7372143619530853,0.7372143619530853,1.474428719298581,0.7372143619530853,0.4607589779485245,0.7372143619530853,0.7372143619530853,1.0136697459576463,0.6450625672848984,0.4607589779485245,1.1979733352940203,1.0136697459576463
1556,0.18430359394396365,4.607589733409347e-09,4.607589733409347e-09,0.4607589779485245,0.09215179927577669,4.607589733409347e-09,0.9215179512894592,0.2764553886121506,4.607589733409347e-09,4.607589733409347e-09,1.5665805139667681,2.6724020499850107
1557,0.09215179927577669,4.607589733409347e-09,0.2764553886121506,0.18430359394396365,1.9351876926395157,0.2764553886121506,0.2764553886121506,0.09215179927577669,0.09215179927577669,4.607589733409347e-09,1.474428719298581,0.8293661566212722
1558,1.1058215406258332,1.1058215406258332,0.6450625672848984,1.1058215406258332,1.1058215406258332,0.5529107726167114,1.1979733352940203,1.1058215406258332,1.2901251299622072,1.1058215406258332,1.1058215406258332,1.1058215406258332
1564,0.7372143619530853,1.382276924630394,0.8293661566212722,1.2901251299622072,1.382276924630394,0.7372143619530853,0.5529107726167114,1.0136697459576463,0.9215179512894592,1.1979733352940203,1.0136697459576463,1.1058215406258332
1565,0.36860718328033754,4.607589733409347e-09,0.09215179927577669,0.18430359394396365,3.5939199966668807,1.0136697459576463,0.5529107726167114,0.6450625672848984,0.18430359394396365,4.607589733409347e-09,0.9215179512894592,0.4607589779485245
1566,0.4607589779485245,0.8293661566212722,1.1979733352940203,1.474428719298581,1.1979733352940203,0.7372143619530853,1.382276924630394,1.1979733352940203,0.8293661566212722,1.2901251299622072,1.0136697459576463,0.9215179512894592
1574,1.2901251299622072,0.8293661566212722,1.1058215406258332,1.1058215406258332,1.0136697459576463,0.6450625672848984,0.5529107726167114,1.0136697459576463,1.1058215406258332,0.7372143619530853,1.5665805139667681,1.1058215406258332
1575,4.607589733409347e-09,4.607589733409347e-09,0.6450625672848984,0.09215179927577669,0.09215179927577669,4.607589733409347e-09,0.8293661566212722,4.607589733409347e-09,0.09215179927577669,4.607589733409347e-09,3.133161023325946,4.607589733409347e-09
1577,0.8293661566212722,0.6450625672848984,1.1979733352940203,1.1979733352940203,1.0136697459576463,0.8293661566212722,0.9215179512894592,1.474428719298581,0.9215179512894592,0.9215179512894592,0.6450625672848984,1.2901251299622072
1579,1.1979733352940203,0.9215179512894592,0.9215179512894592,0.9215179512894592,1.843035897971329,0.9215179512894592,1.2901251299622072,1.1058215406258332,0.6450625672848984,0.7372143619530853,1.2901251299622072,0.8293661566212722
1583,0.8293661566212722,1.0136697459576463,0.4607589779485245,0.9215179512894592,1.0136697459576463,1.2901251299622072,0.7372143619530853,1.474428719298581,0.9215179512894592,0.9215179512894592,1.1979733352940203,0.4607589779485245
1585,4.607589733409347e-09,3.409616407330507,4.607589733409347e-09,0.09215179927577669,0.09215179927577669,1.6587323086349548,4.607589733409347e-09,0.18430359394396365,0.18430359394396365,4.607589733409347e-09,4.607589733409347e-09,4.607589733409347e-09
1594,1.1979733352940203,0.4607589779485245,0.36860718328033754,0.2764553886121506,3.5017682019986935,0.7372143619530853,0.6450625672848984,1.474428719298581,1.750884103303142,1.1058215406258332,1.1979733352940203,1.0136697459576463
1597,1.1058215406258332,0.7372143619530853,1.1979733352940203,0.8293661566212722,0.8293661566212722,0.9215179512894592,0.8293661566212722,0.6450625672848984,0.5529107726167114,1.1979733352940203,0.8293661566212722,0.6450625672848984
1600,1.1979733352940203,0.9215179512894592,1.2901251299622072,1.0136697459576463,1.0136697459576463,1.0136697459576463,1.382276924630394,1.1979733352940203,0.9215179512894592,0.8293661566212722,1.0136697459576463,1.1979733352940203
1611,0.48500945022962627,0.242504727418608,0.6062618116351354,0.242504727418608,4.607589733409347e-09,0.242504727418608,0.242504727418608,0.7275141730406446,0.6062618116351354,2.6675519555287908,0.36375708882411717,4.607589733409347e-09
1612,0.36860718328033754,0.7372143619530853,0.5529107726167114,0.7372143619530853,1.6587323086349548,1.0136697459576463,0.9215179512894592,0.7372143619530853,1.0136697459576463,0.5529107726167114,1.1058215406258332,0.9215179512894592
1626,0.9215179512894592,1.1979733352940203,1.0136697459576463,0.9215179512894592,0.8293661566212722,1.0136697459576463,0.6450625672848984,1.1979733352940203,0.7372143619530853,1.1979733352940203,0.8293661566212722,0.36860718328033754
1630,0.4607589779485245,1.0136697459576463,0.4607589779485245,0.7372143619530853,0.8293661566212722,0.9215179512894592,1.1058215406258332,0.5529107726167114,1.1979733352940203,1.1058215406258332,0.7372143619530853,0.8293661566212722
1631,1.750884103303142,2.0273394873077026,0.8293661566212722,1.0136697459576463,1.5665805139667681,1.0136697459576463,1.0136697459576463,1.1058215406258332,0.6450625672848984,1.5665805139667681,0.8293661566212722,0.7372143619530853
1634,1.1979733352940203,1.750884103303142,0.8293661566212722,1.0136697459576463,1.9351876926395157,1.1979733352940203,1.0136697459576463,1.1979733352940203,1.1058215406258332,2.1194912819758898,1.1058215406258332,0.5529107726167114
1635,1.474428719298581,0.9215179512894592,1.1058215406258332,0.7372143619530853,1.0136697459576463,1.1979733352940203,1.1058215406258332,1.2901251299622072,0.6450625672848984,1.1058215406258332,1.1058215406258332,0.8293661566212722
1638,1.382276924630394,1.0136697459576463,0.4607589779485245,0.9215179512894592,0.9215179512894592,1.2901251299622072,0.7372143619530853,1.474428719298581,0.6450625672848984,1.0136697459576463,0.8293661566212722,1.382276924630394
1643,1.382276924630394,0.8293661566212722,1.0136697459576463,1.1979733352940203,0.5529107726167114,0.8293661566212722,1.1058215406258332,1.1979733352940203,1.0136697459576463,0.6450625672848984,0.7372143619530853,1.6587323086349548
1653,0.5529107726167114,0.7372143619530853,0.8293661566212722,0.7372143619530853,1.1058215406258332,0.6450625672848984,1.1979733352940203,1.382276924630394,0.7372143619530853,0.8293661566212722,1.1979733352940203,0.8293661566212722
1657,1.0136697459576463,1.2901251299622072,1.2901251299622072,0.8293661566212722,0.7372143619530853,1.1058215406258332,0.8293661566212722,1.1979733352940203,1.1058215406258332,1.0136697459576463,0.7372143619530853,1.6587323086349548
1680,0.8293661566212722,1.382276924630394,1.2901251299622072,1.750884103303142,0.9215179512894592,1.0136697459576463,1.2901251299622072,1.1058215406258332,0.6450625672848984,1.2901251299622072,1.0136697459576463,0.7372143619530853
1684,1.0136697459576463,1.474428719298581,0.2764553886121506,1.2901251299622072,1.382276924630394,0.8293661566212722,1.5665805139667681,1.382276924630394,1.474428719298581,1.5665805139667681,0.7372143619530853,0.8293661566212722
1686,0.9215179512894592,0.8293661566212722,0.6450625672848984,1.1058215406258332,0.2764553886121506,1.1058215406258332,1.0136697459576463,1.1979733352940203,1.1058215406258332,1.0136697459576463,1.1058215406258332,1.2901251299622072
1690,0.7372143619530853,0.8293661566212722,0.8293661566212722,0.8293661566212722,0.7372143619530853,0.9215179512894592,0.9215179512894592,0.4607589779485245,0.8293661566212722,0.7372143619530853,1.1979733352940203,1.0136697459576463
1694,0.7372143619530853,1.382276924630394,1.1979733352940203,0.5529107726167114,2.0273394873077026,1.2901251299622072,1.1979733352940203,1.2901251299622072,0.7372143619530853,1.1058215406258332,0.9215179512894592,1.1979733352940203
1698,1.1058215406258332,1.2901251299622072,0.7372143619530853,1.382276924630394,1.1979733352940203,1.1058215406258332,1.1979733352940203,1.382276924630394,1.0136697459576463,1.382276924630394,0.5529107726167114,1.1979733352940203
1700,0.7372143619530853,1.1979733352940203,0.4607589779485245,1.382276924630394,1.2901251299622072,1.1058215406258332,0.7372143619530853,1.2901251299622072,1.1058215406258332,0.9215179512894592,0.7372143619530853,1.0136697459576463
1701,1.1058215406258332,1.0136697459576463,0.6450625672848984,1.474428719298581,1.750884103303142,1.1058215406258332,1.1979733352940203,0.7372143619530853,1.2901251299622072,1.1979733352940203,0.8293661566212722,1.1058215406258332
1704,0.8293661566212722,1.6587323086349548,0.09215179927577669,1.474428719298581,2.303794871312263,0.8293661566212722,1.1058215406258332,1.1058215406258332,0.4607589779485245,0.7372143619530853,0.7372143619530853,1.474428719298581
1709,1.1058215406258332,0.8293661566212722,0.8293661566212722,0.9215179512894592,1.1979733352940203,0.7372143619530853,1.1058215406258332,0.8293661566212722,0.7372143619530853,1.1979733352940203,0.9215179512894592,1.1979733352940203
1718,0.6450625672848984,1.1979733352940203,1.1058215406258332,1.1979733352940203,0.4607589779485245,0.6450625672848984,1.0136697459576463,0.5529107726167114,1.2901251299622072,0.7372143619530853,1.1058215406258332,1.1058215406258332
1722,0.7372143619530853,1.1058215406258332,1.843035897971329,0.7372143619530853,0.9215179512894592,0.9215179512894592,1.1979733352940203,0.6450625672848984,0.6450625672848984,1.750884103303142,0.8293661566212722,1.1058215406258332
1724,1.1058215406258332,0.7372143619530853,1.1979733352940203,0.5529107726167114,0.5529107726167114,0.5529107726167114,0.8293661566212722,1.0136697459576463,1.1058215406258332,0.6450625672848984,1.1058215406258332,1.0136697459576463
1729,0.7372143619530853,1.0136697459576463,0.9215179512894592,0.8293661566212722,0.36860718328033754,0.9215179512894592,1.382276924630394,0.9215179512894592,0.9215179512894592,1.382276924630394,0.8293661566212722,1.0136697459576463
1749,1.5665805139667681,0.36860718328033754,1.0136697459576463,0.6450625672848984,0.4607589779485245,0.4607589779485245,0.7372143619530853,1.1979733352940203,1.1058215406258332,0.6450625672848984,1.1979733352940203,0.7372143619530853
1754,4.607589733409347e-09,0.09215179927577669,4.607589733409347e-09,0.18430359394396365,0.09215179927577669,4.607589733409347e-09,0.18430359394396365,4.607589733409347e-09,0.09215179927577669,0.09215179927577669,2.0273394873077026,2.0273394873077026
1755,1.1979733352940203,1.0136697459576463,1.6587323086349548,0.6450625672848984,1.0136697459576463,0.4607589779485245,1.2901251299622072,0.8293661566212722,0.9215179512894592,0.8293661566212722,0.5529107726167114,0.9215179512894592
1762,1.1058215406258332,0.09215179927577669,0.18430359394396365,0.8293661566212722,1.0136697459576463,0.09215179927577669,0.7372143619530853,0.36860718328033754,0.18430359394396365,0.18430359394396365,1.5665805139667681,0.5529107726167114
1764,0.6450625672848984,0.7372143619530853,0.36860718328033754,1.0136697459576463,0.7372143619530853,1.1058215406258332,1.0136697459576463,1.1979733352940203,1.1979733352940203,0.5529107726167114,1.1058215406258332,1.0136697459576463
1765,1.0136697459576463,1.1058215406258332,0.7372143619530853,1.1058215406258332,1.0136697459576463,1.1979733352940203,0.5529107726167114,1.1058215406258332,0.7372143619530853,0.9215179512894592,1.5665805139667681,0.6450625672848984
1770,0.6450625672848984,0.2764553886121506,2.4880984606486374,0.18430359394396365,0.9215179512894592,0.18430359394396365,0.9215179512894592,0.8293661566212722,0.09215179927577669,0.4607589779485245,0.2764553886121506,0.09215179927577669
1771,1.0136697459576463,0.9215179512894592,0.9215179512894592,1.1979733352940203,0.8293661566212722,1.2901251299622072,0.8293661566212722,0.8293661566212722,1.1058215406258332,0.8293661566212722,0.7372143619530853,1.2901251299622072
1777,1.382276924630394,1.0136697459576463,0.7372143619530853,1.2901251299622072,1.0136697459576463,0.7372143619530853,1.0136697459576463,0.5529107726167114,0.5529107726167114,1.2901251299622072,0.9215179512894592,1.382276924630394
1782,1.2901251299622072,2.0273394873077026,0.2764553886121506,1.1058215406258332,0.9215179512894592,1.2901251299622072,0.36860718328033754,0.8293661566212722,1.382276924630394,0.7372143619530853,0.36860718328033754,1.1058215406258332
1783,0.4607589779485245,0.8293661566212722,1.6587323086349548,0.5529107726167114,0.8293661566212722,0.7372143619530853,1.1979733352940203,0.8293661566212722,1.1058215406258332,0.9215179512894592,1.1979733352940203,1.1979733352940203
1785,1.750884103303142,1.474428719298581,1.1058215406258332,0.9215179512894592,1.0136697459576463,1.1979733352940203,1.1979733352940203,0.8293661566212722,1.1979733352940203,0.8293661566212722,1.1058215406258332,1.1058215406258332
1787,1.1979733352940203,1.0136697459576463,1.382276924630394,0.5529107726167114,0.4607589779485245,0.7372143619530853,1.1058215406258332,0.8293661566212722,0.9215179512894592,0.8293661566212722,0.6450625672848984,0.9215179512894592
1788,1.382276924630394,0.4607589779485245,0.6450625672848984,1.474428719298581,0.6450625672848984,0.8293661566212722,1.0136697459576463,1.1058215406258332,1.0136697459576463,0.4607589779485245,0.7372143619530853,1.0136697459576463
1794,1.382276924630394,0.9215179512894592,1.382276924630394,1.1058215406258332,1.474428719298581,0.6450625672848984,1.0136697459576463,1.1979733352940203,0.6450625672848984,0.6450625672848984,1.1058215406258332,1.0136697459576463
1798,0.4607589779485245,0.8293661566212722,1.2901251299622072,1.474428719298581,1.1058215406258332,0.9215179512894592,1.0136697459576463,1.2901251299622072,0.6450625672848984,0.8293661566212722,0.36860718328033754,0.9215179512894592
1799,4.607589733409347e-09,0.2764553886121506,2.303794871312263,4.607589733409347e-09,4.607589733409347e-09,4.607589733409347e-09,4.607589733409347e-09,4.607589733409347e-09,4.607589733409347e-09,4.607589733409347e-09,2.0273394873077026,4.607589733409347e-09
1810,0.9215179512894592,1.1979733352940203,1.474428719298581,0.8293661566212722,0.5529107726167114,1.1058215406258332,0.9215179512894592,1.2901251299622072,0.7372143619530853,0.7372143619530853,1.382276924630394,1.382276924630394
1817,1.0136697459576463,1.1979733352940203,1.750884103303142,1.1058215406258332,0.4607589779485245,1.2901251299622072,1.1979733352940203,0.9215179512894592,1.474428719298581,0.7372143619530853,0.8293661566212722,1.0136697459576463
1819,0.7372143619530853,0.4607589779485245,1.5665805139667681,1.1979733352940203,0.2764553886121506,0.8293661566212722,0.8293661566212722,0.8293661566212722,0.5529107726167114,0.5529107726167114,0.8293661566212722,1.2901251299622072
1835,1.0136697459576463,1.1058215406258332,1.1979733352940203,1.0136697459576463,0.7372143619530853,0.8293661566212722,0.9215179512894592,1.1058215406258332,0.8293661566212722,1.1979733352940203,1.382276924630394,1.1979733352940203
1839,0.9215179512894592,0.7372143619530853,1.474428719298581,0.7372143619530853,0.4607589779485245,0.8293661566212722,0.7372143619530853,1.1979733352940203,0.8293661566212722,0.5529107726167114,0.7372143619530853,1.0136697459576463
1841,1.1058215406258332,0.8293661566212722,0.9215179512894592,1.1979733352940203,1.0136697459576463,0.8293661566212722,0.5529107726167114,1.0136697459576463,1.5665805139667681,1.1058215406258332,0.36860718328033754,1.474428719298581
1842,1.1979733352940203,0.8293661566212722,1.1058215406258332,0.5529107726167114,0.4607589779485245,1.2901251299622072,1.1058215406258332,1.6587323086349548,1.382276924630394,1.0136697459576463,1.0136697459576463,0.9215179512894592
1848,1.0136697459576463,1.1979733352940203,0.5529107726167114,0.9215179512894592,1.2901251299622072,1.1979733352940203,0.6450625672848984,1.382276924630394,1.1979733352940203,1.2901251299622072,0.8293661566212722,0.6450625672848984
1849,0.9215179512894592,0.8293661566212722,1.0136697459576463,0.8293661566212722,2.1194912819758898,1.1058215406258332,1.382276924630394,0.6450625672848984,0.8293661566212722,0.5529107726167114,0.4607589779485245,1.1979733352940203
1850,0.8293661566212722,1.1979733352940203,0.7372143619530853,1.1058215406258332,1.1058215406258332,1.1979733352940203,1.0136697459576463,1.1979733352940203,1.0136697459576463,1.0136697459576463,0.5529107726167114,1.1058215406258332
1861,0.8293661566212722,1.1058215406258332,1.474428719298581,1.1058215406258332,1.1979733352940203,1.1058215406258332,0.8293661566212722,0.8293661566212722,0.9215179512894592,1.382276924630394,0.6450625672848984,1.2901251299622072
1865,0.9215179512894592,1.0136697459576463,1.0136697459576463,0.7372143619530853,1.750884103303142,0.9215179512894592,0.9215179512894592,1.382276924630394,1.0136697459576463,1.1058215406258332,1.1058215406258332,1.1058215406258332
1879,0.8293661566212722,1.2901251299622072,1.1979733352940203,1.1058215406258332,0.8293661566212722,1.5665805139667681,0.9215179512894592,1.1058215406258332,1.2901251299622072,1.5665805139667681,1.2901251299622072,1.382276924630394
1889,0.5529107726167114,0.09215179927577669,0.09215179927577669,0.36860718328033754,1.0136697459576463,0.5529107726167114,0.2764553886121506,0.5529107726167114,0.18430359394396365,0.7372143619530853,1.6587323086349548,2.0273394873077026
1895,0.7372143619530853,1.0136697459576463,0.6450625672848984,1.0136697459576463,0.36860718328033754,0.9215179512894592,0.7372143619530853,1.1979733352940203,1.382276924630394,1.1979733352940203,1.1058215406258332,1.0136697459576463
1897,1.1058215406258332,1.1979733352940203,1.0136697459576463,1.1979733352940203,0.9215179512894592,0.6450625672848984,1.1058215406258332,0.7372143619530853,1.1058215406258332,1.382276924630394,1.1979733352940203,0.8293661566212722
1912,0.8293661566212722,1.1058215406258332,1.1979733352940203,0.6450625672848984,1.1979733352940203,0.8293661566212722,0.8293661566212722,0.8293661566212722,0.9215179512894592,0.7372143619530853,0.8293661566212722,0.8293661566212722
1914,0.09215179927577669,0.7372143619530853,1.5665805139667681,0.18430359394396365,0.36860718328033754,0.2764553886121506,0.36860718328033754,0.18430359394396365,0.18430359394396365,1.2901251299622072,0.18430359394396365,4.607589733409347e-09
1915,1.6587323086349548,4.607589733409347e-09,4.607589733409347e-09,0.2764553886121506,4.607589733409347e-09,4.607589733409347e-09,0.09215179927577669,1.1058215406258332,0.18430359394396365,0.36860718328033754,1.2901251299622072,0.8293661566212722
1925,1.1979733352940203,1.2901251299622072,0.5529107726167114,0.8293661566212722,1.0136697459576463,0.7372143619530853,0.9215179512894592,1.382276924630394,1.1979733352940203,1.1979733352940203,1.0136697459576463,0.8293661566212722
1932,1.0136697459576463,0.9215179512894592,0.7372143619530853,0.7372143619530853,1.0136697459576463,1.474428719298581,0.9215179512894592,0.4607589779485245,1.2901251299622072,0.5529107726167114,0.9215179512894592,0.7372143619530853
1941,1.0136697459576463,1.1058215406258332,0.9215179512894592,1.0136697459576463,1.1979733352940203,1.2901251299622072,0.8293661566212722,1.382276924630394,1.1058215406258332,1.5665805139667681,0.9215179512894592,0.8293661566212722
1952,1.1058215406258332,0.4607589779485245,0.5529107726167114,1.1058215406258332,1.0136697459576463,0.4607589779485245,1.1058215406258332,0.8293661566212722,1.2901251299622072,1.382276924630394,1.0136697459576463,1.2901251299622072
1966,0.6450625672848984,0.7372143619530853,1.1979733352940203,1.1058215406258332,1.0136697459576463,0.5529107726167114,0.6450625672848984,1.1058215406258332,0.7372143619530853,1.1058215406258332,1.474428719298581,1.1058215406258332
1967,0.7372143619530853,1.1058215406258332,0.4607589779485245,1.2901251299622072,1.0136697459576463,0.5529107726167114,1.2901251299622072,1.1058215406258332,0.6450625672848984,1.474428719298581,1.6587323086349548,0.7372143619530853
1968,1.1058215406258332,1.0136697459576463,1.0136697459576463,0.8293661566212722,1.0136697459576463,0.6450625672848984,1.5665805139667681,1.1058215406258332,1.6587323086349548,1.2901251299622072,0.8293661566212722,1.5665805139667681
1975,1.0136697459576463,0.8293661566212722,0.7372143619530853,0.6450625672848984,0.9215179512894592,1.474428719298581,1.1979733352940203,1.0136697459576463,1.0136697459576463,0.7372143619530853,1.1058215406258332,0.4607589779485245
1978,1.1979733352940203,1.1058215406258332,1.0136697459576463,1.0136697459576463,1.1058215406258332,1.2901251299622072,1.0136697459576463,0.9215179512894592,1.0136697459576463,1.2901251299622072,1.1979733352940203,1.2901251299622072
1993,0.7372143619530853,1.1058215406258332,0.5529107726167114,1.1058215406258332,1.1979733352940203,1.0136697459576463,1.1979733352940203,0.8293661566212722,0.7372143619530853,1.2901251299622072,0.9215179512894592,0.8293661566212722
1995,4.607589733409347e-09,4.607589733409347e-09,4.331134354012376,4.607589733409347e-09,4.607589733409347e-09,0.36860718328033754,4.607589733409347e-09,4.607589733409347e-09,4.607589733409347e-09,4.607589733409347e-09,4.607589733409347e-09,4.607589733409347e-09
1998,0.9215179512894592,0.7372143619530853,0.9215179512894592,1.1058215406258332,0.7372143619530853,0.9215179512894592,1.0136697459576463,1.1058215406258332,0.9215179512894592,0.7372143619530853,0.8293661566212722,0.8293661566212722
2001,1.0136697459576463,1.0136697459576463,1.382276924630394,0.9215179512894592,0.9215179512894592,0.9215179512894592,0.9215179512894592,1.2901251299622072,1.1058215406258332,1.0136697459576463,1.0136697459576463,0.8293661566212722
2002,0.7372143619530853,1.1979733352940203,0.2764553886121506,0.6450625672848984,0.5529107726167114,1.6587323086349548,0.6450625672848984,0.6450625672848984,0.9215179512894592,0.09215179927577669,0.7372143619530853,1.1058215406258332
2005,0.8293661566212722,1.1058215406258332,0.8293661566212722,1.1058215406258332,1.0136697459576463,1.1979733352940203,0.8293661566212722,0.7372143619530853,1.2901251299622072,1.750884103303142,0.8293661566212722,1.0136697459576463
2006,1.1979733352940203,1.5665805139667681,0.8293661566212722,0.8293661566212722,0.8293661566212722,0.6450625672848984,0.6450625672848984,1.2901251299622072,1.1058215406258332,0.8293661566212722,1.0136697459576463,0.4607589779485245
2009,1.1058215406258332,1.1979733352940203,0.5529107726167114,1.0136697459576463,1.0136697459576463,1.1979733352940203,1.1979733352940203,1.1058215406258332,1.1979733352940203,1.5665805139667681,0.9215179512894592,0.4607589779485245
2012,0.7372143619530853,0.7372143619530853,0.9215179512894592,1.382276924630394,1.6587323086349548,1.0136697459576463,1.1979733352940203,1.382276924630394,0.6450625672848984,1.1979733352940203,1.1058215406258332,1.5665805139667681
2016,1.0136697459576463,0.8293661566212722,0.9215179512894592,1.2901251299622072,1.1058215406258332,0.9215179512894592,1.2901251299622072,0.9215179512894592,1.382276924630394,0.5529107726167114,1.1979733352940203,0.9215179512894592
2019,1.1058215406258332,0.8293661566212722,1.750884103303142,0.7372143619530853,0.36860718328033754,0.7372143619530853,0.6450625672848984,1.0136697459576463,0.5529107726167114,1.0136697459576463,0.36860718328033754,0.5529107726167114
2026,0.9215179512894592,0.18430359394396365,3.409616407330507,1.1979733352940203,4.607589733409347e-09,0.2764553886121506,0.9215179512894592,0.7372143619530853,0.6450625672848984,0.6450625672848984,0.36860718328033754,0.4607589779485245
2033,1.474428719298581,0.9215179512894592,0.7372143619530853,1.1058215406258332,1.1058215406258332,1.1979733352940203,1.1979733352940203,1.1058215406258332,0.8293661566212722,0.6450625672848984,1.0136697459576463,1.0136697459576463
2035,1.1058215406258332,1.0136697459576463,1.2901251299622072,1.1979733352940203,1.2901251299622072,1.382276924630394,0.9215179512894592,0.7372143619530853,0.5529107726167114,0.5529107726167114,1.1979733352940203,1.474428719298581
2039,1.1058215406258332,1.2901251299622072,1.0136697459576463,0.8293661566212722,0.8293661566212722,0.4607589779485245,0.9215179512894592,0.7372143619530853,1.1058215406258332,1.1058215406258332,1.0136697459576463,1.2901251299622072
2040,0.6450625672848984,1.1979733352940203,2.5802502553168245,1.1979733352940203,1.2901251299622072,0.7372143619530853,0.9215179512894592,0.9215179512894592,1.1979733352940203,1.1058215406258332,1.0136697459576463,1.1979733352940203
2045,0.5529107726167114,4.607589733409347e-09,4.607589733409347e-09,0.09215179927577669,0.36860718328033754,4.607589733409347e-09,0.36860718328033754,0.36860718328033754,0.09215179927577669,4.607589733409347e-09,3.133161023325946,0.2764553886121506
2046,0.18430359394396365,4.607589733409347e-09,0.18430359394396365,0.6450625672848984,4.607589733409347e-09,0.8293661566212722,4.607589733409347e-09,1.382276924630394,0.7372143619530853,4.607589733409347e-09,0.18430359394396365,0.6450625672848984
2047,0.09215179927577669,4.607589733409347e-09,2.764553844653198,0.36860718328033754,4.607589733409347e-09,0.09215179927577669,0.6450625672848984,0.09215179927577669,0.18430359394396365,0.09215179927577669,0.8293661566212722,0.5529107726167114
2053,0.8293661566212722,1.1979733352940203,1.0136697459576463,1.0136697459576463,0.9215179512894592,0.6450625672848984,1.0136697459576463,0.5529107726167114,1.0136697459576463,1.382276924630394,0.7372143619530853,0.8293661566212722
2069,1.2901251299622072,1.0136697459576463,1.1058215406258332,0.6450625672848984,1.5665805139667681,1.1058215406258332,1.2901251299622072,0.9215179512894592,1.2901251299622072,0.9215179512894592,1.474428719298581,0.8293661566212722
2075,1.0136697459576463,1.0136697459576463,1.5665805139667681,1.0136697459576463,1.1058215406258332,1.0136697459576463,1.474428719298581,1.0136697459576463,0.9215179512894592,1.2901251299622072,1.750884103303142,0.8293661566212722
2076,1.0136697459576463,0.9215179512894592,0.6450625672848984,0.9215179512894592,0.7372143619530853,0.4607589779485245,0.6450625672848984,1.0136697459576463,0.9215179512894592,1.5665805139667681,0.7372143619530853,1.1058215406258332
2081,1.1058215406258332,0.6450625672848984,0.8293661566212722,1.1058215406258332,1.0136697459576463,0.7372143619530853,1.2901251299622072,1.0136697459576463,1.0136697459576463,1.0136697459576463,0.36860718328033754,0.36860718328033754
2087,1.0136697459576463,0.9215179512894592,0.18430359394396365,1.0136697459576463,1.474428719298581,1.0136697459576463,0.9215179512894592,1.5665805139667681,0.9215179512894592,1.0136697459576463,0.5529107726167114,0.5529107726167114
2090,0.9215179512894592,1.0136697459576463,1.750884103303142,1.1979733352940203,0.7372143619530853,0.7372143619530853,1.6587323086349548,1.1979733352940203,1.1058215406258332,1.0136697459576463,0.8293661566212722,1.382276924630394
2091,0.8293661566212722,0.7372143619530853,0.9215179512894592,0.9215179512894592,0.9215179512894592,0.8293661566212722,1.0136697459576463,1.5665805139667681,1.0136697459576463,1.0136697459576463,0.4607589779485245,0.6450625672848984
2101,0.9215179512894592,1.1058215406258332,1.382276924630394,1.382276924630394,0.9215179512894592,0.8293661566212722,0.7372143619530853,0.2764553886121506,0.4607589779485245,1.2901251299622072,1.1058215406258332,1.0136697459576463
2105,0.5529107726167114,1.2901251299622072,1.0136697459576463,0.9215179512894592,0.8293661566212722,0.8293661566212722,1.474428719298581,0.7372143619530853,1.0136697459576463,0.8293661566212722,0.8293661566212722,0.9215179512894592
2110,0.8293661566212722,0.8293661566212722,0.4607589779485245,1.382276924630394,0.6450625672848984,0.6450625672848984,1.1058215406258332,1.0136697459576463,1.843035897971329,1.0136697459576463,1.2901251299622072,1.474428719298581
2115,1.1058215406258332,1.1058215406258332,1.1979733352940203,0.7372143619530853,1.1058215406258332,0.9215179512894592,1.0136697459576463,0.8293661566212722,1.750884103303142,1.0136697459576463,1.2901251299622072,1.1979733352940203
2119,0.8293661566212722,0.9215179512894592,1.1058215406258332,0.36860718328033754,0.5529107726167114,0.8293661566212722,1.1058215406258332,1.6587323086349548,0.2764553886121506,1.2901251299622072,0.7372143619530853,0.5529107726167114
2121,0.9215179512894592,1.1058215406258332,0.6450625672848984,1.474428719298581,1.0136697459576463,0.5529107726167114,0.9215179512894592,1.0136697459576463,1.0136697459576463,1.0136697459576463,1.382276924630394,1.2901251299622072
2127,0.36860718328033754,0.8293661566212722,1.474428719298581,1.2901251299622072,0.7372143619530853,0.7372143619530853,0.5529107726167114,1.0136697459576463,0.9215179512894592,1.2901251299622072,0.9215179512894592,0.7372143619530853
2130,0.8293661566212722,1.0136697459576463,1.474428719298581,1.1058215406258332,1.474428719298581,1.1979733352940203,1.1979733352940203,0.7372143619530853,1.382276924630394,1.2901251299622072,1.1058215406258332,1.382276924630394
2131,0.6450625672848984,0.5529107726167114,0.4607589779485245,1.0136697459576463,1.5665805139667681,1.1058215406258332,1.1058215406258332,1.0136697459576463,0.36860718328033754,1.1058215406258332,0.9215179512894592,0.9215179512894592
2133,0.9215179512894592,1.1058215406258332,0.7372143619530853,0.8293661566212722,0.7372143619530853,0.6450625672848984,0.8293661566212722,1.2901251299622072,0.7372143619530853,1.1979733352940203,0.9215179512894592,0.7372143619530853
2143,0.7372143619530853,1.1979733352940203,0.36860718328033754,0.8293661566212722,0.7372143619530853,0.7372143619530853,0.6450625672848984,0.9215179512894592,1.0136697459576463,0.6450625672848984,1.2901251299622072,1.0136697459576463
2144,0.36860718328033754,0.9215179512894592,1.0136697459576463,0.7372143619530853,0.8293661566212722,0.4607589779485245,1.5665805139667681,1.1979733352940203,1.0136697459576463,1.1058215406258332,1.0136697459576463,1.1979733352940203
2152,0.4607589779485245,1.5665805139667681,0.6450625672848984,0.18430359394396365,0.6450625672848984,0.7372143619530853,1.0136697459576463,1.0136697459576463,1.0136697459576463,1.1979733352940203,1.2901251299622072,0.8293661566212722
2161,4.607589733409347e-09,4.607589733409347e-09,4.607589733409347e-09,4.607589733409347e-09,4.607589733409347e-09,0.4607589779485245,4.607589733409347e-09,4.607589733409347e-09,4.607589733409347e-09,4.607589733409347e-09,4.331134354012376,4.607589733409347e-09
2162,1.1058215406258332,1.474428719298581,1.1979733352940203,1.0136697459576463,1.1058215406258332,1.0136697459576463,1.2901251299622072,1.1058215406258332,1.0136697459576463,1.5665805139667681,0.7372143619530853,0.8293661566212722
2166,4.607589733409347e-09,0.4607589779485245,0.09215179927577669,0.36860718328033754,0.09215179927577669,4.607589733409347e-09,0.18430359394396365,0.18430359394396365,0.18430359394396365,0.4607589779485245,1.1058215406258332,1.750884103303142
2171,0.8293661566212722,1.1979733352940203,0.7372143619530853,0.8293661566212722,0.6450625672848984,0.6450625672848984,0.9215179512894592,0.5529107726167114,0.9215179512894592,0.9215179512894592,1.2901251299622072,1.0136697459576463
2172,1.1979733352940203,0.6450625672848984,0.7372143619530853,0.8293661566212722,0.8293661566212722,0.6450625672848984,0.6450625672848984,0.8293661566212722,0.7372143619530853,0.5529107726167114,1.1979733352940203,1.1058215406258332
2175,0.6450625672848984,0.8293661566212722,1.382276924630394,1.5665805139667681,1.1058215406258332,1.0136697459576463,1.1058215406258332,0.5529107726167114,1.382276924630394,0.7372143619530853,0.5529107726167114,0.8293661566212722
2180,1.6587323086349548,1.0136697459576463,4.607589733409347e-09,0.8293661566212722,0.4607589779485245,1.1979733352940203,0.6450625672848984,1.0136697459576463,1.5665805139667681,0.5529107726167114,0.9215179512894592,1.1979733352940203
2181,4.607589733409347e-09,0.6283076955270461,1.4660512834196548,0.2094359015807419,0.41887179855389406,0.6283076955270461,0.8377435925001984,0.41887179855389406,0.8377435925001984,0.8377435925001984,1.0471794894733504,1.0471794894733504
2182,1.2901251299622072,1.1058215406258332,0.8293661566212722,0.8293661566212722,0.7372143619530853,1.1979733352940203,1.1979733352940203,1.382276924630394,1.2901251299622072,1.1979733352940203,0.7372143619530853,0.9215179512894592
2190,0.4607589779485245,1.1979733352940203,1.382276924630394,0.6450625672848984,0.4607589779485245,0.6450625672848984,0.7372143619530853,1.382276924630394,0.5529107726167114,1.1979733352940203,0.9215179512894592,0.9215179512894592
2192,1.382276924630394,1.474428719298581,0.6450625672848984,1.0136697459576463,1.2901251299622072,1.382276924630394,0.9215179512894592,0.7372143619530853,1.1979733352940203,1.0136697459576463,0.9215179512894592,1.1979733352940203
2207,1.1979733352940203,0.9215179512894592,0.7372143619530853,0.6450625672848984,1.1979733352940203,0.9215179512894592,0.8293661566212722,1.0136697459576463,1.0136697459576463,0.9215179512894592,0.7372143619530853,0.9215179512894592
2214,1.1058215406258332,4.607589733409347e-09,1.2901251299622072,0.7372143619530853,0.7372143619530853,0.7372143619530853,0.7372143619530853,0.7372143619530853,0.6450625672848984,4.607589733409347e-09,0.6450625672848984,1.750884103303142
2217,1.474428719298581,1.2901251299622072,0.36860718328033754,1.2901251299622072,1.2901251299622072,0.9215179512894592,1.0136697459576463,1.1058215406258332,1.0136697459576463,1.1979733352940203,0.7372143619530853,1.0136697459576463
2220,1.1979733352940203,0.6450625672848984,1.0136697459576463,0.4607589779485245,1.2901251299622072,0.5529107726167114,1.382276924630394,0.36860718328033754,0.8293661566212722,0.9215179512894592,1.2901251299622072,1.1058215406258332
2224,1.2901251299622072,0.8293661566212722,1.1979733352940203,1.2901251299622072,0.8293661566212722,1.1058215406258332,0.6450625672848984,0.6450625672848984,1.1058215406258332,0.9215179512894592,1.2901251299622072,0.5529107726167114
2226,0.8293661566212722,1.1979733352940203,1.1979733352940203,0.8293661566212722,0.6450625672848984,1.2901251299622072,1.2901251299622072,0.8293661566212722,0.6450625672848984,1.382276924630394,0.7372143619530853,1.382276924630394
2229,1.0136697459576463,1.1979733352940203,0.9215179512894592,0.6450625672848984,1.1058215406258332,0.9215179512894592,0.7372143619530853,1.750884103303142,0.4607589779485245,1.1058215406258332,1.5665805139667681,0.7372143619530853
2231,0.7372143619530853,0.5529107726167114,0.7372143619530853,0.9215179512894592,1.0136697459576463,0.9215179512894592,1.1979733352940203,0.7372143619530853,0.9215179512894592,0.9215179512894592,1.0136697459576463,0.8293661566212722
2232,1.1058215406258332,1.1058215406258332,0.7372143619530853,1.1058215406258332,0.4607589779485245,1.0136697459576463,0.8293661566212722,1.2901251299622072,0.7372143619530853,0.8293661566212722,1.2901251299622072,0.9215179512894592
2235,1.2901251299622072,1.2901251299622072,0.8293661566212722,1.0136697459576463,0.9215179512894592,1.1979733352940203,1.1058215406258332,1.0136697459576463,1.474428719298581,1.1979733352940203,0.8293661566212722,1.1058215406258332
2242,1.0136697459576463,1.0136697459576463,1.1058215406258332,0.6450625672848984,1.1979733352940203,1.1979733352940203,0.9215179512894592,1.382276924630394,0.36860718328033754,0.2764553886121506,1.1058215406258332,0.36860718328033754
2247,1.1058215406258332,1.2901251299622072,0.7372143619530853,0.8293661566212722,1.6587323086349548,1.0136697459576463,1.0136697459576463,0.9215179512894592,1.1979733352940203,0.8293661566212722,1.2901251299622072,1.1058215406258332
2263,1.2901251299622072,1.0136697459576463,1.0136697459576463,0.9215179512894592,1.1979733352940203,0.7372143619530853,1.1979733352940203,0.8293661566212722,1.0136697459576463,1.0136697459576463,0.9215179512894592,1.1058215406258332
2266,0.9215179512894592,0.6450625672848984,1.5665805139667681,0.8293661566212722,0.6450625672848984,1.0136697459576463,0.8293661566212722,0.7372143619530853,0.8293661566212722,0.8293661566212722,1.0136697459576463,1.0136697459576463
2273,0.8293661566212722,1.0136697459576463,0.7372143619530853,1.474428719298581,1.474428719298581,1.0136697459576463,0.2764553886121506,1.1979733352940203,0.9215179512894592,0.8293661566212722,1.0136697459576463,1.2901251299622072
2290,0.5529107726167114,0.4607589779485245,0.36860718328033754,0.36860718328033754,4.607589733409347e-09,0.09215179927577669,0.4607589779485245,0.4607589779485245,0.7372143619530853,2.3959466659804503,0.7372143619530853,0.36860718328033754
2297,0.18430359394396365,0.09215179927577669,1.5665805139667681,0.2764553886121506,0.36860718328033754,4.607589733409347e-09,0.36860718328033754,0.36860718328033754,0.36860718328033754,0.36860718328033754,1.382276924630394,0.8293661566212722
2300,0.09215179927577669,4.607589733409347e-09,1.474428719298581,1.6587323086349548,4.607589733409347e-09,0.36860718328033754,0.7372143619530853,0.4607589779485245,1.0136697459576463,0.09215179927577669,1.0136697459576463,2.0273394873077026
2301,4.607589733409347e-09,4.607589733409347e-09,0.4607589779485245,0.7372143619530853,4.607589733409347e-09,0.09215179927577669,0.9215179512894592,0.5529107726167114,1.0136697459576463,0.8293661566212722,1.382276924630394,0.36860718328033754
2312,0.9215179512894592,0.6450625672848984,0.9215179512894592,0.9215179512894592,1.1979733352940203,1.474428719298581,0.6450625672848984,0.9215179512894592,1.2901251299622072,1.2901251299622072,1.0136697459576463,0.8293661566212722
2317,1.6587323086349548,1.5665805139667681,1.0136697459576463,1.1058215406258332,1.382276924630394,1.750884103303142,1.382276924630394,1.2901251299622072,1.2901251299622072,1.1979733352940203,0.6450625672848984,0.6450625672848984
2319,1.9351876926395157,4.607589733409347e-09,0.09215179927577669,1.1058215406258332,0.09215179927577669,2.2116430766440764,0.8293661566212722,1.0136697459576463,1.0136697459576463,4.607589733409347e-09,1.382276924630394,1.0136697459576463
2320,1.1979733352940203,0.5529107726167114,1.1979733352940203,1.0136697459576463,0.8293661566212722,0.7372143619530853,0.8293661566212722,0.9215179512894592,0.9215179512894592,0.5529107726167114,0.7372143619530853,1.0136697459576463
2321,1.474428719298581,0.09215179927577669,4.607589733409347e-09,0.7372143619530853,0.09215179927577669,2.0273394873077026,0.8293661566212722,0.8293661566212722,2.2116430766440764,4.607589733409347e-09,0.5529107726167114,1.1979733352940203
2326,1.1979733352940203,1.1058215406258332,0.6450625672848984,0.6450625672848984,1.382276924630394,0.9215179512894592,0.8293661566212722,1.0136697459576463,1.0136697459576463,1.1979733352940203,1.5665805139667681,0.7372143619530853
2328,0.6450625672848984,0.4607589779485245,1.1058215406258332,4.607589733409347e-09,0.09215179927577669,0.5529107726167114,0.2764553886121506,0.4607589779485245,0.18430359394396365,0.36860718328033754,1.0136697459576463,0.9215179512894592
2333,1.382276924630394,1.1058215406258332,0.4607589779485245,1.0136697459576463,0.8293661566212722,0.7372143619530853,1.1979733352940203,1.382276924630394,1.382276924630394,1.0136697459576463,1.1979733352940203,1.1058215406258332
2339,0.7372143619530853,1.0136697459576463,0.9215179512894592,0.8293661566212722,1.1058215406258332,1.1058215406258332,1.1979733352940203,1.474428719298581,1.1979733352940203,0.7372143619530853,0.5529107726167114,1.1979733352940203
2343,1.474428719298581,1.1979733352940203,1.6587323086349548,1.0136697459576463,1.0136697459576463,1.1058215406258332,1.2901251299622072,1.1979733352940203,1.1979733352940203,1.0136697459576463,1.0136697459576463,1.1979733352940203
2351,0.9215179512894592,1.2901251299622072,1.0136697459576463,0.6450625672848984,1.843035897971329,0.7372143619530853,1.1058215406258332,1.1979733352940203,0.8293661566212722,0.9215179512894592,1.6587323086349548,0.6450625672848984
2352,0.9215179512894592,1.382276924630394,1.2901251299622072,0.7372143619530853,0.9215179512894592,1.2901251299622072,1.1979733352940203,0.8293661566212722,1.1058215406258332,1.1979733352940203,1.0136697459576463,1.0136697459576463
2355,1.0136697459576463,1.0136697459576463,0.5529107726167114,0.9215179512894592,1.1979733352940203,0.6450625672848984,1.0136697459576463,1.0136697459576463,0.9215179512894592,0.6450625672848984,1.382276924630394,1.0136697459576463
2356,1.0136697459576463,1.1058215406258332,1.2901251299622072,1.1058215406258332,1.382276924630394,1.1979733352940203,1.0136697459576463,1.6587323086349548,0.8293661566212722,0.6450625672848984,1.0136697459576463,0.8293661566212722
2364,0.6450625672848984,0.8293661566212722,1.2901251299622072,1.474428719298581,1.382276924630394,0.5529107726167114,0.8293661566212722,0.7372143619530853,1.382276924630394,1.1058215406258332,1.0136697459576463,0.7372143619530853
2372,0.7372143619530853,0.18430359394396365,0.2764553886121506,0.8293661566212722,0.09215179927577669,0.9215179512894592,0.6450625672848984,1.382276924630394,1.5665805139667681,0.8293661566212722,0.36860718328033754,0.36860718328033754
2377,1.2901251299622072,2.0273394873077026,1.382276924630394,1.382276924630394,1.750884103303142,1.2901251299622072,1.1058215406258332,1.1979733352940203,0.9215179512894592,2.0273394873077026,1.0136697459576463,1.2901251299622072
2379,0.6450625672848984,1.1979733352940203,0.4607589779485245,1.0136697459576463,1.1058215406258332,1.0136697459576463,1.2901251299622072,1.1979733352940203,0.7372143619530853,1.6587323086349548,0.6450625672848984,0.8293661566212722
2395,1.1979733352940203,0.7372143619530853,0.9215179512894592,1.2901251299622072,0.9215179512894592,1.0136697459576463,0.5529107726167114,0.9215179512894592,0.8293661566212722,1.2901251299622072,1.2901251299622072,1.382276924630394
2396,1.0136697459576463,0.7372143619530853,0.6450625672848984,1.1058215406258332,1.1058215406258332,0.9215179512894592,0.8293661566212722,0.9215179512894592,0.7372143619530853,1.1979733352940203,1.5665805139667681,1.2901251299622072
2398,1.1979733352940203,0.9215179512894592,0.9215179512894592,0.8293661566212722,1.750884103303142,0.7372143619530853,1.1979733352940203,0.9215179512894592,0.8293661566212722,0.8293661566212722,1.474428719298581,1.2901251299622072
2402,0.9215179512894592,1.0136697459576463,1.0136697459576463,1.1058215406258332,0.8293661566212722,1.0136697459576463,1.2901251299622072,0.7372143619530853,1.1058215406258332,1.750884103303142,1.1058215406258332,1.2901251299622072
2408,1.6587323086349548,0.9215179512894592,1.474428719298581,0.8293661566212722,1.0136697459576463,1.1058215406258332,1.1979733352940203,0.6450625672848984,0.9215179512894592,1.0136697459576463,1.1058215406258332,1.2901251299622072
2409,0.6450625672848984,0.6450625672848984,0.36860718328033754,1.382276924630394,0.9215179512894592,0.5529107726167114,1.1979733352940203,0.2764553886121506,1.1058215406258332,0.6450625672848984,1.382276924630394,1.2901251299622072
2410,0.4607589779485245,0.8293661566212722,0.7372143619530853,1.0136697459576463,0.8293661566212722,1.1979733352940203,0.8293661566212722,0.8293661566212722,1.1979733352940203,0.6450625672848984,1.382276924630394,0.8293661566212722
2411,1.0136697459576463,0.7372143619530853,0.9215179512894592,1.0136697459576463,1.0136697459576463,0.4607589779485245,0.9215179512894592,1.1058215406258332,1.2901251299622072,0.7372143619530853,0.8293661566212722,1.1058215406258332
2413,1.0136697459576463,1.1979733352940203,0.8293661566212722,1.382276924630394,0.5529107726167114,0.8293661566212722,0.4607589779485245,1.1979733352940203,1.0136697459576463,1.1979733352940203,0.6450625672848984,0.6450625672848984
2415,0.9215179512894592,1.1058215406258332,0.9215179512894592,0.36860718328033754,0.8293661566212722,0.4607589779485245,0.7372143619530853,1.1058215406258332,0.6450625672848984,1.1979733352940203,1.1979733352940203,1.1058215406258332
2416,1.1058215406258332,4.607589733409347e-09,4.607589733409347e-09,1.0136697459576463,0.18430359394396365,1.382276924630394,1.1058215406258332,1.5665805139667681,1.2901251299622072,0.09215179927577669,0.18430359394396365,4.607589733409347e-09
2418,1.1058215406258332,0.6450625672848984,1.382276924630394,1.1058215406258332,1.1058215406258332,0.4607589779485245,1.2901251299622072,0.9215179512894592,1.0136697459576463,1.6587323086349548,1.1979733352940203,1.0136697459576463
2420,1.1979733352940203,0.2764553886121506,1.0136697459576463,1.382276924630394,0.36860718328033754,0.9215179512894592,1.0136697459576463,1.5665805139667681,1.1058215406258332,0.6450625672848984,0.9215179512894592,1.2901251299622072
2423,1.2901251299622072,0.9215179512894592,0.9215179512894592,0.6450625672848984,1.1979733352940203,0.6450625672848984,0.9215179512894592,1.0136697459576463,0.5529107726167114,0.8293661566212722,0.8293661566212722,0.6450625672848984
2428,0.9215179512894592,1.1979733352940203,1.6587323086349548,0.7372143619530853,1.1058215406258332,1.2901251299622072,1.382276924630394,0.9215179512894592,0.8293661566212722,1.1058215406258332,0.6450625672848984,1.5665805139667681
2432,0.6450625672848984,1.2901251299622072,0.9215179512894592,0.9215179512894592,1.2901251299622072,0.7372143619530853,1.474428719298581,1.1979733352940203,1.1058215406258332,1.0136697459576463,0.7372143619530853,0.8293661566212722
2443,4.607589733409347e-09,4.607589733409347e-09,4.607589738016937,4.607589733409347e-09,4.607589733409347e-09,4.607589733409347e-09,4.607589733409347e-09,4.607589733409347e-09,4.607589733409347e-09,4.607589733409347e-09,4.607589733409347e-09,4.607589733409347e-09
2452,1.0136697459576463,1.2901251299622072,0.8293661566212722,0.9215179512894592,1.0136697459576463,0.5529107726167114,1.1058215406258332,1.1979733352940203,0.8293661566212722,0.7372143619530853,1.2901251299622072,1.1058215406258332
2453,1.0136697459576463,1.1979733352940203,1.1979733352940203,1.382276924630394,0.9215179512894592,0.9215179512894592,1.2901251299622072,1.1979733352940203,1.382276924630394,0.9215179512894592,1.1979733352940203,1.2901251299622072
2454,1.1058215406258332,1.6587323086349548,1.1979733352940203,1.5665805139667681,1.1058215406258332,1.0136697459576463,1.382276924630394,1.0136697459576463,0.9215179512894592,1.0136697459576463,0.5529107726167114,0.7372143619530853
2461,0.6450625672848984,1.2901251299622072,0.9215179512894592,1.0136697459576463,1.0136697459576463,0.9215179512894592,1.0136697459576463,0.9215179512894592,0.6450625672848984,1.1979733352940203,0.6450625672848984,0.7372143619530853
2469,0.7372143619530853,1.1058215406258332,0.9215179512894592,1.1058215406258332,0.5529107726167114,1.474428719298581,1.5665805139667681,0.9215179512894592,1.5665805139667681,0.36860718328033754,1.5665805139667681,1.2901251299622072
2472,0.4607589779485245,1.1058215406258332,0.36860718328033754,0.4607589779485245,1.6587323086349548,0.6450625672848984,0.6450625672848984,0.6450625672848984,1.0136697459576463,2.0273394873077026,0.4607589779485245,0.4607589779485245
2482,0.9215179512894592,0.36860718328033754,1.2901251299622072,0.9215179512894592,0.9215179512894592,0.9215179512894592,1.0136697459576463,0.6450625672848984,0.6450625672848984,1.1058215406258332,0.6450625672848984,0.5529107726167114
2485,1.1058215406258332,0.6450625672848984,1.1058215406258332,1.1058215406258332,0.5529107726167114,0.5529107726167114,1.0136697459576463,1.1058215406258332,0.5529107726167114,0.8293661566212722,0.6450625672848984,0.8293661566212722
2496,1.0136697459576463,1.2901251299622072,0.2764553886121506,1.382276924630394,1.750884103303142,0.8293661566212722,1.1058215406258332,0.9215179512894592,1.474428719298581,1.5665805139667681,1.2901251299622072,0.9215179512894592
2500,1.382276924630394,0.8293661566212722,0.9215179512894592,0.9215179512894592,0.4607589779485245,1.1979733352940203,1.1979733352940203,0.9215179512894592,1.1979733352940203,0.4607589779485245,0.9215179512894592,1.382276924630394
2520,1.1979733352940203,1.474428719298581,1.843035897971329,0.7372143619530853,0.6450625672848984,0.8293661566212722,1.1979733352940203,0.9215179512894592,1.1058215406258332,2.0273394873077026,0.9215179512894592,0.6450625672848984
2521,0.36860718328033754,1.1058215406258332,0.6450625672848984,1.382276924630394,0.5529107726167114,0.6450625672848984,1.382276924630394,0.9215179512894592,1.474428719298581,1.1979733352940203,1.1058215406258332,1.750884103303142
2530,1.0136697459576463,1.0136697459576463,0.8293661566212722,1.1979733352940203,1.2901251299622072,0.4607589779485245,0.7372143619530853,0.7372143619530853,1.382276924630394,1.1058215406258332,1.474428719298581,1.2901251299622072
2540,1.1058215406258332,0.7372143619530853,0.8293661566212722,1.750884103303142,0.8293661566212722,0.9215179512894592,1.1058215406258332,1.1058215406258332,1.750884103303142,1.2901251299622072,0.8293661566212722,0.6450625672848984
2546,1.1058215406258332,1.1058215406258332,0.8293661566212722,1.0136697459576463,0.8293661566212722,0.9215179512894592,1.1979733352940203,0.9215179512894592,1.0136697459576463,0.6450625672848984,1.1058215406258332,0.6450625672848984
2553,0.5759487212837582,1.3438803435186497,1.3438803435186497,1.1518974379599267,0.767931626842481,1.1518974379599267,0.38396581572503535,1.1518974379599267,1.1518974379599267,0.38396581572503535,4.607589733409347e-09,0.9599145324012038
2556,0.8293661566212722,0.8293661566212722,0.7372143619530853,0.7372143619530853,1.0136697459576463,0.9215179512894592,1.1058215406258332,1.0136697459576463,0.9215179512894592,0.4607589779485245,1.382276924630394,1.0136697459576463
2558,1.1058215406258332,1.1058215406258332,0.7372143619530853,1.1979733352940203,1.474428719298581,1.382276924630394,1.1058215406258332,1.474428719298581,0.9215179512894592,1.0136697459576463,1.0136697459576463,0.7372143619530853
2560,1.0136697459576463,0.5529107726167114,0.4607589779485245,0.9215179512894592,1.1058215406258332,0.9215179512894592,1.0136697459576463,1.1058215406258332,0.8293661566212722,0.5529107726167114,0.5529107726167114,0.8293661566212722
2564,1.1058215406258332,1.6587323086349548,0.7372143619530853,1.474428719298581,1.750884103303142,1.1979733352940203,1.382276924630394,1.382276924630394,1.1058215406258332,0.5529107726167114,0.9215179512894592,1.1979733352940203
2571,1.2901251299622072,0.9215179512894592,0.7372143619530853,0.8293661566212722,1.9351876926395157,1.1979733352940203,0.9215179512894592,1.1979733352940203,0.9215179512894592,1.5665805139667681,0.6450625672848984,0.8293661566212722
2573,1.1058215406258332,0.6450625672848984,1.382276924630394,0.9215179512894592,1.1058215406258332,0.5529107726167114,0.9215179512894592,1.1058215406258332,0.6450625672848984,1.1979733352940203,0.5529107726167114,0.8293661566212722
2580,4.607589733409347e-09,0.09215179927577669,2.948857433989572,4.607589733409347e-09,4.607589733409347e-09,0.09215179927577669,4.607589733409347e-09,0.5529107726167114,0.4607589779485245,0.6450625672848984,4.607589733409347e-09,4.607589733409347e-09
2583,1.1058215406258332,0.7372143619530853,1.1058215406258332,0.7372143619530853,0.9215179512894592,0.9215179512894592,1.1058215406258332,1.0136697459576463,1.1058215406258332,0.7372143619530853,1.1979733352940203,1.5665805139667681
2584,1.382276924630394,1.1979733352940203,0.2764553886121506,1.0136697459576463,1.1058215406258332,0.8293661566212722,0.8293661566212722,1.1979733352940203,1.474428719298581,1.1979733352940203,1.5665805139667681,1.0136697459576463
2605,0.5529107726167114,4.607589733409347e-09,0.7372143619530853,0.5529107726167114,0.09215179927577669,0.09215179927577669,0.18430359394396365,0.7372143619530853,0.6450625672848984,0.2764553886121506,1.1058215406258332,1.474428719298581
2607,0.5529107726167114,0.4607589779485245,0.7372143619530853,1.2901251299622072,0.5529107726167114,0.6450625672848984,0.8293661566212722,0.7372143619530853,0.6450625672848984,0.5529107726167114,1.1058215406258332,1.0136697459576463
2608,1.750884103303142,2.0273394873077026,0.6450625672848984,1.6587323086349548,3.7782235860032545,0.8293661566212722,1.2901251299622072,1.1979733352940203,1.0136697459576463,1.474428719298581,1.2901251299622072,1.382276924630394
2616,0.6450625672848984,1.2901251299622072,0.7372143619530853,0.9215179512894592,1.0136697459576463,0.5529107726167114,1.474428719298581,1.0136697459576463,0.5529107726167114,2.1194912819758898,1.0136697459576463,0.9215179512894592
2617,1.1058215406258332,0.6450625672848984,1.382276924630394,0.7372143619530853,0.7372143619530853,1.474428719298581,1.382276924630394,0.6450625672848984,1.2901251299622072,1.1979733352940203,1.1979733352940203,0.7372143619530853
2635,0.8293661566212722,0.8293661566212722,1.1058215406258332,1.382276924630394,0.8293661566212722,0.6450625672848984,0.6450625672848984,1.843035897971329,0.9215179512894592,1.0136697459576463,1.1979733352940203,0.9215179512894592
2637,0.7372143619530853,0.4607589779485245,0.9215179512894592,0.6450625672848984,0.5529107726167114,0.7372143619530853,0.6450625672848984,0.9215179512894592,0.5529107726167114,0.6450625672848984,1.1058215406258332,0.9215179512894592
2639,1.1058215406258332,1.0136697459576463,0.5529107726167114,0.9215179512894592,1.0136697459576463,0.9215179512894592,1.0136697459576463,0.9215179512894592,0.6450625672848984,1.1979733352940203,0.7372143619530853,0.8293661566212722
2646,0.5529107726167114,1.0136697459576463,0.9215179512894592,0.7372143619530853,0.9215179512894592,1.2901251299622072,1.474428719298581,0.5529107726167114,1.1058215406258332,1.1058215406258332,1.1058215406258332,0.9215179512894592
2650,1.1058215406258332,0.8293661566212722,1.382276924630394,1.1979733352940203,1.1058215406258332,1.382276924630394,1.2901251299622072,1.1058215406258332,1.1979733352940203,1.1979733352940203,1.0136697459576463,0.9215179512894592
2656,0.7372143619530853,0.4607589779485245,1.1979733352940203,0.9215179512894592,1.0136697459576463,0.8293661566212722,0.7372143619530853,1.474428719298581,1.474428719298581,0.7372143619530853,0.6450625672848984,0.5529107726167114
2657,0.6450625672848984,1.0136697459576463,1.1979733352940203,0.5529107726167114,1.5665805139667681,1.0136697459576463,0.8293661566212722,0.7372143619530853,0.8293661566212722,1.1979733352940203,0.9215179512894592,1.0136697459576463
2663,0.9215179512894592,0.9215179512894592,1.1058215406258332,0.6450625672848984,1.0136697459576463,0.5529107726167114,0.8293661566212722,0.8293661566212722,0.9215179512894592,1.382276924630394,1.0136697459576463,0.6450625672848984
2664,0.6450625672848984,0.9215179512894592,1.0136697459576463,1.2901251299622072,1.0136697459576463,0.8293661566212722,1.1979733352940203,1.1058215406258332,0.8293661566212722,0.7372143619530853,1.5665805139667681,0.9215179512894592
2668,0.6450625672848984,1.2901251299622072,1.1058215406258332,0.6450625672848984,0.4607589779485245,1.474428719298581,0.7372143619530853,1.0136697459576463,0.7372143619530853,1.1979733352940203,0.7372143619530853,0.9215179512894592
2672,0.8293661566212722,1.1058215406258332,0.8293661566212722,0.9215179512894592,0.9215179512894592,1.1058215406258332,1.1979733352940203,1.0136697459576463,1.0136697459576463,1.1979733352940203,1.6587323086349548,1.1058215406258332
2681,1.1058215406258332,1.2901251299622072,1.2901251299622072,0.9215179512894592,0.7372143619530853,0.8293661566212722,0.7372143619530853,0.8293661566212722,1.1979733352940203,1.1058215406258332,0.8293661566212722,0.9215179512894592
2685,1.382276924630394,0.8293661566212722,0.8293661566212722,0.5529107726167114,1.0136697459576463,1.0136697459576463,1.1058215406258332,1.5665805139667681,0.7372143619530853,0.9215179512894592,1.474428719298581,0.9215179512894592
2687,1.1058215406258332,1.1058215406258332,0.9215179512894592,1.1979733352940203,1.1979733352940203,1.2901251299622072,1.5665805139667681,1.382276924630394,1.5665805139667681,0.9215179512894592,0.9215179512894592,1.1979733352940203
2692,1.1979733352940203,0.7372143619530853,1.0136697459576463,1.1058215406258332,0.8293661566212722,1.1058215406258332,1.2901251299622072,0.8293661566212722,0.7372143619530853,1.1979733352940203,1.1058215406258332,0.7372143619530853
2702,0.4607589779485245,1.474428719298581,1.0136697459576463,0.9215179512894592,1.474428719298581,1.1058215406258332,1.382276924630394,1.1058215406258332,0.9215179512894592,1.1979733352940203,1.5665805139667681,1.1058215406258332
2710,0.8293661566212722,0.7372143619530853,0.9215179512894592,1.2901251299622072,1.1058215406258332,1.1979733352940203,0.7372143619530853,0.8293661566212722,1.1979733352940203,1.1979733352940203,1.0136697459576463,1.0136697459576463
2712,0.36860718328033754,1.1058215406258332,2.303794871312263,1.1058215406258332,0.5529107726167114,0.8293661566212722,0.6450625672848984,0.2764553886121506,0.36860718328033754,0.7372143619530853,0.8293661566212722,1.1979733352940203
2724,1.2901251299622072,1.474428719298581,1.0136697459576463,1.1979733352940203,1.1058215406258332,0.9215179512894592,1.1979733352940203,1.1058215406258332,0.9215179512894592,0.7372143619530853,1.2901251299622072,0.4607589779485245
2728,1.1979733352940203,0.9215179512894592,1.1058215406258332,1.750884103303142,0.4607589779485245,0.9215179512894592,1.0136697459576463,1.2901251299622072,0.8293661566212722,0.36860718328033754,1.0136697459576463,0.6450625672848984
2729,1.2901251299622072,0.4607589779485245,1.474428719298581,1.1979733352940203,0.9215179512894592,1.2901251299622072,1.382276924630394,0.6450625672848984,1.2901251299622072,1.1979733352940203,1.474428719298581,0.6450625672848984
2740,1.2901251299622072,0.9215179512894592,0.8293661566212722,1.382276924630394,1.1979733352940203,0.9215179512894592,0.9215179512894592,1.2901251299622072,1.382276924630394,0.6450625672848984,1.1979733352940203,1.474428719298581
2744,0.09803382872268222,0.19606765283777472,3.9213529692112896,0.09803382872268222,0.09803382872268222,0.19606765283777472,0.2941014769528672,0.19606765283777472,0.19606765283777472,0.2941014769528672,0.09803382872268222,0.19606765283777472
2749,1.1058215406258332,1.0136697459576463,1.6587323086349548,1.1058215406258332,0.6450625672848984,1.1058215406258332,0.7372143619530853,0.8293661566212722,0.9215179512894592,1.0136697459576463,0.5529107726167114,1.1058215406258332
2750,4.607589733409347e-09,4.607589733409347e-09,4.51543794334875,4.607589733409347e-09,4.607589733409347e-09,4.607589733409347e-09,4.607589733409347e-09,0.09215179927577669,4.607589733409347e-09,4.607589733409347e-09,4.607589733409347e-09,4.607589733409347e-09
2751,0.7372143619530853,1.0136697459576463,1.382276924630394,1.0136697459576463,1.1979733352940203,0.6450625672848984,1.1979733352940203,0.8293661566212722,0.8293661566212722,1.474428719298581,0.9215179512894592,1.0136697459576463
2759,0.9215179512894592,0.9215179512894592,1.1979733352940203,1.1058215406258332,0.8293661566212722,0.7372143619530853,0.7372143619530853,1.1058215406258332,0.7372143619530853,1.5665805139667681,0.7372143619530853,0.5529107726167114
2773,0.6450625672848984,1.1979733352940203,0.6450625672848984,0.7372143619530853,0.2764553886121506,1.2901251299622072,0.8293661566212722,0.8293661566212722,0.2764553886121506,0.2764553886121506,1.1979733352940203,1.0136697459576463
2776,1.1058215406258332,0.9215179512894592,1.2901251299622072,1.1058215406258332,0.7372143619530853,0.8293661566212722,1.0136697459576463,0.8293661566212722,1.0136697459576463,0.9215179512894592,0.9215179512894592,0.7372143619530853
2782,1.0136697459576463,1.0136697459576463,0.9215179512894592,1.5665805139667681,0.8293661566212722,0.8293661566212722,1.0136697459576463,1.1058215406258332,1.0136697459576463,0.9215179512894592,1.0136697459576463,1.1979733352940203
2783,0.09215179927577669,2.0273394873077026,0.09215179927577669,0.6450625672848984,0.18430359394396365,0.5529107726167114,0.4607589779485245,4.607589733409347e-09,1.1058215406258332,0.18430359394396365,0.7372143619530853,0.2764553886121506
2784,0.6450625672848984,0.18430359394396365,0.18430359394396365,1.0136697459576463,1.1058215406258332,0.8293661566212722,0.9215179512894592,0.5529107726167114,1.0136697459576463,0.8293661566212722,1.6587323086349548,0.9215179512894592
2797,0.09215179927577669,4.607589733409347e-09,4.607589733409347e-09,4.607589733409347e-09,1.1979733352940203,4.607589733409347e-09,4.607589733409347e-09,4.607589733409347e-09,4.607589733409347e-09,3.3174646126623197,4.607589733409347e-09,4.607589733409347e-09
2801,1.5665805139667681,4.607589733409347e-09,4.607589733409347e-09,1.6587323086349548,1.1979733352940203,1.1979733352940203,1.2901251299622072,1.843035897971329,1.474428719298581,0.09215179927577669,0.4607589779485245,0.09215179927577669
2807,1.1058215406258332,0.4607589779485245,0.7372143619530853,0.7372143619530853,0.8293661566212722,1.1058215406258332,0.8293661566212722,0.8293661566212722,0.5529107726167114,0.7372143619530853,0.8293661566212722,0.7372143619530853
2809,0.5235897470404701,1.0471794894733504,0.41887179855389406,1.2566153864465026,0.9424615409867745,0.6283076955270461,1.675487180392807,1.1518974379599267,0.7330256440136222,0.5235897470404701,1.675487180392807,0.5235897470404701
2817,1.1979733352940203,0.8293661566212722,0.8293661566212722,1.0136697459576463,1.1058215406258332,1.0136697459576463,0.9215179512894592,1.382276924630394,0.5529107726167114,0.5529107726167114,0.8293661566212722,1.0136697459576463
2824,0.09215179927577669,4.607589733409347e-09,4.607589733409347e-09,0.09215179927577669,1.750884103303142,0.36860718328033754,4.607589733409347e-09,0.09215179927577669,0.09215179927577669,0.09215179927577669,2.2116430766440764,4.607589733409347e-09
2831,0.2003299930166918,0.40065998142579384,3.806269784380529,0.2003299930166918,4.607589733409347e-09,0.40065998142579384,0.2003299930166918,4.607589733409347e-09,4.607589733409347e-09,0.2003299930166918,4.607589733409347e-09,4.607589733409347e-09
2839,1.474428719298581,1.0136697459576463,0.9215179512894592,0.7372143619530853,1.1979733352940203,0.9215179512894592,0.6450625672848984,1.1058215406258332,1.0136697459576463,1.1979733352940203,0.7372143619530853,1.1979733352940203
2843,1.1979733352940203,0.9215179512894592,0.6450625672848984,0.6450625672848984,1.382276924630394,0.7372143619530853,1.2901251299622072,1.474428719298581,0.4607589779485245,0.6450625672848984,0.7372143619530853,1.0136697459576463
2848,0.7372143619530853,1.1979733352940203,0.5529107726167114,0.9215179512894592,0.8293661566212722,1.6587323086349548,1.2901251299622072,0.8293661566212722,1.1058215406258332,0.9215179512894592,1.1979733352940203,0.8293661566212722
2852,1.1058215406258332,1.1979733352940203,0.6450625672848984,0.7372143619530853,1.2901251299622072,1.0136697459576463,0.8293661566212722,1.1058215406258332,0.7372143619530853,1.0136697459576463,1.2901251299622072,0.9215179512894592
2855,1.1058215406258332,0.6450625672848984,0.9215179512894592,1.1979733352940203,0.8293661566212722,0.9215179512894592,0.6450625672848984,0.5529107726167114,0.7372143619530853,1.0136697459576463,0.5529107726167114,0.9215179512894592
2863,1.382276924630394,0.8293661566212722,0.9215179512894592,1.1058215406258332,1.1058215406258332,1.0136697459576463,0.9215179512894592,1.1979733352940203,0.9215179512894592,1.474428719298581,1.0136697459576463,0.9215179512894592
2870,1.1979733352940203,2.0273394873077026,1.6587323086349548,0.9215179512894592,1.6587323086349548,0.9215179512894592,1.0136697459576463,0.9215179512894592,1.2901251299622072,1.474428719298581,1.0136697459576463,1.1979733352940203
2876,1.1058215406258332,1.5665805139667681,1.1058215406258332,0.6450625672848984,1.1058215406258332,1.0136697459576463,0.9215179512894592,0.8293661566212722,0.8293661566212722,1.0136697459576463,1.1058215406258332,0.8293661566212722
2881,0.2764553886121506,4.607589733409347e-09,0.5529107726167114,0.2764553886121506,0.2764553886121506,0.09215179927577669,0.4607589779485245,0.36860718328033754,0.8293661566212722,0.8293661566212722,1.474428719298581,1.5665805139667681
2883,1.1058215406258332,2.3959466659804503,0.5529107726167114,1.5665805139667681,0.5529107726167114,2.3959466659804503,0.5529107726167114,1.1979733352940203,0.9215179512894592,1.0136697459576463,1.1058215406258332,0.8293661566212722
2886,0.5529107726167114,1.0136697459576463,0.8293661566212722,0.5529107726167114,1.1058215406258332,1.1058215406258332,1.0136697459576463,1.474428719298581,1.1058215406258332,1.2901251299622072,0.9215179512894592,1.1979733352940203
2887,0.5529107726167114,0.8293661566212722,0.8293661566212722,1.1979733352940203,0.18430359394396365,1.0136697459576463,1.1058215406258332,0.8293661566212722,0.8293661566212722,1.382276924630394,1.474428719298581,0.8293661566212722
2892,0.7372143619530853,4.607589733409347e-09,2.856705639321385,4.607589733409347e-09,4.607589733409347e-09,4.607589733409347e-09,0.2764553886121506,0.36860718328033754,4.607589733409347e-09,0.09215179927577669,0.4607589779485245,0.4607589779485245
2893,0.7372143619530853,0.7372143619530853,0.8293661566212722,0.9215179512894592,0.6450625672848984,0.7372143619530853,1.1058215406258332,0.9215179512894592,1.1058215406258332,1.1058215406258332,1.1058215406258332,1.2901251299622072
2894,4.607589733409347e-09,4.607589733409347e-09,4.51543794334875,0.09215179927577669,4.607589733409347e-09,0.09215179927577669,4.607589733409347e-09,0.2764553886121506,4.607589733409347e-09,4.607589733409347e-09,4.607589733409347e-09,4.607589733409347e-09
2900,1.1058215406258332,1.1058215406258332,1.474428719298581,1.474428719298581,1.1058215406258332,1.1979733352940203,1.0136697459576463,0.7372143619530853,1.0136697459576463,1.1058215406258332,0.6450625672848984,0.7372143619530853
2901,1.1979733352940203,0.9215179512894592,0.9215179512894592,0.9215179512894592,1.0136697459576463,1.1058215406258332,1.2901251299622072,0.8293661566212722,1.2901251299622072,1.382276924630394,0.7372143619530853,0.6450625672848984
2910,1.1058215406258332,0.7372143619530853,0.8293661566212722,0.7372143619530853,1.0136697459576463,1.0136697459576463,0.8293661566212722,0.7372143619530853,1.1979733352940203,1.2901251299622072,0.8293661566212722,0.8293661566212722
2912,4.607589733409347e-09,3.5939199966668807,4.607589733409347e-09,0.18430359394396365,4.607589733409347e-09,0.18430359394396365,0.18430359394396365,4.607589733409347e-09,0.2764553886121506,0.4607589779485245,0.4607589779485245,4.607589733409347e-09
2920,0.7372143619530853,0.8293661566212722,1.2901251299622072,0.7372143619530853,1.0136697459576463,0.5529107726167114,1.1058215406258332,1.1979733352940203,0.7372143619530853,1.0136697459576463,1.0136697459576463,0.8293661566212722
2926,1.2901251299622072,1.0136697459576463,1.1058215406258332,1.0136697459576463,0.6450625672848984,1.0136697459576463,1.2901251299622072,0.6450625672848984,1.1979733352940203,1.1979733352940203,0.18430359394396365,0.6450625672848984
2938,1.1058215406258332,0.9215179512894592,0.8293661566212722,0.5529107726167114,1.1058215406258332,1.2901251299622072,1.0136697459576463,0.7372143619530853,0.9215179512894592,0.8293661566212722,1.0136697459576463,1.1058215406258332
2939,0.9215179512894592,2.0273394873077026,0.9215179512894592,0.8293661566212722,1.382276924630394,1.474428719298581,1.1058215406258332,1.1979733352940203,1.0136697459576463,1.2901251299622072,0.8293661566212722,1.843035897971329
2944,0.9215179512894592,4.607589733409347e-09,0.4607589779485245,0.18430359394396365,0.36860718328033754,0.6450625672848984,0.09215179927577669,0.36860718328033754,0.6450625672848984,1.843035897971329,4.607589733409347e-09,4.607589733409347e-09
2947,4.607589733409347e-09,3.9625271753396283,4.607589733409347e-09,4.607589733409347e-09,0.18430359394396365,0.6450625672848984,4.607589733409347e-09,4.607589733409347e-09,4.607589733409347e-09,4.607589733409347e-09,4.607589733409347e-09,4.607589733409347e-09
2956,0.9215179512894592,1.382276924630394,1.382276924630394,1.1979733352940203,0.5529107726167114,0.9215179512894592,1.0136697459576463,1.382276924630394,1.2901251299622072,1.1058215406258332,0.4607589779485245,0.9215179512894592
2959,0.9215179512894592,1.1058215406258332,0.4607589779485245,0.5529107726167114,0.9215179512894592,0.9215179512894592,1.474428719298581,0.6450625672848984,1.382276924630394,0.8293661566212722,1.1058215406258332,1.474428719298581
2960,0.8293661566212722,0.8293661566212722,0.6450625672848984,1.2901251299622072,0.8293661566212722,0.9215179512894592,1.2901251299622072,1.382276924630394,1.2901251299622072,0.5529107726167114,1.1979733352940203,0.8293661566212722
2966,1.2901251299622072,4.607589733409347e-09,1.1058215406258332,0.5529107726167114,4.607589733409347e-09,0.2764553886121506,0.4607589779485245,1.382276924630394,1.0136697459576463,4.607589733409347e-09,0.18430359394396365,4.607589733409347e-09
2969,1.1979733352940203,4.607589733409347e-09,4.607589733409347e-09,0.36860718328033754,0.9215179512894592,4.607589733409347e-09,0.8293661566212722,0.8293661566212722,0.6450625672848984,0.09215179927577669,3.0410092286577592,4.607589733409347e-09
2975,0.6450625672848984,0.7372143619530853,1.474428719298581,0.7372143619530853,0.9215179512894592,0.36860718328033754,0.7372143619530853,1.2901251299622072,1.0136697459576463,0.9215179512894592,0.5529107726167114,0.5529107726167114
2980,1.382276924630394,0.9215179512894592,0.8293661566212722,1.1979733352940203,0.5529107726167114,1.2901251299622072,0.8293661566212722,1.2901251299622072,0.8293661566212722,0.2764553886121506,1.2901251299622072,1.0136697459576463
2988,1.2901251299622072,0.8293661566212722,1.1979733352940203,1.0136697459576463,0.2764553886121506,1.1058215406258332,0.4607589779485245,1.0136697459576463,0.7372143619530853,1.2901251299622072,1.1058215406258332,0.7372143619530853
2989,1.0136697459576463,0.6450625672848984,1.2901251299622072,0.9215179512894592,1.2901251299622072,0.7372143619530853,0.9215179512894592,1.1058215406258332,0.5529107726167114,1.2901251299622072,0.9215179512894592,0.5529107726167114
2995,0.4607589779485245,0.4607589779485245,0.9215179512894592,1.5665805139667681,1.1979733352940203,0.8293661566212722,0.8293661566212722,1.1979733352940203,0.6450625672848984,1.1058215406258332,1.2901251299622072,1.2901251299622072
2998,0.48500945022962627,1.4550283414736995,1.5762807028792087,0.36375708882411717,0.242504727418608,0.7275141730406446,0.8487665344461537,0.8487665344461537,0.6062618116351354,1.5762807028792087,0.8487665344461537,0.8487665344461537
2999,1.2901251299622072,1.0136697459576463,0.18430359394396365,0.5529107726167114,0.7372143619530853,1.1979733352940203,1.0136697459576463,0.7372143619530853,1.0136697459576463,0.4607589779485245,1.2901251299622072,1.382276924630394
